latitude,longitude,elevation,utc_offset_seconds,timezone,timezone_abbreviation
18.38,76.54,633.0,19800,Asia/Kolkata,GMT+5:30

time,temperature_2m (°C),precipitation (mm),et0_fao_evapotranspiration (mm),relative_humidity_2m (%),wind_speed_10m (km/h),shortwave_radiation (W/m²),direct_normal_irradiance (W/m²),diffuse_radiation (W/m²)
2024-01-01T00:00,18.0,0.0,0.02,76,8.7,0.0,0.0,0.0
2024-01-01T01:00,17.3,0.0,0.02,77,8.0,0.0,0.0,0.0
2024-01-01T02:00,16.7,0.0,0.01,80,6.8,0.0,0.0,0.0
2024-01-01T03:00,15.6,0.0,0.01,85,8.1,0.0,0.0,0.0
2024-01-01T04:00,15.2,0.0,0.01,87,7.4,0.0,0.0,0.0
2024-01-01T05:00,15.2,0.0,0.01,85,6.1,0.0,0.0,0.0
2024-01-01T06:00,15.3,0.0,0.01,84,7.3,0.0,0.0,0.0
2024-01-01T07:00,16.0,0.0,0.01,84,8.4,14.0,62.8,9.0
2024-01-01T08:00,18.9,0.0,0.09,76,6.4,158.0,448.8,59.0
2024-01-01T09:00,21.8,0.0,0.23,69,7.4,363.0,656.4,90.0
2024-01-01T10:00,24.5,0.0,0.37,58,8.6,546.0,765.9,106.0
2024-01-01T11:00,26.3,0.0,0.48,47,7.6,680.0,824.2,115.0
2024-01-01T12:00,27.4,0.0,0.54,41,5.4,750.0,851.0,119.0
2024-01-01T13:00,27.9,0.0,0.54,38,4.0,748.0,853.0,118.0
2024-01-01T14:00,28.2,0.0,0.48,36,4.0,673.0,828.7,112.0
2024-01-01T15:00,28.2,0.0,0.38,34,3.9,533.0,764.9,104.0
2024-01-01T16:00,27.6,0.0,0.24,35,3.3,345.0,655.6,84.0
2024-01-01T17:00,26.7,0.0,0.08,38,1.3,140.0,435.3,53.0
2024-01-01T18:00,26.2,0.0,0.02,43,2.5,8.0,29.1,6.0
2024-01-01T19:00,22.7,0.0,0.03,55,5.6,0.0,0.0,0.0
2024-01-01T20:00,22.5,0.0,0.05,58,8.9,0.0,0.0,0.0
2024-01-01T21:00,21.7,0.0,0.03,61,5.9,0.0,0.0,0.0
2024-01-01T22:00,21.4,0.0,0.03,61,7.0,0.0,0.0,0.0
2024-01-01T23:00,21.6,0.0,0.04,60,8.2,0.0,0.0,0.0
2024-01-02T00:00,21.1,0.0,0.03,61,6.5,0.0,0.0,0.0
2024-01-02T01:00,18.6,0.0,0.02,71,6.0,0.0,0.0,0.0
2024-01-02T02:00,18.1,0.0,0.02,72,8.1,0.0,0.0,0.0
2024-01-02T03:00,17.3,0.0,0.02,75,7.8,0.0,0.0,0.0
2024-01-02T04:00,16.8,0.0,0.01,80,6.3,0.0,0.0,0.0
2024-01-02T05:00,16.7,0.0,0.01,83,7.9,0.0,0.0,0.0
2024-01-02T06:00,15.6,0.0,0.0,91,6.2,0.0,0.0,0.0
2024-01-02T07:00,16.4,0.0,0.01,89,6.3,14.0,63.3,9.0
2024-01-02T08:00,19.3,0.0,0.09,78,5.7,157.0,446.4,59.0
2024-01-02T09:00,22.2,0.0,0.23,66,6.9,362.0,657.5,89.0
2024-01-02T10:00,24.7,0.0,0.38,56,8.2,546.0,766.3,106.0
2024-01-02T11:00,26.4,0.0,0.48,48,7.9,680.0,823.9,115.0
2024-01-02T12:00,27.4,0.0,0.54,42,6.8,748.0,847.4,119.0
2024-01-02T13:00,27.9,0.0,0.54,40,6.4,745.0,846.2,119.0
2024-01-02T14:00,28.2,0.0,0.49,38,5.8,671.0,820.8,114.0
2024-01-02T15:00,28.1,0.0,0.39,37,4.8,532.0,762.2,103.0
2024-01-02T16:00,27.6,0.0,0.25,37,4.3,345.0,649.4,85.0
2024-01-02T17:00,26.6,0.0,0.1,40,2.9,141.0,430.2,54.0
2024-01-02T18:00,25.7,0.0,0.01,45,2.2,9.0,42.9,6.0
2024-01-02T19:00,22.6,0.0,0.05,58,8.3,0.0,0.0,0.0
2024-01-02T20:00,21.2,0.0,0.03,64,6.5,0.0,0.0,0.0
2024-01-02T21:00,20.6,0.0,0.02,67,6.1,0.0,0.0,0.0
2024-01-02T22:00,20.5,0.0,0.04,66,8.7,0.0,0.0,0.0
2024-01-02T23:00,20.5,0.0,0.04,66,9.1,0.0,0.0,0.0
2024-01-03T00:00,19.5,0.0,0.03,70,7.7,0.0,0.0,0.0
2024-01-03T01:00,18.6,0.0,0.02,74,6.8,0.0,0.0,0.0
2024-01-03T02:00,17.9,0.0,0.02,76,9.2,0.0,0.0,0.0
2024-01-03T03:00,17.6,0.0,0.02,74,8.9,0.0,0.0,0.0
2024-01-03T04:00,17.0,0.0,0.02,74,8.9,0.0,0.0,0.0
2024-01-03T05:00,16.8,0.0,0.02,78,9.8,0.0,0.0,0.0
2024-01-03T06:00,16.8,0.0,0.01,88,9.8,0.0,0.0,0.0
2024-01-03T07:00,17.1,0.0,0.01,90,10.2,13.0,51.0,9.0
2024-01-03T08:00,19.4,0.0,0.09,82,9.5,153.0,425.6,60.0
2024-01-03T09:00,22.1,0.0,0.23,72,11.3,356.0,636.8,92.0
2024-01-03T10:00,24.5,0.0,0.37,60,12.2,540.0,750.8,109.0
2024-01-03T11:00,26.2,0.0,0.48,52,11.0,675.0,811.9,118.0
2024-01-03T12:00,27.4,0.0,0.54,46,7.5,740.0,829.0,124.0
2024-01-03T13:00,28.1,0.0,0.53,42,4.8,736.0,823.1,126.0
2024-01-03T14:00,28.5,0.0,0.48,40,3.4,668.0,809.9,117.0
2024-01-03T15:00,28.5,0.0,0.37,39,2.9,515.0,715.2,111.0
2024-01-03T16:00,28.1,0.0,0.24,39,3.3,328.0,583.7,93.0
2024-01-03T17:00,25.8,0.0,0.1,53,4.6,125.0,342.1,55.0
2024-01-03T18:00,23.4,0.0,0.05,60,7.2,8.0,28.1,6.0
2024-01-03T19:00,22.7,0.0,0.03,61,6.4,0.0,0.0,0.0
2024-01-03T20:00,22.6,0.0,0.04,59,8.0,0.0,0.0,0.0
2024-01-03T21:00,21.9,0.0,0.04,62,7.6,0.0,0.0,0.0
2024-01-03T22:00,21.3,0.0,0.03,64,7.9,0.0,0.0,0.0
2024-01-03T23:00,21.0,0.0,0.05,66,12.2,0.0,0.0,0.0
2024-01-04T00:00,20.4,0.0,0.04,68,9.7,0.0,0.0,0.0
2024-01-04T01:00,19.6,0.0,0.03,70,9.4,0.0,0.0,0.0
2024-01-04T02:00,17.6,0.0,0.02,79,8.9,0.0,0.0,0.0
2024-01-04T03:00,18.3,0.0,0.02,72,8.2,0.0,0.0,0.0
2024-01-04T04:00,18.3,0.0,0.03,70,9.1,0.0,0.0,0.0
2024-01-04T05:00,18.0,0.0,0.03,72,8.7,0.0,0.0,0.0
2024-01-04T06:00,18.2,0.0,0.02,83,9.8,0.0,0.0,0.0
2024-01-04T07:00,18.2,0.0,0.01,87,9.5,13.0,51.3,9.0
2024-01-04T08:00,20.3,0.0,0.09,80,9.2,148.0,390.6,63.0
2024-01-04T09:00,22.5,0.0,0.22,71,11.4,341.0,584.5,99.0
2024-01-04T10:00,24.7,0.0,0.37,61,12.7,531.0,726.5,114.0
2024-01-04T11:00,26.4,0.0,0.48,52,12.3,668.0,796.8,121.0
2024-01-04T12:00,27.2,0.0,0.49,45,10.1,646.0,651.9,161.0
2024-01-04T13:00,27.9,0.0,0.51,41,7.2,678.0,697.6,160.0
2024-01-04T14:00,28.3,0.0,0.48,39,5.6,645.0,765.2,123.0
2024-01-04T15:00,28.1,0.0,0.36,38,4.8,481.0,617.3,131.0
2024-01-04T16:00,27.7,0.0,0.25,39,5.2,316.0,555.6,91.0
2024-01-04T17:00,25.7,0.0,0.1,62,5.4,129.0,362.3,54.0
2024-01-04T18:00,24.1,0.0,0.05,53,6.4,10.0,41.5,7.0
2024-01-04T19:00,25.3,0.0,0.01,46,3.0,0.0,0.0,0.0
2024-01-04T20:00,22.1,0.0,0.02,59,5.2,0.0,0.0,0.0
2024-01-04T21:00,20.5,0.0,0.03,67,7.6,0.0,0.0,0.0
2024-01-04T22:00,20.1,0.0,0.02,66,5.9,0.0,0.0,0.0
2024-01-04T23:00,20.2,0.0,0.03,66,7.4,0.0,0.0,0.0
2024-01-05T00:00,20.9,0.0,0.06,63,12.9,0.0,0.0,0.0
2024-01-05T01:00,20.5,0.0,0.04,65,9.2,0.0,0.0,0.0
2024-01-05T02:00,19.3,0.2,0.03,74,9.0,0.0,0.0,0.0
2024-01-05T03:00,18.6,0.2,0.01,81,6.4,0.0,0.0,0.0
2024-01-05T04:00,18.2,0.3,0.01,85,6.5,0.0,0.0,0.0
2024-01-05T05:00,18.6,1.1,0.0,82,1.8,0.0,0.0,0.0
2024-01-05T06:00,19.0,0.0,0.02,85,14.2,0.0,0.0,0.0
2024-01-05T07:00,18.8,0.0,0.03,87,16.3,12.0,38.7,9.0
2024-01-05T08:00,20.5,0.0,0.11,77,15.9,146.0,373.7,65.0
2024-01-05T09:00,22.0,0.0,0.19,74,14.1,269.0,367.5,117.0
2024-01-05T10:00,22.5,0.0,0.19,72,10.8,244.0,141.1,163.0
2024-01-05T11:00,23.4,0.2,0.24,68,10.2,311.0,104.8,239.0
2024-01-05T12:00,25.5,0.0,0.36,59,9.6,479.0,216.1,318.0
2024-01-05T13:00,27.2,0.0,0.49,52,8.6,668.0,650.6,184.0
2024-01-05T14:00,27.2,0.1,0.47,49,9.8,632.0,745.6,122.0
2024-01-05T15:00,27.1,0.1,0.35,45,7.2,455.0,546.4,144.0
2024-01-05T16:00,27.2,0.0,0.25,43,5.6,322.0,567.1,91.0
2024-01-05T17:00,26.2,0.0,0.08,46,1.1,131.0,362.8,55.0
2024-01-05T18:00,25.2,0.0,0.02,50,2.6,10.0,40.7,7.0
2024-01-05T19:00,21.8,0.0,0.03,66,6.6,0.0,0.0,0.0
2024-01-05T20:00,22.8,0.0,0.01,58,3.4,0.0,0.0,0.0
2024-01-05T21:00,20.5,0.0,0.02,70,5.7,0.0,0.0,0.0
2024-01-05T22:00,19.9,0.1,0.03,81,12.4,0.0,0.0,0.0
2024-01-05T23:00,20.0,0.1,0.01,83,5.4,0.0,0.0,0.0
2024-01-06T00:00,19.3,0.0,0.0,87,3.8,0.0,0.0,0.0
2024-01-06T01:00,18.1,0.0,0.0,94,3.8,0.0,0.0,0.0
2024-01-06T02:00,17.7,0.0,0.0,95,5.2,0.0,0.0,0.0
2024-01-06T03:00,16.7,0.0,0.0,97,7.6,0.0,0.0,0.0
2024-01-06T04:00,16.8,0.0,0.0,97,5.4,0.0,0.0,0.0
2024-01-06T05:00,16.6,0.0,0.0,98,5.1,0.0,0.0,0.0
2024-01-06T06:00,18.7,0.0,0.02,72,6.3,0.0,0.0,0.0
2024-01-06T07:00,18.7,0.0,0.02,72,6.4,12.0,39.0,9.0
2024-01-06T08:00,20.9,0.0,0.1,67,6.7,143.0,379.7,61.0
2024-01-06T09:00,23.1,0.0,0.24,62,9.2,345.0,605.1,95.0
2024-01-06T10:00,25.0,0.0,0.38,56,10.7,536.0,742.1,110.0
2024-01-06T11:00,26.7,0.0,0.49,48,9.6,672.0,805.7,118.0
2024-01-06T12:00,28.0,0.0,0.55,42,7.4,742.0,828.4,124.0
2024-01-06T13:00,28.6,0.0,0.51,38,5.8,675.0,696.2,156.0
2024-01-06T14:00,29.0,0.0,0.44,36,4.4,589.0,640.0,150.0
2024-01-06T15:00,29.1,0.0,0.35,34,4.1,466.0,602.0,122.0
2024-01-06T16:00,28.7,0.0,0.26,35,6.2,310.0,510.1,101.0
2024-01-06T17:00,26.9,0.0,0.14,41,7.8,124.0,320.8,56.0
2024-01-06T18:00,23.6,0.0,0.06,49,7.4,10.0,40.1,7.0
2024-01-06T19:00,22.4,0.0,0.05,52,8.4,0.0,0.0,0.0
2024-01-06T20:00,20.6,0.0,0.04,57,7.2,0.0,0.0,0.0
2024-01-06T21:00,19.5,0.0,0.03,62,7.9,0.0,0.0,0.0
2024-01-06T22:00,18.9,0.0,0.03,60,7.1,0.0,0.0,0.0
2024-01-06T23:00,19.4,0.0,0.04,57,8.7,0.0,0.0,0.0
2024-01-07T00:00,19.0,0.0,0.04,61,9.2,0.0,0.0,0.0
2024-01-07T01:00,18.6,0.0,0.04,63,8.8,0.0,0.0,0.0
2024-01-07T02:00,17.9,0.0,0.03,67,7.9,0.0,0.0,0.0
2024-01-07T03:00,17.4,0.0,0.02,70,7.1,0.0,0.0,0.0
2024-01-07T04:00,16.9,0.0,0.02,74,8.4,0.0,0.0,0.0
2024-01-07T05:00,16.7,0.0,0.02,76,8.4,0.0,0.0,0.0
2024-01-07T06:00,18.3,0.0,0.03,74,10.3,0.0,0.0,0.0
2024-01-07T07:00,19.1,0.0,0.04,74,10.8,9.0,13.1,8.0
2024-01-07T08:00,20.7,0.0,0.1,72,11.0,134.0,306.6,68.0
2024-01-07T09:00,22.5,0.0,0.23,68,13.0,340.0,564.3,107.0
2024-01-07T10:00,24.5,0.0,0.37,60,14.0,526.0,712.3,117.0
2024-01-07T11:00,26.0,0.0,0.48,52,14.3,673.0,802.1,121.0
2024-01-07T12:00,27.4,0.0,0.56,43,13.0,746.0,836.5,121.0
2024-01-07T13:00,28.4,0.0,0.58,36,13.0,746.0,836.6,121.0
2024-01-07T14:00,28.9,0.0,0.54,33,12.7,678.0,819.9,114.0
2024-01-07T15:00,28.8,0.0,0.46,31,12.6,543.0,765.2,104.0
2024-01-07T16:00,28.2,0.0,0.34,31,12.7,356.0,652.6,87.0
2024-01-07T17:00,26.4,0.0,0.18,36,10.1,151.0,443.0,56.0
2024-01-07T18:00,23.9,0.0,0.09,46,10.9,12.0,52.5,8.0
2024-01-07T19:00,22.9,0.0,0.08,50,11.7,0.0,0.0,0.0
2024-01-07T20:00,21.9,0.0,0.07,56,11.9,0.0,0.0,0.0
2024-01-07T21:00,21.3,0.0,0.06,59,12.2,0.0,0.0,0.0
2024-01-07T22:00,20.8,0.0,0.06,61,11.6,0.0,0.0,0.0
2024-01-07T23:00,20.1,0.0,0.05,63,11.1,0.0,0.0,0.0
2024-01-08T00:00,19.5,0.0,0.04,66,10.3,0.0,0.0,0.0
2024-01-08T01:00,18.8,0.0,0.03,69,9.3,0.0,0.0,0.0
2024-01-08T02:00,18.1,0.0,0.03,72,9.1,0.0,0.0,0.0
2024-01-08T03:00,17.7,0.0,0.02,74,8.9,0.0,0.0,0.0
2024-01-08T04:00,17.4,0.0,0.02,76,8.4,0.0,0.0,0.0
2024-01-08T05:00,17.2,0.0,0.02,78,8.5,0.0,0.0,0.0
2024-01-08T06:00,17.1,0.0,0.02,83,10.2,0.0,0.0,0.0
2024-01-08T07:00,17.1,0.0,0.02,84,10.5,12.0,52.5,8.0
2024-01-08T08:00,19.3,0.0,0.1,76,10.1,152.0,442.6,57.0
2024-01-08T09:00,21.9,0.0,0.24,62,12.6,359.0,656.7,88.0
2024-01-08T10:00,24.5,0.0,0.4,44,13.8,547.0,771.2,104.0
2024-01-08T11:00,26.4,0.0,0.53,36,15.1,685.0,825.9,116.0
2024-01-08T12:00,27.8,0.0,0.59,34,15.1,757.0,853.8,118.0
2024-01-08T13:00,28.8,0.0,0.6,32,15.0,754.0,849.4,118.0
2024-01-08T14:00,29.3,0.0,0.56,31,14.8,680.0,818.9,115.0
2024-01-08T15:00,29.3,0.0,0.48,30,14.3,543.0,762.2,104.0
2024-01-08T16:00,28.7,0.0,0.35,31,13.9,357.0,651.1,87.0
2024-01-08T17:00,26.9,0.0,0.18,36,10.4,152.0,442.5,56.0
2024-01-08T18:00,23.9,0.0,0.05,50,6.6,12.0,51.7,8.0
2024-01-08T19:00,23.0,0.0,0.04,54,7.4,0.0,0.0,0.0
2024-01-08T20:00,22.4,0.0,0.04,58,8.2,0.0,0.0,0.0
2024-01-08T21:00,21.2,0.0,0.03,63,6.8,0.0,0.0,0.0
2024-01-08T22:00,21.3,0.0,0.05,60,9.8,0.0,0.0,0.0
2024-01-08T23:00,20.8,0.0,0.05,62,9.5,0.0,0.0,0.0
2024-01-09T00:00,20.3,0.0,0.04,65,9.2,0.0,0.0,0.0
2024-01-09T01:00,19.9,0.0,0.04,67,9.0,0.0,0.0,0.0
2024-01-09T02:00,19.7,0.0,0.04,68,10.4,0.0,0.0,0.0
2024-01-09T03:00,19.5,0.0,0.04,71,10.3,0.0,0.0,0.0
2024-01-09T04:00,19.2,0.0,0.03,75,9.8,0.0,0.0,0.0
2024-01-09T05:00,18.8,0.0,0.02,80,8.9,0.0,0.0,0.0
2024-01-09T06:00,20.2,0.0,0.02,76,7.9,0.0,0.0,0.0
2024-01-09T07:00,20.3,0.0,0.03,77,7.6,7.0,13.2,6.0
2024-01-09T08:00,21.3,0.0,0.07,74,6.8,58.0,28.0,52.0
2024-01-09T09:00,22.1,0.0,0.1,68,6.6,90.0,0.0,90.0
2024-01-09T10:00,24.1,0.0,0.23,49,10.3,237.0,87.0,187.0
2024-01-09T11:00,27.1,0.0,0.46,29,13.2,532.0,487.1,196.0
2024-01-09T12:00,28.6,0.0,0.57,24,15.2,657.0,574.9,226.0
2024-01-09T13:00,29.2,0.0,0.56,24,14.6,636.0,554.3,220.0
2024-01-09T14:00,29.5,0.0,0.48,24,14.1,503.0,380.1,240.0
2024-01-09T15:00,29.3,0.0,0.39,23,13.8,350.0,185.0,243.0
2024-01-09T16:00,28.6,0.0,0.22,26,8.8,155.0,0.0,155.0
2024-01-09T17:00,27.3,0.0,0.14,30,7.5,62.0,0.0,62.0
2024-01-09T18:00,23.3,0.0,0.06,50,5.4,3.0,0.0,3.0
2024-01-09T19:00,22.7,0.0,0.06,41,7.9,0.0,0.0,0.0
2024-01-09T20:00,21.6,0.0,0.03,48,5.2,0.0,0.0,0.0
2024-01-09T21:00,20.1,0.0,0.01,60,4.2,0.0,0.0,0.0
2024-01-09T22:00,20.1,0.0,0.02,67,6.7,0.0,0.0,0.0
2024-01-09T23:00,19.9,0.1,0.02,72,6.9,0.0,0.0,0.0
2024-01-10T00:00,19.7,0.0,0.02,73,6.1,0.0,0.0,0.0
2024-01-10T01:00,19.1,0.0,0.02,75,6.9,0.0,0.0,0.0
2024-01-10T02:00,18.6,0.0,0.01,76,5.5,0.0,0.0,0.0
2024-01-10T03:00,17.6,0.0,0.01,80,6.6,0.0,0.0,0.0
2024-01-10T04:00,17.3,0.0,0.01,81,7.7,0.0,0.0,0.0
2024-01-10T05:00,18.1,0.0,0.01,77,6.1,0.0,0.0,0.0
2024-01-10T06:00,18.9,0.0,0.02,77,7.1,0.0,0.0,0.0
2024-01-10T07:00,19.2,0.0,0.03,80,9.2,8.0,13.2,7.0
2024-01-10T08:00,21.2,0.0,0.08,76,6.9,95.0,126.3,68.0
2024-01-10T09:00,22.8,0.0,0.14,68,7.5,158.0,67.9,130.0
2024-01-10T10:00,25.1,0.0,0.3,55,8.5,387.0,319.9,203.0
2024-01-10T11:00,26.7,0.0,0.39,45,8.3,500.0,441.6,195.0
2024-01-10T12:00,27.8,0.0,0.45,37,7.0,575.0,416.7,262.0
2024-01-10T13:00,28.3,0.0,0.4,31,7.2,483.0,297.8,259.0
2024-01-10T14:00,28.8,0.0,0.43,28,8.8,499.0,445.2,190.0
2024-01-10T15:00,29.0,0.0,0.4,28,7.5,484.0,606.2,132.0
2024-01-10T16:00,28.7,0.0,0.28,28,6.4,329.0,540.9,102.0
2024-01-10T17:00,26.1,0.0,0.13,43,5.7,144.0,364.9,63.0
2024-01-10T18:00,24.2,0.0,0.07,44,7.3,11.0,37.5,8.0
2024-01-10T19:00,24.3,0.0,0.07,42,9.3,0.0,0.0,0.0
2024-01-10T20:00,23.7,0.0,0.05,50,7.2,0.0,0.0,0.0
2024-01-10T21:00,23.5,0.0,0.06,47,8.7,0.0,0.0,0.0
2024-01-10T22:00,22.1,0.0,0.08,51,12.6,0.0,0.0,0.0
2024-01-10T23:00,21.4,0.0,0.04,54,7.9,0.0,0.0,0.0
2024-01-11T00:00,20.9,0.0,0.03,58,6.5,0.0,0.0,0.0
2024-01-11T01:00,18.9,0.0,0.03,70,8.6,0.0,0.0,0.0
2024-01-11T02:00,18.4,0.0,0.02,73,7.9,0.0,0.0,0.0
2024-01-11T03:00,18.0,0.0,0.02,76,8.0,0.0,0.0,0.0
2024-01-11T04:00,17.7,0.0,0.02,78,7.7,0.0,0.0,0.0
2024-01-11T05:00,18.6,0.0,0.01,75,5.4,0.0,0.0,0.0
2024-01-11T06:00,18.1,0.0,0.02,76,8.5,0.0,0.0,0.0
2024-01-11T07:00,18.9,0.0,0.03,74,9.8,11.0,39.8,8.0
2024-01-11T08:00,21.6,0.0,0.11,68,10.0,145.0,412.4,57.0
2024-01-11T09:00,24.4,0.0,0.25,59,10.3,348.0,625.3,90.0
2024-01-11T10:00,26.8,0.0,0.4,48,9.2,534.0,739.9,108.0
2024-01-11T11:00,28.2,0.0,0.49,41,6.8,664.0,776.4,127.0
2024-01-11T12:00,29.3,0.0,0.55,36,4.8,737.0,800.0,135.0
2024-01-11T13:00,29.9,0.0,0.55,33,3.0,746.0,822.2,126.0
2024-01-11T14:00,30.3,0.0,0.49,32,1.6,681.0,811.5,116.0
2024-01-11T15:00,30.3,0.0,0.39,31,1.6,548.0,759.8,105.0
2024-01-11T16:00,29.8,0.0,0.27,32,3.7,364.0,651.4,89.0
2024-01-11T17:00,27.6,0.0,0.15,42,6.6,159.0,445.5,59.0
2024-01-11T18:00,25.8,0.0,0.1,41,9.7,14.0,61.6,9.0
2024-01-11T19:00,25.1,0.0,0.04,43,5.8,0.0,0.0,0.0
2024-01-11T20:00,22.2,0.0,0.05,56,8.2,0.0,0.0,0.0
2024-01-11T21:00,22.1,0.0,0.03,60,7.0,0.0,0.0,0.0
2024-01-11T22:00,20.3,0.0,0.03,69,9.2,0.0,0.0,0.0
2024-01-11T23:00,19.8,0.0,0.03,71,7.7,0.0,0.0,0.0
2024-01-12T00:00,19.2,0.0,0.02,74,8.4,0.0,0.0,0.0
2024-01-12T01:00,19.5,0.0,0.02,71,6.4,0.0,0.0,0.0
2024-01-12T02:00,17.8,0.0,0.02,78,8.7,0.0,0.0,0.0
2024-01-12T03:00,17.8,0.0,0.01,76,6.6,0.0,0.0,0.0
2024-01-12T04:00,16.8,0.0,0.01,81,7.4,0.0,0.0,0.0
2024-01-12T05:00,18.4,0.0,0.01,71,3.9,0.0,0.0,0.0
2024-01-12T06:00,17.7,0.0,0.02,74,7.4,0.0,0.0,0.0
2024-01-12T07:00,18.4,0.0,0.02,72,5.8,11.0,53.2,7.0
2024-01-12T08:00,20.7,0.0,0.09,69,4.0,149.0,431.7,57.0
2024-01-12T09:00,23.8,0.0,0.23,63,4.7,356.0,644.4,90.0
2024-01-12T10:00,26.5,0.0,0.39,55,6.4,543.0,756.5,107.0
2024-01-12T11:00,28.4,0.0,0.51,45,7.9,681.0,812.7,118.0
2024-01-12T12:00,29.4,0.0,0.57,41,7.1,755.0,838.2,123.0
2024-01-12T13:00,30.1,0.0,0.57,38,5.5,758.0,840.0,123.0
2024-01-12T14:00,30.3,0.0,0.52,36,5.9,689.0,814.6,120.0
2024-01-12T15:00,30.1,0.0,0.43,35,6.9,554.0,760.1,109.0
2024-01-12T16:00,29.6,0.0,0.3,35,6.9,364.0,638.2,93.0
2024-01-12T17:00,27.1,0.0,0.13,51,5.4,160.0,440.6,60.0
2024-01-12T18:00,25.1,0.0,0.06,50,6.8,15.0,60.6,10.0
2024-01-12T19:00,24.4,0.0,0.05,55,8.7,0.0,0.0,0.0
2024-01-12T20:00,22.4,0.0,0.03,63,6.4,0.0,0.0,0.0
2024-01-12T21:00,23.5,0.0,0.03,58,6.3,0.0,0.0,0.0
2024-01-12T22:00,22.0,0.0,0.02,65,5.4,0.0,0.0,0.0
2024-01-12T23:00,21.1,0.0,0.03,66,8.4,0.0,0.0,0.0
2024-01-13T00:00,20.9,0.0,0.03,66,8.3,0.0,0.0,0.0
2024-01-13T01:00,21.1,0.0,0.03,64,7.3,0.0,0.0,0.0
2024-01-13T02:00,20.3,0.0,0.03,71,8.2,0.0,0.0,0.0
2024-01-13T03:00,20.1,0.0,0.01,70,4.6,0.0,0.0,0.0
2024-01-13T04:00,21.1,0.0,0.01,63,3.3,0.0,0.0,0.0
2024-01-13T05:00,18.4,0.0,0.02,76,8.8,0.0,0.0,0.0
2024-01-13T06:00,19.0,0.0,0.01,76,6.0,0.0,0.0,0.0
2024-01-13T07:00,19.5,0.0,0.02,77,6.0,10.0,40.0,7.0
2024-01-13T08:00,22.3,0.0,0.1,69,6.5,142.0,375.6,62.0
2024-01-13T09:00,24.8,0.0,0.25,63,8.3,351.0,627.1,92.0
2024-01-13T10:00,27.1,0.0,0.39,54,8.4,540.0,746.9,109.0
2024-01-13T11:00,28.7,0.0,0.5,45,5.0,681.0,809.9,119.0
2024-01-13T12:00,29.9,0.0,0.56,39,4.7,752.0,827.2,127.0
2024-01-13T13:00,30.3,0.0,0.53,37,7.0,677.0,666.3,172.0
2024-01-13T14:00,30.5,0.0,0.48,36,8.3,590.0,528.0,220.0
2024-01-13T15:00,30.2,0.0,0.41,35,8.4,492.0,563.0,161.0
2024-01-13T16:00,29.5,0.0,0.25,37,6.1,282.0,320.7,145.0
2024-01-13T17:00,27.8,0.0,0.1,62,0.8,153.0,392.3,63.0
2024-01-13T18:00,26.5,0.0,0.09,46,9.6,13.0,47.8,9.0
2024-01-13T19:00,25.2,0.0,0.05,50,7.6,0.0,0.0,0.0
2024-01-13T20:00,24.3,0.0,0.05,55,7.6,0.0,0.0,0.0
2024-01-13T21:00,23.0,0.0,0.04,60,7.7,0.0,0.0,0.0
2024-01-13T22:00,22.0,0.0,0.05,62,10.3,0.0,0.0,0.0
2024-01-13T23:00,21.3,0.0,0.04,64,9.2,0.0,0.0,0.0
2024-01-14T00:00,20.3,0.0,0.02,66,6.5,0.0,0.0,0.0
2024-01-14T01:00,18.7,0.0,0.03,73,9.7,0.0,0.0,0.0
2024-01-14T02:00,18.5,0.0,0.03,73,8.7,0.0,0.0,0.0
2024-01-14T03:00,19.6,0.0,0.02,67,5.4,0.0,0.0,0.0
2024-01-14T04:00,17.4,0.0,0.02,77,7.2,0.0,0.0,0.0
2024-01-14T05:00,17.0,0.0,0.02,79,8.9,0.0,0.0,0.0
2024-01-14T06:00,17.4,0.0,0.01,82,7.6,0.0,0.0,0.0
2024-01-14T07:00,19.1,0.0,0.01,73,2.6,11.0,53.4,7.0
2024-01-14T08:00,21.0,0.0,0.09,69,3.4,150.0,436.7,57.0
2024-01-14T09:00,24.5,0.0,0.23,58,0.5,359.0,655.6,88.0
2024-01-14T10:00,27.3,0.0,0.39,46,3.3,552.0,773.6,105.0
2024-01-14T11:00,28.8,0.0,0.48,34,1.0,695.0,835.8,114.0
2024-01-14T12:00,29.6,0.0,0.56,32,3.5,771.0,861.0,119.0
2024-01-14T13:00,30.2,0.0,0.58,32,4.8,773.0,861.9,118.0
2024-01-14T14:00,30.4,0.0,0.54,31,6.7,702.0,836.4,114.0
2024-01-14T15:00,30.1,0.0,0.45,33,7.8,565.0,779.1,105.0
2024-01-14T16:00,29.6,0.0,0.3,35,5.7,377.0,667.9,90.0
2024-01-14T17:00,27.6,0.0,0.13,47,4.7,167.0,457.0,61.0
2024-01-14T18:00,25.9,0.0,0.1,45,10.8,16.0,70.6,10.0
2024-01-14T19:00,24.3,0.0,0.06,50,9.0,0.0,0.0,0.0
2024-01-14T20:00,23.1,0.0,0.05,55,8.0,0.0,0.0,0.0
2024-01-14T21:00,22.3,0.0,0.04,58,7.8,0.0,0.0,0.0
2024-01-14T22:00,21.6,0.0,0.04,60,7.6,0.0,0.0,0.0
2024-01-14T23:00,21.9,0.0,0.07,58,13.0,0.0,0.0,0.0
2024-01-15T00:00,20.8,0.0,0.05,57,9.4,0.0,0.0,0.0
2024-01-15T01:00,19.6,0.0,0.04,60,9.1,0.0,0.0,0.0
2024-01-15T02:00,18.6,0.0,0.03,64,7.3,0.0,0.0,0.0
2024-01-15T03:00,17.8,0.0,0.03,66,7.4,0.0,0.0,0.0
2024-01-15T04:00,17.3,0.0,0.03,65,7.4,0.0,0.0,0.0
2024-01-15T05:00,16.8,0.0,0.02,65,6.5,0.0,0.0,0.0
2024-01-15T06:00,16.1,0.0,0.02,67,6.0,0.0,0.0,0.0
2024-01-15T07:00,16.5,0.0,0.02,66,5.6,11.0,53.4,7.0
2024-01-15T08:00,19.3,0.0,0.1,57,5.7,152.0,450.7,56.0
2024-01-15T09:00,22.3,0.0,0.24,46,5.7,364.0,666.9,88.0
2024-01-15T10:00,24.6,0.0,0.38,38,4.5,557.0,782.7,104.0
2024-01-15T11:00,26.5,0.0,0.48,34,3.0,700.0,841.4,114.0
2024-01-15T12:00,27.7,0.0,0.54,32,2.2,777.0,867.0,119.0
2024-01-15T13:00,28.6,0.0,0.56,31,4.0,781.0,870.0,118.0
2024-01-15T14:00,29.1,0.0,0.53,30,6.1,712.0,846.3,115.0
2024-01-15T15:00,29.2,0.0,0.45,30,8.0,575.0,792.7,105.0
2024-01-15T16:00,28.6,0.0,0.32,31,8.6,387.0,689.3,89.0
2024-01-15T17:00,26.2,0.0,0.13,43,4.7,174.0,486.2,60.0
2024-01-15T18:00,22.8,0.0,0.07,50,9.3,18.0,81.1,11.0
2024-01-15T19:00,22.9,0.0,0.03,48,5.2,0.0,0.0,0.0
2024-01-15T20:00,20.2,0.0,0.04,56,7.3,0.0,0.0,0.0
2024-01-15T21:00,19.1,0.0,0.05,58,10.0,0.0,0.0,0.0
2024-01-15T22:00,19.3,0.0,0.04,53,7.6,0.0,0.0,0.0
2024-01-15T23:00,18.8,0.0,0.05,52,9.0,0.0,0.0,0.0
2024-01-16T00:00,18.2,0.0,0.04,54,8.2,0.0,0.0,0.0
2024-01-16T01:00,17.7,0.0,0.02,56,4.6,0.0,0.0,0.0
2024-01-16T02:00,16.8,0.0,0.03,59,6.9,0.0,0.0,0.0
2024-01-16T03:00,16.2,0.0,0.03,59,6.8,0.0,0.0,0.0
2024-01-16T04:00,15.7,0.0,0.03,60,8.0,0.0,0.0,0.0
2024-01-16T05:00,14.6,0.0,0.02,66,6.9,0.0,0.0,0.0
2024-01-16T06:00,14.0,0.0,0.02,74,6.8,0.0,0.0,0.0
2024-01-16T07:00,14.6,0.0,0.01,79,5.2,11.0,53.4,7.0
2024-01-16T08:00,18.1,0.0,0.09,60,3.9,153.0,445.8,58.0
2024-01-16T09:00,21.8,0.0,0.23,50,3.9,366.0,668.5,89.0
2024-01-16T10:00,24.9,0.0,0.39,42,6.4,558.0,779.7,106.0
2024-01-16T11:00,26.9,0.0,0.51,40,8.4,699.0,833.9,117.0
2024-01-16T12:00,28.4,0.0,0.57,38,7.4,776.0,859.6,122.0
2024-01-16T13:00,29.4,0.0,0.58,37,6.8,779.0,861.0,121.0
2024-01-16T14:00,29.8,0.0,0.55,36,8.2,708.0,834.9,117.0
2024-01-16T15:00,29.6,0.0,0.46,37,9.4,570.0,775.8,108.0
2024-01-16T16:00,29.0,0.0,0.32,38,9.4,379.0,657.5,93.0
2024-01-16T17:00,27.5,0.0,0.15,44,6.4,170.0,447.1,64.0
2024-01-16T18:00,24.2,0.0,0.06,53,8.1,18.0,79.9,11.0
2024-01-16T19:00,23.7,0.0,0.05,54,7.7,0.0,0.0,0.0
2024-01-16T20:00,22.1,0.0,0.05,59,8.8,0.0,0.0,0.0
2024-01-16T21:00,21.6,0.0,0.03,58,6.6,0.0,0.0,0.0
2024-01-16T22:00,21.2,0.0,0.04,60,7.4,0.0,0.0,0.0
2024-01-16T23:00,19.6,0.0,0.04,68,10.2,0.0,0.0,0.0
2024-01-17T00:00,19.4,0.0,0.03,67,8.7,0.0,0.0,0.0
2024-01-17T01:00,19.4,0.0,0.03,66,7.1,0.0,0.0,0.0
2024-01-17T02:00,19.2,0.0,0.02,66,6.8,0.0,0.0,0.0
2024-01-17T03:00,19.0,0.0,0.03,65,7.2,0.0,0.0,0.0
2024-01-17T04:00,19.9,0.0,0.06,58,11.8,0.0,0.0,0.0
2024-01-17T05:00,20.0,0.0,0.06,60,12.0,0.0,0.0,0.0
2024-01-17T06:00,19.1,0.0,0.04,68,10.1,0.0,0.0,0.0
2024-01-17T07:00,19.1,0.0,0.04,68,9.1,11.0,53.4,7.0
2024-01-17T08:00,21.9,0.0,0.13,60,11.6,151.0,436.0,58.0
2024-01-17T09:00,24.5,0.0,0.29,50,14.1,362.0,655.4,90.0
2024-01-17T10:00,26.9,0.0,0.45,42,15.9,556.0,773.1,107.0
2024-01-17T11:00,28.4,0.0,0.56,37,15.4,699.0,832.1,117.0
2024-01-17T12:00,29.2,0.0,0.62,35,15.2,776.0,858.8,121.0
2024-01-17T13:00,29.5,0.0,0.62,35,15.0,780.0,858.5,122.0
2024-01-17T14:00,29.6,0.0,0.57,34,13.5,710.0,832.0,119.0
2024-01-17T15:00,29.5,0.0,0.48,34,12.8,574.0,779.0,108.0
2024-01-17T16:00,29.0,0.0,0.34,35,10.9,387.0,674.0,92.0
2024-01-17T17:00,27.3,0.0,0.14,44,4.7,175.0,467.3,63.0
2024-01-17T18:00,24.6,0.0,0.05,52,6.4,19.0,78.8,12.0
2024-01-17T19:00,23.8,0.0,0.04,55,6.3,0.0,0.0,0.0
2024-01-17T20:00,24.6,0.0,0.01,52,3.2,0.0,0.0,0.0
2024-01-17T21:00,22.5,0.0,0.04,59,8.4,0.0,0.0,0.0
2024-01-17T22:00,21.8,0.0,0.03,60,6.4,0.0,0.0,0.0
2024-01-17T23:00,21.7,0.0,0.03,63,7.6,0.0,0.0,0.0
2024-01-18T00:00,21.7,0.0,0.03,64,6.7,0.0,0.0,0.0
2024-01-18T01:00,22.3,0.0,0.03,59,6.7,0.0,0.0,0.0
2024-01-18T02:00,21.7,0.0,0.04,60,7.3,0.0,0.0,0.0
2024-01-18T03:00,18.7,0.0,0.02,74,8.2,0.0,0.0,0.0
2024-01-18T04:00,18.3,0.0,0.01,74,6.0,0.0,0.0,0.0
2024-01-18T05:00,17.8,0.0,0.02,74,6.2,0.0,0.0,0.0
2024-01-18T06:00,16.7,0.0,0.01,79,6.5,0.0,0.0,0.0
2024-01-18T07:00,17.3,0.0,0.0,80,2.8,11.0,40.0,8.0
2024-01-18T08:00,20.0,0.0,0.08,64,1.9,144.0,379.2,63.0
2024-01-18T09:00,22.2,0.0,0.22,56,2.3,355.0,623.0,96.0
2024-01-18T10:00,24.2,0.0,0.36,51,1.4,547.0,742.3,115.0
2024-01-18T11:00,25.9,0.0,0.47,47,2.3,690.0,803.1,127.0
2024-01-18T12:00,27.4,0.0,0.55,40,4.7,771.0,842.1,127.0
2024-01-18T13:00,28.7,0.0,0.57,34,10.5,741.0,755.7,160.0
2024-01-18T14:00,28.7,0.0,0.54,34,11.5,685.0,758.8,144.0
2024-01-18T15:00,28.5,0.0,0.44,34,9.7,547.0,695.6,129.0
2024-01-18T16:00,28.1,0.0,0.31,35,7.9,381.0,642.6,98.0
2024-01-18T17:00,26.5,0.0,0.13,43,4.0,177.0,462.2,65.0
2024-01-18T18:00,24.0,0.0,0.06,46,7.1,20.0,88.7,12.0
2024-01-18T19:00,22.3,0.0,0.03,53,5.9,0.0,0.0,0.0
2024-01-18T20:00,21.5,0.0,0.03,55,6.5,0.0,0.0,0.0
2024-01-18T21:00,21.2,0.0,0.04,55,6.8,0.0,0.0,0.0
2024-01-18T22:00,21.3,0.0,0.05,55,8.9,0.0,0.0,0.0
2024-01-18T23:00,20.4,0.0,0.02,59,4.5,0.0,0.0,0.0
2024-01-19T00:00,19.2,0.0,0.03,65,7.7,0.0,0.0,0.0
2024-01-19T01:00,19.2,0.0,0.0,63,2.5,0.0,0.0,0.0
2024-01-19T02:00,18.8,0.0,0.01,66,3.4,0.0,0.0,0.0
2024-01-19T03:00,17.6,0.0,0.03,69,7.7,0.0,0.0,0.0
2024-01-19T04:00,17.4,0.0,0.02,69,6.3,0.0,0.0,0.0
2024-01-19T05:00,17.0,0.0,0.02,71,6.6,0.0,0.0,0.0
2024-01-19T06:00,15.8,0.0,0.02,80,8.2,0.0,0.0,0.0
2024-01-19T07:00,16.2,0.0,0.01,83,5.3,11.0,39.9,8.0
2024-01-19T08:00,19.1,0.0,0.09,68,5.2,149.0,425.4,58.0
2024-01-19T09:00,21.7,0.0,0.23,63,4.7,358.0,633.9,94.0
2024-01-19T10:00,24.4,0.0,0.37,54,6.5,550.0,752.8,111.0
2024-01-19T11:00,26.6,0.0,0.5,45,7.0,696.0,818.3,121.0
2024-01-19T12:00,28.2,0.0,0.57,38,6.5,776.0,850.3,124.0
2024-01-19T13:00,29.5,0.0,0.58,33,9.2,740.0,762.5,152.0
2024-01-19T14:00,30.0,0.0,0.57,30,12.5,688.0,750.5,151.0
2024-01-19T15:00,29.5,0.0,0.47,30,13.8,529.0,639.4,143.0
2024-01-19T16:00,29.3,0.0,0.32,30,8.2,370.0,582.2,112.0
2024-01-19T17:00,27.4,0.0,0.14,55,5.0,181.0,477.6,64.0
2024-01-19T18:00,24.5,0.0,0.08,50,9.4,18.0,65.6,12.0
2024-01-19T19:00,26.5,0.0,0.02,40,3.5,0.0,0.0,0.0
2024-01-19T20:00,24.8,0.0,0.02,47,4.1,0.0,0.0,0.0
2024-01-19T21:00,22.9,0.0,0.02,53,4.1,0.0,0.0,0.0
2024-01-19T22:00,21.9,0.0,0.01,57,3.6,0.0,0.0,0.0
2024-01-19T23:00,22.3,0.0,0.02,56,5.1,0.0,0.0,0.0
2024-01-20T00:00,21.4,0.0,0.01,61,3.3,0.0,0.0,0.0
2024-01-20T01:00,21.1,0.0,0.02,60,4.3,0.0,0.0,0.0
2024-01-20T02:00,20.9,0.0,0.02,60,5.5,0.0,0.0,0.0
2024-01-20T03:00,21.5,0.0,0.04,57,7.2,0.0,0.0,0.0
2024-01-20T04:00,21.0,0.0,0.03,58,6.5,0.0,0.0,0.0
2024-01-20T05:00,20.6,0.0,0.04,58,8.3,0.0,0.0,0.0
2024-01-20T06:00,20.1,0.0,0.03,66,7.8,0.0,0.0,0.0
2024-01-20T07:00,20.3,0.0,0.04,67,9.7,11.0,39.9,8.0
2024-01-20T08:00,22.8,0.0,0.12,62,8.7,146.0,401.2,60.0
2024-01-20T09:00,25.2,0.0,0.28,55,13.9,350.0,601.4,99.0
2024-01-20T10:00,27.3,0.0,0.44,46,18.6,536.0,699.7,127.0
2024-01-20T11:00,28.6,0.0,0.52,41,18.5,624.0,600.5,201.0
2024-01-20T12:00,29.0,0.0,0.51,38,17.1,578.0,461.7,223.0
2024-01-20T13:00,29.5,0.0,0.52,36,16.1,587.0,477.0,218.0
2024-01-20T14:00,29.9,0.0,0.51,34,15.3,569.0,527.7,190.0
2024-01-20T15:00,29.9,0.0,0.46,33,15.1,493.0,577.1,143.0
2024-01-20T16:00,29.6,0.0,0.36,33,14.2,359.0,565.1,107.0
2024-01-20T17:00,28.1,0.0,0.18,37,8.7,165.0,395.7,67.0
2024-01-20T18:00,26.1,0.0,0.09,42,8.2,19.0,64.6,13.0
2024-01-20T19:00,24.2,0.0,0.05,52,7.8,0.0,0.0,0.0
2024-01-20T20:00,23.6,0.0,0.03,52,5.9,0.0,0.0,0.0
2024-01-20T21:00,22.5,0.0,0.04,59,6.9,0.0,0.0,0.0
2024-01-20T22:00,22.0,0.0,0.03,59,5.9,0.0,0.0,0.0
2024-01-20T23:00,20.8,0.0,0.03,64,7.4,0.0,0.0,0.0
2024-01-21T00:00,20.8,0.0,0.03,60,6.9,0.0,0.0,0.0
2024-01-21T01:00,21.6,0.0,0.05,59,10.0,0.0,0.0,0.0
2024-01-21T02:00,20.2,0.0,0.04,69,10.5,0.0,0.0,0.0
2024-01-21T03:00,19.3,0.0,0.03,76,9.8,0.0,0.0,0.0
2024-01-21T04:00,18.8,0.0,0.02,80,10.1,0.0,0.0,0.0
2024-01-21T05:00,18.4,0.0,0.01,83,7.2,0.0,0.0,0.0
2024-01-21T06:00,17.4,0.0,0.0,89,5.2,0.0,0.0,0.0
2024-01-21T07:00,17.9,0.0,0.01,86,6.3,10.0,39.8,7.0
2024-01-21T08:00,20.0,0.0,0.09,75,8.8,137.0,330.4,66.0
2024-01-21T09:00,22.5,0.0,0.23,64,9.0,337.0,530.7,115.0
2024-01-21T10:00,24.8,0.0,0.37,57,8.7,526.0,653.7,143.0
2024-01-21T11:00,26.4,0.0,0.49,52,8.2,686.0,784.5,132.0
2024-01-21T12:00,27.7,0.0,0.55,48,4.0,763.0,807.9,140.0
2024-01-21T13:00,28.4,0.0,0.49,44,0.7,689.0,641.6,191.0
2024-01-21T14:00,28.5,0.0,0.39,42,3.7,515.0,388.4,235.0
2024-01-21T15:00,29.1,0.0,0.39,40,4.0,522.0,622.1,143.0
2024-01-21T16:00,29.0,0.0,0.27,39,4.3,361.0,550.4,114.0
2024-01-21T17:00,27.5,0.0,0.12,53,3.3,163.0,355.6,74.0
2024-01-21T18:00,25.4,0.0,0.06,50,5.7,18.0,53.1,13.0
2024-01-21T19:00,23.9,0.0,0.03,54,6.1,0.0,0.0,0.0
2024-01-21T20:00,22.6,0.0,0.03,62,7.0,0.0,0.0,0.0
2024-01-21T21:00,21.1,0.0,0.02,75,7.6,0.0,0.0,0.0
2024-01-21T22:00,20.3,0.0,0.02,79,7.3,0.0,0.0,0.0
2024-01-21T23:00,19.6,0.0,0.01,83,6.9,0.0,0.0,0.0
2024-01-22T00:00,19.8,0.0,0.02,78,7.2,0.0,0.0,0.0
2024-01-22T01:00,19.8,0.0,0.03,74,10.2,0.0,0.0,0.0
2024-01-22T02:00,19.4,0.0,0.03,72,10.1,0.0,0.0,0.0
2024-01-22T03:00,18.6,0.0,0.03,73,9.5,0.0,0.0,0.0
2024-01-22T04:00,18.0,0.0,0.02,74,7.9,0.0,0.0,0.0
2024-01-22T05:00,17.5,0.0,0.01,75,6.1,0.0,0.0,0.0
2024-01-22T06:00,16.4,0.0,0.02,81,8.7,0.0,0.0,0.0
2024-01-22T07:00,17.7,0.0,0.02,75,5.9,11.0,39.6,8.0
2024-01-22T08:00,20.0,0.0,0.09,66,4.6,147.0,394.5,62.0
2024-01-22T09:00,22.8,0.0,0.24,59,6.2,355.0,615.3,97.0
2024-01-22T10:00,25.5,0.0,0.38,54,7.4,546.0,723.6,121.0
2024-01-22T11:00,27.5,0.0,0.51,50,9.3,694.0,799.3,128.0
2024-01-22T12:00,29.4,0.0,0.6,42,13.0,772.0,821.1,137.0
2024-01-22T13:00,30.3,0.0,0.62,38,15.5,752.0,764.1,157.0
2024-01-22T14:00,30.6,0.0,0.59,36,14.7,708.0,790.4,136.0
2024-01-22T15:00,30.6,0.0,0.5,35,14.2,581.0,758.0,117.0
2024-01-22T16:00,30.1,0.0,0.37,36,13.5,392.0,648.8,99.0
2024-01-22T17:00,28.8,0.0,0.19,40,9.2,180.0,430.8,71.0
2024-01-22T18:00,25.3,0.0,0.06,52,7.4,23.0,94.2,14.0
2024-01-22T19:00,23.6,0.0,0.05,60,9.4,0.0,0.0,0.0
2024-01-22T20:00,23.4,0.0,0.02,59,5.2,0.0,0.0,0.0
2024-01-22T21:00,22.4,0.0,0.03,65,7.6,0.0,0.0,0.0
2024-01-22T22:00,21.1,0.0,0.02,70,6.9,0.0,0.0,0.0
2024-01-22T23:00,21.2,0.0,0.03,66,6.8,0.0,0.0,0.0
2024-01-23T00:00,20.2,0.0,0.02,68,6.1,0.0,0.0,0.0
2024-01-23T01:00,20.0,0.0,0.03,70,8.2,0.0,0.0,0.0
2024-01-23T02:00,19.5,0.0,0.03,75,10.3,0.0,0.0,0.0
2024-01-23T03:00,19.0,0.0,0.03,76,12.9,0.0,0.0,0.0
2024-01-23T04:00,18.5,0.0,0.03,76,12.1,0.0,0.0,0.0
2024-01-23T05:00,17.8,0.0,0.02,77,8.5,0.0,0.0,0.0
2024-01-23T06:00,17.2,0.0,0.01,81,7.1,0.0,0.0,0.0
2024-01-23T07:00,17.2,0.0,0.01,84,3.8,11.0,39.5,8.0
2024-01-23T08:00,19.3,0.0,0.08,71,2.4,144.0,351.6,68.0
2024-01-23T09:00,21.7,0.0,0.22,61,3.9,356.0,604.1,102.0
2024-01-23T10:00,24.0,0.0,0.37,54,5.0,552.0,728.5,123.0
2024-01-23T11:00,25.9,0.0,0.49,50,5.9,703.0,812.6,126.0
2024-01-23T12:00,27.2,0.0,0.55,45,2.5,785.0,847.0,128.0
2024-01-23T13:00,28.1,0.0,0.57,41,2.9,792.0,847.3,130.0
2024-01-23T14:00,28.9,0.0,0.53,37,5.1,720.0,806.6,134.0
2024-01-23T15:00,29.2,0.0,0.45,34,7.2,589.0,767.5,117.0
2024-01-23T16:00,28.8,0.0,0.33,33,7.6,406.0,686.6,94.0
2024-01-23T17:00,26.8,0.0,0.14,51,4.3,190.0,473.2,69.0
2024-01-23T18:00,23.9,0.0,0.05,54,6.6,24.0,82.6,16.0
2024-01-23T19:00,23.1,0.0,0.05,56,7.9,0.0,0.0,0.0
2024-01-23T20:00,22.2,0.0,0.05,60,9.9,0.0,0.0,0.0
2024-01-23T21:00,21.5,0.0,0.05,60,9.4,0.0,0.0,0.0
2024-01-23T22:00,20.7,0.0,0.04,60,8.0,0.0,0.0,0.0
2024-01-23T23:00,20.2,0.0,0.07,60,14.5,0.0,0.0,0.0
2024-01-24T00:00,19.0,0.0,0.05,63,10.5,0.0,0.0,0.0
2024-01-24T01:00,17.9,0.0,0.03,65,8.8,0.0,0.0,0.0
2024-01-24T02:00,17.4,0.0,0.04,64,10.1,0.0,0.0,0.0
2024-01-24T03:00,16.9,0.0,0.05,63,11.3,0.0,0.0,0.0
2024-01-24T04:00,16.4,0.0,0.04,63,9.2,0.0,0.0,0.0
2024-01-24T05:00,15.7,0.0,0.02,64,7.0,0.0,0.0,0.0
2024-01-24T06:00,14.6,0.0,0.01,74,5.9,0.0,0.0,0.0
2024-01-24T07:00,15.2,0.0,0.03,71,9.1,11.0,52.4,7.0
2024-01-24T08:00,17.7,0.0,0.11,60,9.0,154.0,442.6,58.0
2024-01-24T09:00,20.5,0.0,0.25,50,10.6,370.0,659.4,92.0
2024-01-24T10:00,22.8,0.0,0.4,42,13.5,568.0,773.9,111.0
2024-01-24T11:00,24.3,0.0,0.51,39,13.9,716.0,835.6,121.0
2024-01-24T12:00,25.4,0.0,0.57,37,13.0,796.0,857.3,129.0
2024-01-24T13:00,26.1,0.0,0.58,36,10.5,805.0,861.0,130.0
2024-01-24T14:00,26.5,0.0,0.53,35,8.4,729.0,800.8,145.0
2024-01-24T15:00,26.5,0.0,0.44,35,7.6,606.0,799.5,112.0
2024-01-24T16:00,26.1,0.0,0.32,35,7.8,416.0,704.2,94.0
2024-01-24T17:00,24.6,0.0,0.17,40,7.3,199.0,514.7,66.0
2024-01-24T18:00,22.2,0.0,0.07,49,8.4,26.0,112.0,15.0
2024-01-24T19:00,21.3,0.0,0.08,49,11.9,0.0,0.0,0.0
2024-01-24T20:00,20.4,0.0,0.07,48,11.6,0.0,0.0,0.0
2024-01-24T21:00,19.8,0.0,0.07,47,11.3,0.0,0.0,0.0
2024-01-24T22:00,19.2,0.0,0.08,46,11.8,0.0,0.0,0.0
2024-01-24T23:00,18.3,0.0,0.08,42,12.6,0.0,0.0,0.0
2024-01-25T00:00,17.5,0.0,0.07,41,11.2,0.0,0.0,0.0
2024-01-25T01:00,16.7,0.0,0.05,42,8.2,0.0,0.0,0.0
2024-01-25T02:00,15.9,0.0,0.05,44,7.9,0.0,0.0,0.0
2024-01-25T03:00,15.5,0.0,0.05,44,7.9,0.0,0.0,0.0
2024-01-25T04:00,14.9,0.0,0.05,46,8.4,0.0,0.0,0.0
2024-01-25T05:00,14.3,0.0,0.05,47,8.7,0.0,0.0,0.0
2024-01-25T06:00,13.8,0.0,0.03,58,7.6,0.0,0.0,0.0
2024-01-25T07:00,14.0,0.0,0.04,58,9.0,12.0,52.2,8.0
2024-01-25T08:00,16.6,0.0,0.12,52,9.0,156.0,445.5,59.0
2024-01-25T09:00,19.5,0.0,0.25,44,8.7,374.0,666.9,92.0
2024-01-25T10:00,22.1,0.0,0.39,39,9.5,573.0,781.9,110.0
2024-01-25T11:00,24.1,0.0,0.5,36,10.1,720.0,838.7,121.0
2024-01-25T12:00,25.5,0.0,0.57,35,9.0,802.0,866.1,126.0
2024-01-25T13:00,26.3,0.0,0.58,35,7.4,809.0,869.5,125.0
2024-01-25T14:00,26.8,0.0,0.53,35,5.9,743.0,849.5,121.0
2024-01-25T15:00,26.9,0.0,0.44,35,6.6,608.0,800.6,111.0
2024-01-25T16:00,26.4,0.0,0.32,36,7.5,417.0,702.0,94.0
2024-01-25T17:00,24.9,0.0,0.17,41,6.8,200.0,509.4,67.0
2024-01-25T18:00,22.9,0.0,0.08,49,10.3,27.0,120.5,15.0
2024-01-25T19:00,21.6,0.0,0.07,51,11.0,0.0,0.0,0.0
2024-01-25T20:00,20.6,0.0,0.06,51,10.2,0.0,0.0,0.0
2024-01-25T21:00,19.7,0.0,0.05,52,8.6,0.0,0.0,0.0
2024-01-25T22:00,19.3,0.0,0.06,50,9.9,0.0,0.0,0.0
2024-01-25T23:00,18.5,0.0,0.04,50,7.8,0.0,0.0,0.0
2024-01-26T00:00,17.4,0.0,0.03,52,6.9,0.0,0.0,0.0
2024-01-26T01:00,16.8,0.0,0.04,52,7.2,0.0,0.0,0.0
2024-01-26T02:00,16.4,0.0,0.03,52,7.0,0.0,0.0,0.0
2024-01-26T03:00,16.0,0.0,0.03,52,6.8,0.0,0.0,0.0
2024-01-26T04:00,15.4,0.0,0.03,53,6.5,0.0,0.0,0.0
2024-01-26T05:00,15.1,0.0,0.03,54,6.6,0.0,0.0,0.0
2024-01-26T06:00,14.6,0.0,0.02,69,8.0,0.0,0.0,0.0
2024-01-26T07:00,15.6,0.0,0.02,67,5.5,12.0,39.0,9.0
2024-01-26T08:00,18.7,0.0,0.11,58,6.9,151.0,411.7,61.0
2024-01-26T09:00,21.7,0.0,0.24,52,5.8,361.0,617.7,99.0
2024-01-26T10:00,24.3,0.0,0.38,51,7.2,550.0,713.9,126.0
2024-01-26T11:00,26.2,0.0,0.5,52,9.0,700.0,790.2,134.0
2024-01-26T12:00,27.8,0.0,0.57,46,6.1,790.0,837.9,134.0
2024-01-26T13:00,28.4,0.0,0.53,42,2.6,727.0,680.3,190.0
2024-01-26T14:00,28.8,0.0,0.48,39,4.1,649.0,627.2,188.0
2024-01-26T15:00,29.1,0.0,0.43,38,6.3,564.0,689.4,134.0
2024-01-26T16:00,28.7,0.0,0.33,37,9.2,398.0,630.7,106.0
2024-01-26T17:00,27.0,0.0,0.21,38,11.4,188.0,439.8,72.0
2024-01-26T18:00,24.9,0.0,0.08,36,7.4,24.0,89.2,15.0
2024-01-26T19:00,22.7,0.0,0.05,45,7.2,0.0,0.0,0.0
2024-01-26T20:00,22.4,0.0,0.06,54,10.1,0.0,0.0,0.0
2024-01-26T21:00,21.1,0.0,0.04,57,7.6,0.0,0.0,0.0
2024-01-26T22:00,20.0,0.0,0.03,61,7.0,0.0,0.0,0.0
2024-01-26T23:00,18.7,0.0,0.03,68,8.8,0.0,0.0,0.0
2024-01-27T00:00,18.3,0.0,0.02,71,7.1,0.0,0.0,0.0
2024-01-27T01:00,18.3,0.0,0.02,71,7.2,0.0,0.0,0.0
2024-01-27T02:00,17.7,0.0,0.02,73,6.8,0.0,0.0,0.0
2024-01-27T03:00,17.6,0.0,0.02,71,7.8,0.0,0.0,0.0
2024-01-27T04:00,17.6,0.0,0.03,67,8.4,0.0,0.0,0.0
2024-01-27T05:00,17.3,0.0,0.02,69,7.7,0.0,0.0,0.0
2024-01-27T06:00,16.7,0.0,0.0,87,6.2,0.0,0.0,0.0
2024-01-27T07:00,17.5,0.0,0.01,87,7.7,11.0,38.7,8.0
2024-01-27T08:00,20.3,0.0,0.09,79,6.2,147.0,359.7,68.0
2024-01-27T09:00,23.1,0.0,0.23,71,7.3,356.0,580.4,109.0
2024-01-27T10:00,25.5,0.0,0.39,61,9.0,554.0,723.5,123.0
2024-01-27T11:00,27.1,0.0,0.5,52,7.5,695.0,772.5,140.0
2024-01-27T12:00,28.0,0.0,0.53,45,5.3,728.0,697.7,180.0
2024-01-27T13:00,28.5,0.0,0.51,42,7.1,677.0,604.7,198.0
2024-01-27T14:00,28.8,0.0,0.51,40,8.8,654.0,658.6,168.0
2024-01-27T15:00,28.4,0.0,0.39,41,9.3,468.0,432.5,197.0
2024-01-27T16:00,28.1,0.0,0.31,42,8.7,380.0,566.7,116.0
2024-01-27T17:00,26.8,0.0,0.16,46,5.7,193.0,457.9,71.0
2024-01-27T18:00,23.4,0.0,0.06,63,8.4,27.0,97.8,17.0
2024-01-27T19:00,21.9,0.0,0.04,65,9.5,0.0,0.0,0.0
2024-01-27T20:00,21.6,0.0,0.03,60,7.1,0.0,0.0,0.0
2024-01-27T21:00,20.7,0.0,0.03,60,7.0,0.0,0.0,0.0
2024-01-27T22:00,19.9,0.0,0.03,63,6.9,0.0,0.0,0.0
2024-01-27T23:00,19.2,0.0,0.02,69,7.1,0.0,0.0,0.0
2024-01-28T00:00,18.7,0.0,0.03,72,9.7,0.0,0.0,0.0
2024-01-28T01:00,17.8,0.0,0.02,75,8.2,0.0,0.0,0.0
2024-01-28T02:00,18.4,0.0,0.03,66,8.7,0.0,0.0,0.0
2024-01-28T03:00,18.3,0.0,0.04,61,9.2,0.0,0.0,0.0
2024-01-28T04:00,17.5,0.0,0.03,63,7.2,0.0,0.0,0.0
2024-01-28T05:00,16.8,0.0,0.02,67,6.9,0.0,0.0,0.0
2024-01-28T06:00,16.4,0.0,0.01,84,6.7,0.0,0.0,0.0
2024-01-28T07:00,17.0,0.0,0.02,83,8.4,12.0,51.4,8.0
2024-01-28T08:00,20.2,0.0,0.1,74,8.1,155.0,421.5,62.0
2024-01-28T09:00,23.5,0.0,0.25,64,9.2,369.0,639.3,96.0
2024-01-28T10:00,26.1,0.0,0.42,47,10.7,566.0,751.3,117.0
2024-01-28T11:00,27.4,0.0,0.51,41,5.5,715.0,814.4,128.0
2024-01-28T12:00,28.2,0.0,0.58,38,3.9,800.0,847.7,132.0
2024-01-28T13:00,28.7,0.0,0.59,35,4.3,808.0,847.9,134.0
2024-01-28T14:00,28.9,0.0,0.55,33,5.4,741.0,828.8,127.0
2024-01-28T15:00,28.9,0.0,0.45,30,5.7,608.0,779.9,117.0
2024-01-28T16:00,28.4,0.0,0.32,28,5.2,421.0,691.3,97.0
2024-01-28T17:00,26.5,0.0,0.14,47,3.6,202.0,498.0,68.0
2024-01-28T18:00,24.8,0.0,0.07,38,6.1,29.0,125.6,16.0
2024-01-28T19:00,22.4,0.0,0.06,48,8.4,0.0,0.0,0.0
2024-01-28T20:00,22.0,0.0,0.04,52,6.6,0.0,0.0,0.0
2024-01-28T21:00,20.2,0.0,0.04,60,7.8,0.0,0.0,0.0
2024-01-28T22:00,19.6,0.0,0.03,60,6.8,0.0,0.0,0.0
2024-01-28T23:00,19.8,0.0,0.04,59,8.0,0.0,0.0,0.0
2024-01-29T00:00,19.0,0.0,0.05,58,9.4,0.0,0.0,0.0
2024-01-29T01:00,18.2,0.0,0.05,58,10.1,0.0,0.0,0.0
2024-01-29T02:00,17.6,0.0,0.04,58,9.2,0.0,0.0,0.0
2024-01-29T03:00,16.7,0.0,0.04,59,8.8,0.0,0.0,0.0
2024-01-29T04:00,16.0,0.0,0.04,60,9.1,0.0,0.0,0.0
2024-01-29T05:00,15.6,0.0,0.04,61,9.3,0.0,0.0,0.0
2024-01-29T06:00,16.9,0.0,0.04,60,8.7,0.0,0.0,0.0
2024-01-29T07:00,17.4,0.0,0.04,67,8.6,12.0,38.3,9.0
2024-01-29T08:00,20.5,0.0,0.12,64,10.5,152.0,387.8,66.0
2024-01-29T09:00,23.7,0.0,0.26,58,9.9,367.0,616.0,103.0
2024-01-29T10:00,26.4,0.0,0.42,47,10.1,562.0,727.2,126.0
2024-01-29T11:00,28.0,0.0,0.52,38,7.0,708.0,781.4,143.0
2024-01-29T12:00,28.8,0.0,0.57,36,3.1,789.0,807.0,151.0
2024-01-29T13:00,29.3,0.0,0.57,35,1.9,788.0,797.3,152.0
2024-01-29T14:00,29.6,0.0,0.52,34,1.8,725.0,774.5,149.0
2024-01-29T15:00,29.6,0.0,0.44,33,4.0,595.0,733.6,131.0
2024-01-29T16:00,29.2,0.0,0.32,32,7.5,378.0,532.3,127.0
2024-01-29T17:00,27.8,0.0,0.21,35,10.3,185.0,360.7,87.0
2024-01-29T18:00,23.6,0.0,0.08,52,9.2,27.0,85.9,18.0
2024-01-29T19:00,24.7,0.0,0.04,45,5.4,0.0,0.0,0.0
2024-01-29T20:00,21.6,0.0,0.04,58,8.4,0.0,0.0,0.0
2024-01-29T21:00,20.6,0.0,0.03,61,7.3,0.0,0.0,0.0
2024-01-29T22:00,20.2,0.0,0.03,62,7.1,0.0,0.0,0.0
2024-01-29T23:00,18.9,0.0,0.03,66,8.2,0.0,0.0,0.0
2024-01-30T00:00,20.8,0.0,0.03,57,6.2,0.0,0.0,0.0
2024-01-30T01:00,18.4,0.0,0.03,67,7.6,0.0,0.0,0.0
2024-01-30T02:00,18.3,0.0,0.02,67,6.5,0.0,0.0,0.0
2024-01-30T03:00,17.7,0.0,0.02,70,6.4,0.0,0.0,0.0
2024-01-30T04:00,17.9,0.0,0.02,70,6.5,0.0,0.0,0.0
2024-01-30T05:00,16.0,0.0,0.0,79,3.3,0.0,0.0,0.0
2024-01-30T06:00,15.7,0.0,0.01,79,5.4,0.0,0.0,0.0
2024-01-30T07:00,16.6,0.0,0.01,79,4.4,12.0,38.0,9.0
2024-01-30T08:00,20.5,0.0,0.1,64,5.9,154.0,412.6,62.0
2024-01-30T09:00,23.3,0.0,0.25,57,6.2,368.0,627.6,98.0
2024-01-30T10:00,25.7,0.0,0.4,49,6.7,566.0,748.1,116.0
2024-01-30T11:00,27.5,0.0,0.52,42,6.2,712.0,803.7,129.0
2024-01-30T12:00,28.7,0.0,0.58,37,5.2,795.0,834.6,133.0
2024-01-30T13:00,29.3,0.0,0.58,36,4.6,786.0,799.5,146.0
2024-01-30T14:00,29.7,0.0,0.55,35,4.9,736.0,808.9,132.0
2024-01-30T15:00,29.8,0.0,0.45,34,5.8,595.0,738.1,126.0
2024-01-30T16:00,29.3,0.0,0.33,35,7.3,399.0,605.1,112.0
2024-01-30T17:00,28.0,0.0,0.19,38,7.7,195.0,433.8,76.0
2024-01-30T18:00,25.8,0.0,0.09,43,9.0,28.0,103.7,17.0
2024-01-30T19:00,24.6,0.0,0.07,45,9.0,0.0,0.0,0.0
2024-01-30T20:00,22.0,0.0,0.04,58,8.2,0.0,0.0,0.0
2024-01-30T21:00,22.0,0.0,0.05,56,8.2,0.0,0.0,0.0
2024-01-30T22:00,21.9,0.0,0.05,56,8.9,0.0,0.0,0.0
2024-01-30T23:00,21.2,0.0,0.03,58,6.8,0.0,0.0,0.0
2024-01-31T00:00,19.6,0.0,0.04,65,9.8,0.0,0.0,0.0
2024-01-31T01:00,19.0,0.0,0.03,67,8.6,0.0,0.0,0.0
2024-01-31T02:00,18.6,0.0,0.03,67,7.6,0.0,0.0,0.0
2024-01-31T03:00,17.7,0.0,0.03,71,10.2,0.0,0.0,0.0
2024-01-31T04:00,17.6,0.0,0.02,68,7.3,0.0,0.0,0.0
2024-01-31T05:00,17.9,0.0,0.03,64,7.0,0.0,0.0,0.0
2024-01-31T06:00,17.8,0.0,0.05,63,11.2,0.0,0.0,0.0
2024-01-31T07:00,19.1,0.0,0.09,61,17.3,12.0,50.3,8.0
2024-01-31T08:00,21.8,0.0,0.15,56,13.7,151.0,374.6,67.0
2024-01-31T09:00,24.5,0.0,0.3,50,14.0,369.0,625.2,99.0
2024-01-31T10:00,26.7,0.0,0.45,41,15.9,568.0,748.8,116.0
2024-01-31T11:00,28.3,0.0,0.57,35,14.8,719.0,813.5,127.0
2024-01-31T12:00,29.5,0.0,0.65,31,14.4,805.0,848.1,130.0
2024-01-31T13:00,30.2,0.0,0.66,29,12.9,816.0,853.9,130.0
2024-01-31T14:00,30.5,0.0,0.61,28,12.0,751.0,835.1,125.0
2024-01-31T15:00,30.4,0.0,0.52,28,12.0,615.0,780.2,117.0
2024-01-31T16:00,30.0,0.0,0.38,28,11.5,415.0,620.4,119.0
2024-01-31T17:00,28.5,0.0,0.18,34,6.1,206.0,469.5,76.0
2024-01-31T18:00,24.8,0.0,0.08,44,7.6,33.0,139.7,18.0
2024-01-31T19:00,22.5,0.0,0.05,52,8.6,0.0,0.0,0.0
2024-01-31T20:00,21.5,0.0,0.04,55,7.9,0.0,0.0,0.0
2024-01-31T21:00,20.4,0.0,0.04,57,8.0,0.0,0.0,0.0
2024-01-31T22:00,19.8,0.0,0.03,60,6.6,0.0,0.0,0.0
2024-01-31T23:00,20.7,0.0,0.02,56,4.1,0.0,0.0,0.0
2024-02-01T00:00,20.4,0.0,0.05,57,8.9,0.0,0.0,0.0
2024-02-01T01:00,20.1,0.0,0.03,61,6.9,0.0,0.0,0.0
2024-02-01T02:00,19.1,0.0,0.02,64,6.3,0.0,0.0,0.0
2024-02-01T03:00,19.2,0.0,0.04,62,8.5,0.0,0.0,0.0
2024-02-01T04:00,18.6,0.0,0.04,63,10.2,0.0,0.0,0.0
2024-02-01T05:00,18.0,0.0,0.03,66,9.0,0.0,0.0,0.0
2024-02-01T06:00,17.3,0.0,0.02,72,6.5,0.0,0.0,0.0
2024-02-01T07:00,17.3,0.0,0.02,73,5.0,13.0,49.9,9.0
2024-02-01T08:00,20.0,0.0,0.09,62,3.5,158.0,421.1,63.0
2024-02-01T09:00,22.6,0.0,0.25,51,5.4,376.0,645.8,96.0
2024-02-01T10:00,25.1,0.0,0.41,43,7.6,577.0,764.4,114.0
2024-02-01T11:00,26.9,0.0,0.53,38,8.7,729.0,828.6,124.0
2024-02-01T12:00,28.1,0.0,0.59,36,4.3,816.0,860.3,129.0
2024-02-01T13:00,28.9,0.0,0.6,33,4.3,825.0,863.3,129.0
2024-02-01T14:00,29.6,0.0,0.57,30,6.2,757.0,839.9,125.0
2024-02-01T15:00,29.9,0.0,0.5,27,8.9,623.0,793.8,114.0
2024-02-01T16:00,29.5,0.0,0.38,25,10.5,434.0,702.3,97.0
2024-02-01T17:00,28.0,0.0,0.21,27,7.8,216.0,518.9,71.0
2024-02-01T18:00,24.7,0.0,0.1,31,9.0,34.0,147.3,18.0
2024-02-01T19:00,22.7,0.0,0.06,36,7.7,0.0,0.0,0.0
2024-02-01T20:00,21.7,0.0,0.06,41,8.6,0.0,0.0,0.0
2024-02-01T21:00,20.2,0.0,0.04,44,6.4,0.0,0.0,0.0
2024-02-01T22:00,19.5,0.0,0.05,48,8.3,0.0,0.0,0.0
2024-02-01T23:00,18.7,0.0,0.04,52,7.2,0.0,0.0,0.0
2024-02-02T00:00,18.9,0.0,0.05,55,9.3,0.0,0.0,0.0
2024-02-02T01:00,19.2,0.0,0.06,56,11.1,0.0,0.0,0.0
2024-02-02T02:00,18.5,0.0,0.04,59,9.1,0.0,0.0,0.0
2024-02-02T03:00,17.7,0.0,0.03,63,8.0,0.0,0.0,0.0
2024-02-02T04:00,17.4,0.0,0.03,64,8.3,0.0,0.0,0.0
2024-02-02T05:00,16.6,0.0,0.02,67,6.8,0.0,0.0,0.0
2024-02-02T06:00,16.2,0.0,0.02,72,6.1,0.0,0.0,0.0
2024-02-02T07:00,16.9,0.0,0.03,70,8.7,13.0,49.5,9.0
2024-02-02T08:00,19.7,0.0,0.12,61,8.9,161.0,436.1,62.0
2024-02-02T09:00,22.9,0.0,0.27,51,9.7,379.0,652.3,95.0
2024-02-02T10:00,25.4,0.0,0.43,44,11.8,579.0,765.0,114.0
2024-02-02T11:00,27.0,0.0,0.55,39,12.2,730.0,825.8,125.0
2024-02-02T12:00,28.1,0.0,0.61,36,10.2,815.0,854.9,130.0
2024-02-02T13:00,28.6,0.0,0.61,34,6.8,824.0,856.6,131.0
2024-02-02T14:00,28.9,0.0,0.56,34,5.7,758.0,835.3,127.0
2024-02-02T15:00,28.8,0.0,0.47,34,6.9,622.0,784.1,117.0
2024-02-02T16:00,28.3,0.0,0.35,34,8.7,432.0,685.9,101.0
2024-02-02T17:00,27.1,0.0,0.2,37,8.0,213.0,493.1,74.0
2024-02-02T18:00,24.3,0.0,0.06,47,6.6,34.0,127.4,20.0
2024-02-02T19:00,23.5,0.0,0.07,48,9.7,0.0,0.0,0.0
2024-02-02T20:00,22.7,0.0,0.07,47,10.4,0.0,0.0,0.0
2024-02-02T21:00,21.9,0.0,0.06,45,8.0,0.0,0.0,0.0
2024-02-02T22:00,21.3,0.0,0.06,48,8.6,0.0,0.0,0.0
2024-02-02T23:00,21.1,0.0,0.07,50,11.4,0.0,0.0,0.0
2024-02-03T00:00,20.5,0.0,0.06,53,9.9,0.0,0.0,0.0
2024-02-03T01:00,19.9,0.0,0.06,54,11.1,0.0,0.0,0.0
2024-02-03T02:00,19.2,0.0,0.05,56,9.2,0.0,0.0,0.0
2024-02-03T03:00,18.2,0.0,0.03,60,7.1,0.0,0.0,0.0
2024-02-03T04:00,18.0,0.0,0.04,60,9.2,0.0,0.0,0.0
2024-02-03T05:00,17.0,0.0,0.02,65,6.4,0.0,0.0,0.0
2024-02-03T06:00,17.1,0.0,0.02,71,6.8,0.0,0.0,0.0
2024-02-03T07:00,17.4,0.0,0.03,71,7.2,13.0,49.1,9.0
2024-02-03T08:00,20.3,0.0,0.11,62,7.4,160.0,428.8,62.0
2024-02-03T09:00,23.6,0.0,0.26,54,8.2,377.0,640.3,97.0
2024-02-03T10:00,26.2,0.0,0.41,52,9.5,575.0,754.0,115.0
2024-02-03T11:00,28.1,0.0,0.54,44,9.6,726.0,816.1,126.0
2024-02-03T12:00,29.3,0.0,0.61,38,7.0,809.0,843.2,131.0
2024-02-03T13:00,30.1,0.0,0.62,35,5.6,819.0,847.4,131.0
2024-02-03T14:00,30.4,0.0,0.57,33,5.8,754.0,828.1,126.0
2024-02-03T15:00,30.5,0.0,0.49,32,7.1,622.0,780.6,117.0
2024-02-03T16:00,30.0,0.0,0.36,33,8.4,433.0,686.2,100.0
2024-02-03T17:00,28.7,0.0,0.21,37,8.0,215.0,506.3,71.0
2024-02-03T18:00,26.5,0.0,0.1,47,9.9,35.0,144.0,19.0
2024-02-03T19:00,25.4,0.0,0.09,48,11.5,0.0,0.0,0.0
2024-02-03T20:00,24.4,0.0,0.08,49,10.9,0.0,0.0,0.0
2024-02-03T21:00,23.5,0.0,0.07,49,9.6,0.0,0.0,0.0
2024-02-03T22:00,23.1,0.0,0.08,51,11.4,0.0,0.0,0.0
2024-02-03T23:00,22.5,0.0,0.06,54,9.9,0.0,0.0,0.0
2024-02-04T00:00,21.2,0.0,0.03,59,6.9,0.0,0.0,0.0
2024-02-04T01:00,19.6,0.0,0.03,66,8.0,0.0,0.0,0.0
2024-02-04T02:00,19.2,0.0,0.03,66,7.6,0.0,0.0,0.0
2024-02-04T03:00,18.6,0.0,0.03,67,7.1,0.0,0.0,0.0
2024-02-04T04:00,17.9,0.0,0.03,68,8.6,0.0,0.0,0.0
2024-02-04T05:00,17.7,0.0,0.03,66,8.9,0.0,0.0,0.0
2024-02-04T06:00,17.7,0.0,0.02,75,7.9,0.0,0.0,0.0
2024-02-04T07:00,18.6,0.0,0.02,74,5.9,14.0,48.6,10.0
2024-02-04T08:00,22.1,0.0,0.11,60,5.2,160.0,425.8,62.0
2024-02-04T09:00,25.5,0.0,0.27,53,5.8,376.0,637.4,96.0
2024-02-04T10:00,28.0,0.0,0.43,50,8.2,573.0,747.8,115.0
2024-02-04T11:00,29.6,0.0,0.54,43,6.6,722.0,806.5,127.0
2024-02-04T12:00,30.6,0.0,0.6,40,3.4,805.0,832.9,133.0
2024-02-04T13:00,31.4,0.0,0.62,36,4.6,816.0,838.2,133.0
2024-02-04T14:00,31.5,0.0,0.55,35,5.9,694.0,719.8,146.0
2024-02-04T15:00,31.5,0.0,0.47,34,5.9,594.0,711.0,132.0
2024-02-04T16:00,31.1,0.0,0.34,32,5.6,418.0,647.5,102.0
2024-02-04T17:00,29.7,0.0,0.18,36,4.6,215.0,495.0,73.0
2024-02-04T18:00,26.2,0.0,0.08,52,8.7,33.0,124.7,19.0
2024-02-04T19:00,25.9,0.0,0.05,50,6.9,0.0,0.0,0.0
2024-02-04T20:00,25.2,0.0,0.06,52,9.4,0.0,0.0,0.0
2024-02-04T21:00,24.4,0.0,0.04,54,7.1,0.0,0.0,0.0
2024-02-04T22:00,24.5,0.0,0.0,54,1.3,0.0,0.0,0.0
2024-02-04T23:00,22.5,0.0,0.03,61,5.6,0.0,0.0,0.0
2024-02-05T00:00,24.2,0.0,0.0,53,0.7,0.0,0.0,0.0
2024-02-05T01:00,21.0,0.0,0.02,67,6.0,0.0,0.0,0.0
2024-02-05T02:00,19.8,0.0,0.02,72,6.9,0.0,0.0,0.0
2024-02-05T03:00,19.4,0.0,0.01,73,5.1,0.0,0.0,0.0
2024-02-05T04:00,20.7,0.0,0.02,66,5.8,0.0,0.0,0.0
2024-02-05T05:00,19.3,0.0,0.02,73,6.3,0.0,0.0,0.0
2024-02-05T06:00,20.3,0.0,0.03,73,9.9,0.0,0.0,0.0
2024-02-05T07:00,21.1,0.0,0.05,69,11.5,14.0,48.2,10.0
2024-02-05T08:00,23.7,0.0,0.14,61,11.6,153.0,366.6,68.0
2024-02-05T09:00,26.2,0.0,0.3,53,13.7,359.0,555.1,114.0
2024-02-05T10:00,28.6,0.0,0.46,45,14.2,572.0,736.8,119.0
2024-02-05T11:00,30.3,0.0,0.58,40,11.6,723.0,802.2,129.0
2024-02-05T12:00,31.4,0.0,0.64,36,9.0,807.0,831.2,134.0
2024-02-05T13:00,32.1,0.0,0.65,34,8.2,818.0,836.3,134.0
2024-02-05T14:00,32.5,0.0,0.6,32,7.8,753.0,816.4,129.0
2024-02-05T15:00,32.6,0.0,0.49,31,6.5,598.0,727.7,123.0
2024-02-05T16:00,32.2,0.0,0.33,32,5.0,411.0,627.6,103.0
2024-02-05T17:00,30.8,0.0,0.16,42,3.3,209.0,463.1,75.0
2024-02-05T18:00,28.2,0.0,0.06,47,5.4,32.0,114.5,19.0
2024-02-05T19:00,26.3,0.0,0.05,53,7.2,0.0,0.0,0.0
2024-02-05T20:00,25.9,0.0,0.03,54,5.3,0.0,0.0,0.0
2024-02-05T21:00,25.7,0.0,0.02,55,4.3,0.0,0.0,0.0
2024-02-05T22:00,24.9,0.0,0.04,57,7.5,0.0,0.0,0.0
2024-02-05T23:00,26.2,0.0,0.01,47,3.1,0.0,0.0,0.0
2024-02-06T00:00,24.8,0.0,0.02,51,3.7,0.0,0.0,0.0
2024-02-06T01:00,23.1,0.0,0.02,56,3.9,0.0,0.0,0.0
2024-02-06T02:00,21.2,0.0,0.03,56,6.4,0.0,0.0,0.0
2024-02-06T03:00,20.0,0.0,0.03,60,7.3,0.0,0.0,0.0
2024-02-06T04:00,21.5,0.0,0.0,52,1.6,0.0,0.0,0.0
2024-02-06T05:00,19.3,0.0,0.02,61,5.9,0.0,0.0,0.0
2024-02-06T06:00,20.0,0.0,0.01,63,2.9,0.0,0.0,0.0
2024-02-06T07:00,20.2,0.0,0.01,68,3.3,14.0,47.7,10.0
2024-02-06T08:00,23.7,0.0,0.08,56,0.4,153.0,355.2,70.0
2024-02-06T09:00,26.9,0.0,0.26,44,3.2,374.0,611.0,103.0
2024-02-06T10:00,28.9,0.0,0.41,40,2.2,575.0,738.7,119.0
2024-02-06T11:00,30.7,0.0,0.52,36,0.5,726.0,801.9,130.0
2024-02-06T12:00,32.0,0.0,0.62,32,4.4,812.0,834.3,134.0
2024-02-06T13:00,32.8,0.0,0.65,29,6.3,823.0,840.6,133.0
2024-02-06T14:00,33.2,0.0,0.61,27,6.6,760.0,823.7,128.0
2024-02-06T15:00,33.2,0.0,0.51,26,6.5,628.0,779.4,117.0
2024-02-06T16:00,32.8,0.0,0.36,27,5.5,440.0,687.0,101.0
2024-02-06T17:00,30.9,0.0,0.17,50,3.6,222.0,507.2,74.0
2024-02-06T18:00,26.9,0.0,0.1,41,8.8,38.0,156.9,20.0
2024-02-06T19:00,25.3,0.0,0.07,44,8.7,0.0,0.0,0.0
2024-02-06T20:00,24.3,0.0,0.05,48,6.7,0.0,0.0,0.0
2024-02-06T21:00,23.1,0.0,0.06,55,9.7,0.0,0.0,0.0
2024-02-06T22:00,22.6,0.0,0.06,56,10.2,0.0,0.0,0.0
2024-02-06T23:00,22.4,0.0,0.03,54,6.1,0.0,0.0,0.0
2024-02-07T00:00,21.9,0.0,0.04,54,6.4,0.0,0.0,0.0
2024-02-07T01:00,20.9,0.0,0.02,59,4.9,0.0,0.0,0.0
2024-02-07T02:00,21.0,0.0,0.05,57,9.0,0.0,0.0,0.0
2024-02-07T03:00,21.0,0.0,0.05,57,9.9,0.0,0.0,0.0
2024-02-07T04:00,20.3,0.0,0.04,62,8.6,0.0,0.0,0.0
2024-02-07T05:00,19.4,0.0,0.02,68,6.1,0.0,0.0,0.0
2024-02-07T06:00,19.8,0.0,0.02,74,6.9,0.0,0.0,0.0
2024-02-07T07:00,20.2,0.0,0.03,74,8.4,14.0,59.0,9.0
2024-02-07T08:00,22.9,0.0,0.11,66,5.0,162.0,416.1,64.0
2024-02-07T09:00,25.8,0.0,0.27,56,5.9,379.0,625.9,100.0
2024-02-07T10:00,28.5,0.0,0.43,47,6.0,579.0,743.7,118.0
2024-02-07T11:00,30.3,0.0,0.55,40,4.8,729.0,804.3,129.0
2024-02-07T12:00,31.6,0.0,0.6,35,1.3,815.0,835.0,134.0
2024-02-07T13:00,32.4,0.0,0.62,32,3.4,813.0,818.1,139.0
2024-02-07T14:00,32.9,0.0,0.58,29,5.7,723.0,749.0,146.0
2024-02-07T15:00,33.0,0.0,0.48,28,6.2,594.0,695.5,136.0
2024-02-07T16:00,32.8,0.0,0.37,28,7.1,425.0,636.9,109.0
2024-02-07T17:00,31.4,0.0,0.23,30,8.7,212.0,458.9,77.0
2024-02-07T18:00,29.1,0.0,0.15,26,10.5,37.0,138.1,21.0
2024-02-07T19:00,26.4,0.0,0.07,34,7.4,0.0,0.0,0.0
2024-02-07T20:00,24.5,0.0,0.07,40,8.3,0.0,0.0,0.0
2024-02-07T21:00,23.3,0.0,0.07,50,10.2,0.0,0.0,0.0
2024-02-07T22:00,23.0,0.0,0.06,51,8.8,0.0,0.0,0.0
2024-02-07T23:00,23.5,0.0,0.08,49,11.4,0.0,0.0,0.0
2024-02-08T00:00,23.1,0.0,0.08,52,12.5,0.0,0.0,0.0
2024-02-08T01:00,21.8,0.0,0.04,58,7.1,0.0,0.0,0.0
2024-02-08T02:00,21.1,0.0,0.04,61,8.5,0.0,0.0,0.0
2024-02-08T03:00,20.8,0.0,0.06,62,11.8,0.0,0.0,0.0
2024-02-08T04:00,20.2,0.0,0.04,66,10.4,0.0,0.0,0.0
2024-02-08T05:00,19.6,0.0,0.04,69,10.0,0.0,0.0,0.0
2024-02-08T06:00,19.5,0.0,0.03,74,9.4,0.0,0.0,0.0
2024-02-08T07:00,19.7,0.0,0.04,73,9.7,15.0,58.3,10.0
2024-02-08T08:00,21.9,0.0,0.13,64,9.8,163.0,400.0,68.0
2024-02-08T09:00,24.3,0.0,0.28,56,11.0,382.0,622.7,103.0
2024-02-08T10:00,26.6,0.0,0.43,48,10.9,584.0,745.5,120.0
2024-02-08T11:00,28.4,0.0,0.55,43,9.8,728.0,778.6,145.0
2024-02-08T12:00,29.8,0.0,0.62,40,8.7,820.0,834.4,137.0
2024-02-08T13:00,30.6,0.0,0.64,39,6.6,833.0,844.1,135.0
2024-02-08T14:00,31.1,0.0,0.57,36,5.4,747.0,788.8,137.0
2024-02-08T15:00,31.1,0.0,0.47,34,6.2,598.0,703.0,133.0
2024-02-08T16:00,30.7,0.0,0.35,34,7.2,422.0,631.5,107.0
2024-02-08T17:00,29.6,0.0,0.22,38,8.9,221.0,495.6,74.0
2024-02-08T18:00,26.8,0.0,0.08,49,7.8,40.0,153.8,22.0
2024-02-08T19:00,25.6,0.0,0.07,52,10.0,0.0,0.0,0.0
2024-02-08T20:00,24.5,0.0,0.05,56,8.5,0.0,0.0,0.0
2024-02-08T21:00,23.5,0.0,0.04,59,7.3,0.0,0.0,0.0
2024-02-08T22:00,22.9,0.0,0.05,60,8.9,0.0,0.0,0.0
2024-02-08T23:00,21.9,0.0,0.03,64,6.7,0.0,0.0,0.0
2024-02-09T00:00,20.7,0.0,0.02,67,6.1,0.0,0.0,0.0
2024-02-09T01:00,20.0,0.0,0.02,68,6.0,0.0,0.0,0.0
2024-02-09T02:00,19.0,0.0,0.02,70,7.2,0.0,0.0,0.0
2024-02-09T03:00,18.2,0.0,0.02,71,7.3,0.0,0.0,0.0
2024-02-09T04:00,17.4,0.0,0.02,73,7.1,0.0,0.0,0.0
2024-02-09T05:00,16.9,0.0,0.02,74,6.5,0.0,0.0,0.0
2024-02-09T06:00,16.9,0.0,0.01,76,6.3,0.0,0.0,0.0
2024-02-09T07:00,17.9,0.0,0.02,72,6.1,16.0,69.2,10.0
2024-02-09T08:00,21.3,0.0,0.12,59,6.8,172.0,450.9,64.0
2024-02-09T09:00,24.8,0.0,0.29,49,7.9,394.0,659.4,97.0
2024-02-09T10:00,28.0,0.0,0.45,43,9.5,595.0,766.3,116.0
2024-02-09T11:00,30.3,0.0,0.59,39,10.1,748.0,823.5,129.0
2024-02-09T12:00,32.2,0.0,0.66,31,8.4,836.0,858.1,131.0
2024-02-09T13:00,33.4,0.0,0.69,23,10.0,820.0,818.1,141.0
2024-02-09T14:00,33.8,0.0,0.66,19,11.3,754.0,796.0,136.0
2024-02-09T15:00,33.8,0.0,0.57,18,11.2,637.0,776.7,121.0
2024-02-09T16:00,33.4,0.0,0.43,18,10.4,459.0,713.9,101.0
2024-02-09T17:00,31.4,0.0,0.21,24,5.5,235.0,538.5,74.0
2024-02-09T18:00,27.3,0.0,0.09,31,7.2,43.0,177.6,22.0
2024-02-09T19:00,24.6,0.0,0.08,37,9.4,0.0,0.0,0.0
2024-02-09T20:00,24.5,0.0,0.08,39,9.0,0.0,0.0,0.0
2024-02-09T21:00,24.2,0.0,0.08,47,10.2,0.0,0.0,0.0
2024-02-09T22:00,22.5,0.0,0.04,54,7.1,0.0,0.0,0.0
2024-02-09T23:00,21.7,0.0,0.04,59,7.1,0.0,0.0,0.0
2024-02-10T00:00,20.3,0.0,0.04,66,10.0,0.0,0.0,0.0
2024-02-10T01:00,20.2,0.0,0.03,65,7.1,0.0,0.0,0.0
2024-02-10T02:00,22.0,0.0,0.03,57,5.6,0.0,0.0,0.0
2024-02-10T03:00,21.7,0.0,0.03,57,6.0,0.0,0.0,0.0
2024-02-10T04:00,20.3,0.0,0.0,63,0.8,0.0,0.0,0.0
2024-02-10T05:00,20.8,0.0,0.02,60,4.8,0.0,0.0,0.0
2024-02-10T06:00,20.3,0.0,0.01,83,7.6,0.0,0.0,0.0
2024-02-10T07:00,21.4,0.0,0.03,81,10.8,16.0,57.0,11.0
2024-02-10T08:00,24.2,0.0,0.14,71,12.9,170.0,430.4,66.0
2024-02-10T09:00,26.8,0.0,0.32,61,19.7,389.0,638.2,100.0
2024-02-10T10:00,29.1,0.0,0.49,51,20.9,589.0,748.6,119.0
2024-02-10T11:00,30.9,0.0,0.63,40,21.0,731.0,795.1,131.0
2024-02-10T12:00,32.1,0.0,0.67,32,18.9,750.0,698.5,174.0
2024-02-10T13:00,33.0,0.0,0.72,27,17.2,806.0,787.4,150.0
2024-02-10T14:00,33.1,0.0,0.65,25,16.1,702.0,704.4,153.0
2024-02-10T15:00,33.3,0.0,0.59,23,14.6,633.0,770.4,119.0
2024-02-10T16:00,32.9,0.0,0.45,24,13.4,441.0,674.4,101.0
2024-02-10T17:00,31.7,0.0,0.24,27,8.0,234.0,524.3,76.0
2024-02-10T18:00,28.5,0.0,0.12,31,8.6,42.0,159.1,23.0
2024-02-10T19:00,26.1,0.0,0.08,37,9.4,0.0,0.0,0.0
2024-02-10T20:00,24.6,0.0,0.04,40,5.8,0.0,0.0,0.0
2024-02-10T21:00,24.9,0.0,0.08,36,9.6,0.0,0.0,0.0
2024-02-10T22:00,22.7,0.0,0.05,41,7.1,0.0,0.0,0.0
2024-02-10T23:00,23.7,0.0,0.04,35,5.7,0.0,0.0,0.0
2024-02-11T00:00,22.5,0.0,0.06,37,7.7,0.0,0.0,0.0
2024-02-11T01:00,22.5,0.0,0.1,34,11.9,0.0,0.0,0.0
2024-02-11T02:00,20.8,0.0,0.04,42,5.8,0.0,0.0,0.0
2024-02-11T03:00,19.7,0.0,0.04,47,6.3,0.0,0.0,0.0
2024-02-11T04:00,21.1,0.0,0.02,44,4.5,0.0,0.0,0.0
2024-02-11T05:00,18.8,0.0,0.03,53,5.8,0.0,0.0,0.0
2024-02-11T06:00,19.1,0.0,0.02,70,5.7,0.0,0.0,0.0
2024-02-11T07:00,20.1,0.0,0.02,66,4.1,16.0,56.3,11.0
2024-02-11T08:00,23.9,0.0,0.13,57,6.2,170.0,422.4,67.0
2024-02-11T09:00,26.8,0.0,0.31,57,12.8,389.0,630.3,102.0
2024-02-11T10:00,29.2,0.0,0.49,47,17.7,591.0,745.4,121.0
2024-02-11T11:00,30.9,0.0,0.63,38,19.1,731.0,784.1,137.0
2024-02-11T12:00,32.0,0.0,0.68,32,17.9,773.0,733.3,166.0
2024-02-11T13:00,32.8,0.0,0.7,27,14.8,806.0,784.5,150.0
2024-02-11T14:00,33.2,0.0,0.64,25,13.7,718.0,727.2,149.0
2024-02-11T15:00,33.1,0.0,0.54,23,12.0,580.0,671.6,130.0
2024-02-11T16:00,33.1,0.0,0.44,21,12.0,443.0,659.1,109.0
2024-02-11T17:00,31.8,0.0,0.25,24,8.7,221.0,464.3,80.0
2024-02-11T18:00,27.2,0.0,0.13,34,10.1,41.0,149.3,23.0
2024-02-11T19:00,25.9,0.0,0.06,34,7.1,0.0,0.0,0.0
2024-02-11T20:00,25.2,0.0,0.08,36,8.9,0.0,0.0,0.0
2024-02-11T21:00,24.9,0.0,0.06,37,7.1,0.0,0.0,0.0
2024-02-11T22:00,23.2,0.0,0.04,40,5.8,0.0,0.0,0.0
2024-02-11T23:00,22.2,0.0,0.05,42,7.4,0.0,0.0,0.0
2024-02-12T00:00,22.4,0.0,0.05,41,7.2,0.0,0.0,0.0
2024-02-12T01:00,20.7,0.0,0.06,46,9.7,0.0,0.0,0.0
2024-02-12T02:00,20.6,0.0,0.03,47,5.4,0.0,0.0,0.0
2024-02-12T03:00,21.1,0.0,0.07,43,9.6,0.0,0.0,0.0
2024-02-12T04:00,21.1,0.0,0.06,45,9.2,0.0,0.0,0.0
2024-02-12T05:00,21.8,0.0,0.08,52,13.0,0.0,0.0,0.0
2024-02-12T06:00,21.2,0.0,0.06,65,12.8,0.0,0.0,0.0
2024-02-12T07:00,21.8,0.0,0.07,67,16.0,17.0,44.5,13.0
2024-02-12T08:00,23.9,0.0,0.16,62,14.3,166.0,357.6,78.0
2024-02-12T09:00,26.3,0.0,0.33,54,18.0,389.0,613.7,108.0
2024-02-12T10:00,28.7,0.0,0.49,45,19.2,585.0,712.0,134.0
2024-02-12T11:00,30.7,0.0,0.64,35,19.5,743.0,791.5,141.0
2024-02-12T12:00,32.0,0.0,0.69,28,18.3,769.0,729.4,163.0
2024-02-12T13:00,32.6,0.0,0.72,25,17.1,806.0,770.9,159.0
2024-02-12T14:00,33.0,0.0,0.7,24,16.3,781.0,818.7,138.0
2024-02-12T15:00,32.7,0.0,0.56,24,15.1,576.0,647.9,140.0
2024-02-12T16:00,32.1,0.0,0.43,25,14.2,403.0,565.4,115.0
2024-02-12T17:00,31.1,0.0,0.27,27,11.6,208.0,408.5,83.0
2024-02-12T18:00,28.5,0.0,0.13,31,9.6,41.0,148.0,23.0
2024-02-12T19:00,28.0,0.0,0.11,32,10.6,0.0,0.0,0.0
2024-02-12T20:00,27.3,0.0,0.09,32,8.9,0.0,0.0,0.0
2024-02-12T21:00,26.7,0.0,0.11,33,10.7,0.0,0.0,0.0
2024-02-12T22:00,24.6,0.0,0.09,39,10.2,0.0,0.0,0.0
2024-02-12T23:00,23.5,0.0,0.04,40,5.8,0.0,0.0,0.0
2024-02-13T00:00,23.8,0.0,0.04,46,5.8,0.0,0.0,0.0
2024-02-13T01:00,23.6,0.0,0.06,41,8.0,0.0,0.0,0.0
2024-02-13T02:00,24.3,0.0,0.08,38,10.0,0.0,0.0,0.0
2024-02-13T03:00,22.5,0.0,0.02,50,4.7,0.0,0.0,0.0
2024-02-13T04:00,22.8,0.0,0.03,44,5.2,0.0,0.0,0.0
2024-02-13T05:00,20.7,0.0,0.02,52,4.0,0.0,0.0,0.0
2024-02-13T06:00,19.2,0.0,0.01,76,5.9,0.0,0.0,0.0
2024-02-13T07:00,20.6,0.0,0.04,76,12.0,17.0,44.0,13.0
2024-02-13T08:00,23.4,0.0,0.15,67,15.2,168.0,366.4,77.0
2024-02-13T09:00,25.7,0.0,0.31,59,18.4,384.0,573.3,120.0
2024-02-13T10:00,28.1,0.0,0.47,48,18.1,576.0,690.0,137.0
2024-02-13T11:00,30.2,0.0,0.62,37,17.7,751.0,801.5,139.0
2024-02-13T12:00,31.8,0.0,0.7,30,16.2,831.0,823.8,144.0
2024-02-13T13:00,32.5,0.0,0.68,26,14.6,782.0,696.8,195.0
2024-02-13T14:00,33.0,0.0,0.66,24,14.0,738.0,731.8,161.0
2024-02-13T15:00,32.8,0.0,0.57,25,13.3,631.0,729.6,138.0
2024-02-13T16:00,32.0,0.0,0.37,25,10.6,365.0,429.7,145.0
2024-02-13T17:00,31.2,0.0,0.18,28,4.7,182.0,288.7,93.0
2024-02-13T18:00,28.4,0.0,0.11,31,7.6,40.0,105.9,27.0
2024-02-13T19:00,26.3,0.0,0.08,37,8.8,0.0,0.0,0.0
2024-02-13T20:00,25.9,0.0,0.06,36,7.4,0.0,0.0,0.0
2024-02-13T21:00,25.6,0.0,0.08,35,8.5,0.0,0.0,0.0
2024-02-13T22:00,23.0,0.0,0.06,43,7.7,0.0,0.0,0.0
2024-02-13T23:00,23.1,0.0,0.04,43,5.8,0.0,0.0,0.0
2024-02-14T00:00,21.8,0.0,0.06,48,8.7,0.0,0.0,0.0
2024-02-14T01:00,21.2,0.0,0.04,48,6.9,0.0,0.0,0.0
2024-02-14T02:00,22.0,0.0,0.07,42,9.3,0.0,0.0,0.0
2024-02-14T03:00,21.0,0.0,0.05,43,7.2,0.0,0.0,0.0
2024-02-14T04:00,21.4,0.0,0.04,42,6.4,0.0,0.0,0.0
2024-02-14T05:00,19.2,0.0,0.01,52,3.3,0.0,0.0,0.0
2024-02-14T06:00,20.6,0.0,0.0,52,0.8,0.0,0.0,0.0
2024-02-14T07:00,19.6,0.0,0.03,63,4.7,18.0,43.4,14.0
2024-02-14T08:00,22.7,0.0,0.11,50,3.0,171.0,374.9,77.0
2024-02-14T09:00,25.7,0.0,0.26,43,2.6,392.0,595.9,116.0
2024-02-14T10:00,28.0,0.0,0.44,43,6.6,584.0,672.8,154.0
2024-02-14T11:00,29.9,0.0,0.57,37,7.6,735.0,727.8,177.0
2024-02-14T12:00,31.4,0.0,0.63,30,6.6,803.0,713.2,206.0
2024-02-14T13:00,32.1,0.0,0.63,27,5.8,802.0,740.4,176.0
2024-02-14T14:00,32.5,0.0,0.59,25,4.1,776.0,806.1,138.0
2024-02-14T15:00,32.5,0.0,0.46,25,3.0,606.0,669.1,152.0
2024-02-14T16:00,32.0,0.0,0.27,25,0.8,393.0,476.1,148.0
2024-02-14T17:00,31.0,0.0,0.15,33,1.8,209.0,331.6,106.0
2024-02-14T18:00,27.8,0.0,0.09,35,5.8,34.0,32.3,30.0
2024-02-14T19:00,26.6,0.0,0.06,37,6.8,0.0,0.0,0.0
2024-02-14T20:00,26.0,0.0,0.08,37,9.1,0.0,0.0,0.0
2024-02-14T21:00,25.3,0.0,0.09,41,10.4,0.0,0.0,0.0
2024-02-14T22:00,23.8,0.0,0.06,45,8.0,0.0,0.0,0.0
2024-02-14T23:00,22.8,0.0,0.05,47,7.2,0.0,0.0,0.0
2024-02-15T00:00,22.3,0.0,0.07,48,10.2,0.0,0.0,0.0
2024-02-15T01:00,21.8,0.0,0.08,50,11.9,0.0,0.0,0.0
2024-02-15T02:00,21.1,0.0,0.06,51,9.7,0.0,0.0,0.0
2024-02-15T03:00,19.7,0.0,0.04,58,7.7,0.0,0.0,0.0
2024-02-15T04:00,18.8,0.0,0.04,63,9.4,0.0,0.0,0.0
2024-02-15T05:00,18.4,0.0,0.03,65,8.5,0.0,0.0,0.0
2024-02-15T06:00,19.1,0.0,0.02,68,7.0,0.0,0.0,0.0
2024-02-15T07:00,20.0,0.0,0.02,65,2.9,18.0,32.2,15.0
2024-02-15T08:00,22.6,0.0,0.09,57,1.1,145.0,181.7,99.0
2024-02-15T09:00,25.5,0.0,0.23,50,1.6,345.0,405.7,156.0
2024-02-15T10:00,27.5,0.0,0.4,50,4.6,554.0,599.7,169.0
2024-02-15T11:00,29.4,0.0,0.54,45,6.3,717.0,712.0,169.0
2024-02-15T12:00,30.9,0.0,0.62,39,6.2,807.0,779.6,152.0
2024-02-15T13:00,31.5,0.0,0.57,35,5.5,722.0,655.2,166.0
2024-02-15T14:00,31.8,0.0,0.53,32,2.4,704.0,664.6,176.0
2024-02-15T15:00,31.5,0.0,0.41,32,2.3,546.0,568.0,159.0
2024-02-15T16:00,30.9,0.0,0.32,32,5.7,388.0,499.0,130.0
2024-02-15T17:00,29.8,0.0,0.2,34,6.9,195.0,364.4,81.0
2024-02-15T18:00,28.0,0.0,0.14,32,10.5,39.0,136.1,22.0
2024-02-15T19:00,26.9,0.0,0.07,35,7.2,0.0,0.0,0.0
2024-02-15T20:00,26.3,0.0,0.08,37,8.9,0.0,0.0,0.0
2024-02-15T21:00,25.7,0.0,0.07,38,7.7,0.0,0.0,0.0
2024-02-15T22:00,24.4,0.0,0.07,39,8.2,0.0,0.0,0.0
2024-02-15T23:00,23.7,0.0,0.09,40,11.5,0.0,0.0,0.0
2024-02-16T00:00,23.7,0.0,0.1,37,11.5,0.0,0.0,0.0
2024-02-16T01:00,22.8,0.0,0.07,40,9.4,0.0,0.0,0.0
2024-02-16T02:00,21.9,0.0,0.06,44,8.7,0.0,0.0,0.0
2024-02-16T03:00,21.4,0.0,0.06,47,9.4,0.0,0.0,0.0
2024-02-16T04:00,20.9,0.0,0.06,49,9.4,0.0,0.0,0.0
2024-02-16T05:00,20.4,0.0,0.05,51,8.7,0.0,0.0,0.0
2024-02-16T06:00,20.5,0.0,0.03,59,5.9,0.0,0.0,0.0
2024-02-16T07:00,20.9,0.0,0.05,58,8.0,20.0,74.1,13.0
2024-02-16T08:00,23.5,0.0,0.16,51,8.5,184.0,453.8,68.0
2024-02-16T09:00,25.7,0.0,0.31,42,8.5,407.0,650.9,102.0
2024-02-16T10:00,28.1,0.0,0.47,31,7.6,613.0,761.3,122.0
2024-02-16T11:00,30.1,0.0,0.59,24,7.0,769.0,825.6,131.0
2024-02-16T12:00,31.4,0.0,0.66,21,6.8,857.0,853.8,137.0
2024-02-16T13:00,32.3,0.0,0.68,19,6.3,869.0,859.5,137.0
2024-02-16T14:00,32.9,0.0,0.63,18,6.1,804.0,841.5,133.0
2024-02-16T15:00,33.0,0.0,0.54,17,6.6,668.0,798.1,122.0
2024-02-16T16:00,32.7,0.0,0.42,16,8.8,475.0,712.1,105.0
2024-02-16T17:00,31.4,0.0,0.26,17,8.4,250.0,542.9,79.0
2024-02-16T18:00,27.7,0.0,0.12,23,8.4,50.0,190.5,26.0
2024-02-16T19:00,24.9,0.0,0.11,31,11.4,0.0,0.0,0.0
2024-02-16T20:00,24.0,0.0,0.09,32,9.8,0.0,0.0,0.0
2024-02-16T21:00,22.7,0.0,0.08,36,9.1,0.0,0.0,0.0
2024-02-16T22:00,21.4,0.0,0.08,38,10.5,0.0,0.0,0.0
2024-02-16T23:00,20.9,0.0,0.06,33,8.0,0.0,0.0,0.0
2024-02-17T00:00,19.7,0.0,0.07,34,9.1,0.0,0.0,0.0
2024-02-17T01:00,18.9,0.0,0.06,34,8.1,0.0,0.0,0.0
2024-02-17T02:00,19.1,0.0,0.06,33,7.6,0.0,0.0,0.0
2024-02-17T03:00,19.2,0.0,0.07,33,8.4,0.0,0.0,0.0
2024-02-17T04:00,19.3,0.0,0.07,36,8.8,0.0,0.0,0.0
2024-02-17T05:00,19.1,0.0,0.06,39,8.7,0.0,0.0,0.0
2024-02-17T06:00,19.4,0.0,0.06,49,9.8,0.0,0.0,0.0
2024-02-17T07:00,19.7,0.0,0.07,50,10.1,21.0,83.6,13.0
2024-02-17T08:00,22.9,0.0,0.17,44,9.0,190.0,468.8,69.0
2024-02-17T09:00,26.3,0.0,0.34,35,10.8,421.0,681.0,100.0
2024-02-17T10:00,29.6,0.0,0.54,23,13.3,628.0,785.6,119.0
2024-02-17T11:00,31.4,0.0,0.65,18,11.7,784.0,841.7,131.0
2024-02-17T12:00,32.4,0.0,0.68,16,7.1,870.0,864.8,138.0
2024-02-17T13:00,32.9,0.0,0.66,15,3.4,884.0,876.3,135.0
2024-02-17T14:00,33.1,0.0,0.59,15,3.4,790.0,803.4,147.0
2024-02-17T15:00,32.7,0.0,0.49,15,5.4,619.0,645.0,176.0
2024-02-17T16:00,31.9,0.0,0.38,16,7.8,432.0,588.1,125.0
2024-02-17T17:00,30.8,0.0,0.23,18,7.3,231.0,457.2,86.0
2024-02-17T18:00,28.4,0.0,0.12,22,7.6,48.0,173.2,26.0
2024-02-17T19:00,28.7,0.0,0.0,22,1.5,0.0,0.0,0.0
2024-02-17T20:00,25.1,0.0,0.04,30,5.1,0.0,0.0,0.0
2024-02-17T21:00,23.7,0.0,0.07,34,7.7,0.0,0.0,0.0
2024-02-17T22:00,22.4,0.0,0.07,38,9.1,0.0,0.0,0.0
2024-02-17T23:00,23.1,0.0,0.08,34,9.2,0.0,0.0,0.0
2024-02-18T00:00,22.4,0.0,0.08,33,9.6,0.0,0.0,0.0
2024-02-18T01:00,21.8,0.0,0.07,31,7.7,0.0,0.0,0.0
2024-02-18T02:00,21.4,0.0,0.06,30,6.8,0.0,0.0,0.0
2024-02-18T03:00,20.4,0.0,0.05,31,6.5,0.0,0.0,0.0
2024-02-18T04:00,19.8,0.0,0.06,30,7.1,0.0,0.0,0.0
2024-02-18T05:00,19.7,0.0,0.08,32,9.4,0.0,0.0,0.0
2024-02-18T06:00,20.5,0.0,0.05,42,7.9,0.0,0.0,0.0
2024-02-18T07:00,20.9,0.0,0.07,45,8.1,21.0,72.2,14.0
2024-02-18T08:00,23.6,0.0,0.18,41,9.7,190.0,456.5,71.0
2024-02-18T09:00,26.5,0.0,0.35,37,12.5,420.0,668.6,103.0
2024-02-18T10:00,29.0,0.0,0.53,31,14.8,626.0,775.8,121.0
2024-02-18T11:00,31.2,0.0,0.66,24,14.9,781.0,833.2,132.0
2024-02-18T12:00,32.6,0.0,0.74,18,13.9,867.0,859.3,137.0
2024-02-18T13:00,33.2,0.0,0.74,17,12.1,879.0,863.8,138.0
2024-02-18T14:00,33.2,0.0,0.69,17,11.4,814.0,846.6,134.0
2024-02-18T15:00,32.9,0.0,0.57,17,9.7,674.0,799.1,123.0
2024-02-18T16:00,32.5,0.0,0.41,18,8.0,476.0,692.1,113.0
2024-02-18T17:00,31.3,0.0,0.21,20,5.4,234.0,457.3,88.0
2024-02-18T18:00,27.3,0.0,0.13,27,9.4,51.0,187.4,27.0
2024-02-18T19:00,27.2,0.0,0.1,24,9.1,0.0,0.0,0.0
2024-02-18T20:00,25.4,0.0,0.07,27,7.3,0.0,0.0,0.0
2024-02-18T21:00,23.0,0.0,0.08,34,9.2,0.0,0.0,0.0
2024-02-18T22:00,22.8,0.0,0.07,36,8.0,0.0,0.0,0.0
2024-02-18T23:00,25.3,0.0,0.04,28,4.8,0.0,0.0,0.0
2024-02-19T00:00,21.5,0.0,0.04,37,5.2,0.0,0.0,0.0
2024-02-19T01:00,21.1,0.0,0.06,40,7.7,0.0,0.0,0.0
2024-02-19T02:00,20.5,0.0,0.07,39,9.7,0.0,0.0,0.0
2024-02-19T03:00,20.7,0.0,0.07,34,8.8,0.0,0.0,0.0
2024-02-19T04:00,21.0,0.0,0.08,32,9.8,0.0,0.0,0.0
2024-02-19T05:00,20.6,0.0,0.09,35,10.5,0.0,0.0,0.0
2024-02-19T06:00,20.8,0.0,0.09,43,12.8,0.0,0.0,0.0
2024-02-19T07:00,21.1,0.0,0.08,47,10.0,22.0,81.5,14.0
2024-02-19T08:00,24.0,0.0,0.15,44,6.0,190.0,448.2,72.0
2024-02-19T09:00,27.5,0.0,0.36,36,12.0,416.0,643.7,109.0
2024-02-19T10:00,30.1,0.0,0.56,27,17.7,622.0,753.9,129.0
2024-02-19T11:00,31.9,0.0,0.7,21,18.6,780.0,826.1,134.0
2024-02-19T12:00,33.0,0.0,0.76,19,15.5,870.0,857.4,139.0
2024-02-19T13:00,33.7,0.0,0.75,17,12.5,881.0,862.0,139.0
2024-02-19T14:00,33.9,0.0,0.7,17,11.5,817.0,851.0,131.0
2024-02-19T15:00,33.7,0.0,0.6,17,11.2,676.0,796.0,125.0
2024-02-19T16:00,33.1,0.0,0.44,18,9.9,483.0,707.9,110.0
2024-02-19T17:00,31.8,0.0,0.19,22,4.2,225.0,410.7,93.0
2024-02-19T18:00,28.0,0.0,0.13,28,9.2,47.0,147.2,28.0
2024-02-19T19:00,26.5,0.0,0.1,29,10.1,0.0,0.0,0.0
2024-02-19T20:00,28.0,0.0,0.1,24,9.4,0.0,0.0,0.0
2024-02-19T21:00,27.2,0.0,0.11,29,10.1,0.0,0.0,0.0
2024-02-19T22:00,26.4,0.0,0.08,30,8.3,0.0,0.0,0.0
2024-02-19T23:00,24.5,0.0,0.06,34,6.9,0.0,0.0,0.0
2024-02-20T00:00,22.7,0.0,0.08,38,10.0,0.0,0.0,0.0
2024-02-20T01:00,23.5,0.0,0.05,35,6.2,0.0,0.0,0.0
2024-02-20T02:00,21.0,0.0,0.04,41,6.3,0.0,0.0,0.0
2024-02-20T03:00,20.6,0.0,0.02,42,4.2,0.0,0.0,0.0
2024-02-20T04:00,21.7,0.0,0.1,35,12.2,0.0,0.0,0.0
2024-02-20T05:00,20.4,0.0,0.07,37,9.2,0.0,0.0,0.0
2024-02-20T06:00,20.8,0.0,0.05,44,7.2,0.0,0.0,0.0
2024-02-20T07:00,20.0,0.0,0.03,63,5.4,23.0,80.4,15.0
2024-02-20T08:00,23.7,0.0,0.12,42,2.1,192.0,447.6,73.0
2024-02-20T09:00,27.1,0.0,0.32,33,6.0,419.0,652.4,106.0
2024-02-20T10:00,29.8,0.0,0.5,26,8.4,625.0,759.6,126.0
2024-02-20T11:00,30.9,0.0,0.59,25,4.5,780.0,820.3,136.0
2024-02-20T12:00,31.8,0.0,0.64,24,2.6,867.0,847.3,142.0
2024-02-20T13:00,33.0,0.0,0.67,21,3.3,889.0,874.0,134.0
2024-02-20T14:00,33.3,0.0,0.66,21,9.2,798.0,787.4,161.0
2024-02-20T15:00,33.2,0.0,0.59,21,11.4,664.0,754.1,140.0
2024-02-20T16:00,32.7,0.0,0.39,21,9.3,399.0,470.5,150.0
2024-02-20T17:00,32.1,0.0,0.2,21,5.5,201.0,287.5,108.0
2024-02-20T18:00,28.3,0.0,0.12,26,8.2,50.0,153.7,30.0
2024-02-20T19:00,25.8,0.0,0.07,31,7.6,0.0,0.0,0.0
2024-02-20T20:00,24.0,0.0,0.08,36,8.8,0.0,0.0,0.0
2024-02-20T21:00,22.8,0.0,0.07,39,8.9,0.0,0.0,0.0
2024-02-20T22:00,22.5,0.0,0.05,40,6.7,0.0,0.0,0.0
2024-02-20T23:00,22.2,0.0,0.05,39,7.0,0.0,0.0,0.0
2024-02-21T00:00,22.3,0.0,0.08,37,9.9,0.0,0.0,0.0
2024-02-21T01:00,22.2,0.0,0.12,36,14.5,0.0,0.0,0.0
2024-02-21T02:00,21.9,0.0,0.09,37,11.1,0.0,0.0,0.0
2024-02-21T03:00,20.7,0.0,0.07,40,8.9,0.0,0.0,0.0
2024-02-21T04:00,19.5,0.0,0.05,44,7.1,0.0,0.0,0.0
2024-02-21T05:00,18.7,0.0,0.04,47,6.9,0.0,0.0,0.0
2024-02-21T06:00,18.9,0.0,0.04,53,7.4,0.0,0.0,0.0
2024-02-21T07:00,20.1,0.0,0.05,51,6.2,24.0,89.3,15.0
2024-02-21T08:00,23.2,0.0,0.14,44,5.1,197.0,465.5,72.0
2024-02-21T09:00,26.5,0.0,0.33,37,7.4,427.0,667.1,105.0
2024-02-21T10:00,28.9,0.0,0.51,32,11.5,636.0,775.9,124.0
2024-02-21T11:00,30.6,0.0,0.64,27,11.6,792.0,833.6,135.0
2024-02-21T12:00,31.9,0.0,0.72,24,11.9,879.0,861.7,139.0
2024-02-21T13:00,33.0,0.0,0.76,18,13.1,890.0,865.2,140.0
2024-02-21T14:00,33.2,0.0,0.74,15,15.5,828.0,853.7,135.0
2024-02-21T15:00,33.1,0.0,0.64,13,15.1,694.0,815.8,125.0
2024-02-21T16:00,32.7,0.0,0.49,12,13.0,498.0,733.7,108.0
2024-02-21T17:00,31.2,0.0,0.28,13,9.2,266.0,565.3,82.0
2024-02-21T18:00,25.8,0.0,0.13,24,9.6,56.0,213.6,28.0
2024-02-21T19:00,23.8,0.0,0.1,27,10.7,0.0,0.0,0.0
2024-02-21T20:00,23.2,0.0,0.08,28,8.3,0.0,0.0,0.0
2024-02-21T21:00,21.9,0.0,0.1,34,11.3,0.0,0.0,0.0
2024-02-21T22:00,23.0,0.0,0.07,32,7.8,0.0,0.0,0.0
2024-02-21T23:00,21.9,0.0,0.08,34,10.0,0.0,0.0,0.0
2024-02-22T00:00,22.8,0.0,0.13,34,15.1,0.0,0.0,0.0
2024-02-22T01:00,22.2,0.0,0.13,39,15.9,0.0,0.0,0.0
2024-02-22T02:00,21.2,0.0,0.08,44,10.8,0.0,0.0,0.0
2024-02-22T03:00,20.0,0.0,0.04,50,7.6,0.0,0.0,0.0
2024-02-22T04:00,18.9,0.0,0.03,55,6.3,0.0,0.0,0.0
2024-02-22T05:00,18.0,0.0,0.03,60,6.5,0.0,0.0,0.0
2024-02-22T06:00,17.6,0.0,0.03,74,9.2,0.0,0.0,0.0
2024-02-22T07:00,19.2,0.0,0.03,69,5.9,25.0,97.9,15.0
2024-02-22T08:00,22.5,0.0,0.14,57,5.7,201.0,472.0,73.0
2024-02-22T09:00,25.5,0.0,0.33,42,9.1,433.0,675.5,105.0
2024-02-22T10:00,28.0,0.0,0.51,30,11.4,642.0,781.4,124.0
2024-02-22T11:00,29.5,0.0,0.63,25,11.3,798.0,839.2,134.0
2024-02-22T12:00,30.5,0.0,0.69,24,10.1,884.0,862.1,141.0
2024-02-22T13:00,31.3,0.0,0.7,22,8.7,893.0,863.5,142.0
2024-02-22T14:00,32.0,0.0,0.67,21,9.5,823.0,842.2,137.0
2024-02-22T15:00,32.1,0.0,0.58,20,11.0,684.0,795.7,127.0
2024-02-22T16:00,31.8,0.0,0.43,21,9.7,488.0,708.1,110.0
2024-02-22T17:00,30.9,0.0,0.26,21,8.4,259.0,537.5,83.0
2024-02-22T18:00,28.3,0.0,0.14,19,9.0,56.0,204.5,29.0
2024-02-22T19:00,25.8,0.0,0.07,23,7.0,0.0,0.0,0.0
2024-02-22T20:00,23.3,0.0,0.08,31,8.4,0.0,0.0,0.0
2024-02-22T21:00,22.7,0.0,0.06,33,7.3,0.0,0.0,0.0
2024-02-22T22:00,22.8,0.0,0.07,34,7.9,0.0,0.0,0.0
2024-02-22T23:00,22.4,0.0,0.11,32,12.3,0.0,0.0,0.0
2024-02-23T00:00,21.5,0.0,0.1,34,12.1,0.0,0.0,0.0
2024-02-23T01:00,20.4,0.0,0.08,38,10.7,0.0,0.0,0.0
2024-02-23T02:00,19.8,0.0,0.08,41,11.4,0.0,0.0,0.0
2024-02-23T03:00,19.3,0.0,0.07,45,11.2,0.0,0.0,0.0
2024-02-23T04:00,18.7,0.0,0.06,49,10.3,0.0,0.0,0.0
2024-02-23T05:00,18.3,0.0,0.06,51,10.2,0.0,0.0,0.0
2024-02-23T06:00,18.3,0.0,0.03,58,7.0,0.0,0.0,0.0
2024-02-23T07:00,18.9,0.0,0.05,58,8.0,26.0,96.6,16.0
2024-02-23T08:00,21.6,0.0,0.15,50,7.6,202.0,467.3,74.0
2024-02-23T09:00,24.3,0.0,0.33,42,10.9,433.0,667.4,107.0
2024-02-23T10:00,26.2,0.0,0.48,36,10.2,643.0,774.8,127.0
2024-02-23T11:00,27.7,0.0,0.59,31,8.0,799.0,833.4,137.0
2024-02-23T12:00,28.9,0.0,0.65,28,6.1,886.0,859.1,143.0
2024-02-23T13:00,29.8,0.0,0.66,27,4.2,896.0,862.8,143.0
2024-02-23T14:00,30.4,0.0,0.61,25,4.1,827.0,841.8,139.0
2024-02-23T15:00,31.0,0.0,0.52,23,4.6,687.0,794.3,129.0
2024-02-23T16:00,31.2,0.0,0.38,20,4.8,490.0,705.1,112.0
2024-02-23T17:00,30.4,0.0,0.24,19,6.6,262.0,540.4,84.0
2024-02-23T18:00,26.1,0.0,0.11,30,7.9,56.0,203.1,29.0
2024-02-23T19:00,24.0,0.0,0.09,32,9.3,0.0,0.0,0.0
2024-02-23T20:00,23.5,0.0,0.07,33,7.8,0.0,0.0,0.0
2024-02-23T21:00,22.6,0.0,0.06,42,7.6,0.0,0.0,0.0
2024-02-23T22:00,20.9,0.0,0.05,47,8.3,0.0,0.0,0.0
2024-02-23T23:00,20.0,0.0,0.05,49,8.3,0.0,0.0,0.0
2024-02-24T00:00,19.9,0.0,0.04,47,7.2,0.0,0.0,0.0
2024-02-24T01:00,19.4,0.0,0.04,46,7.3,0.0,0.0,0.0
2024-02-24T02:00,18.9,0.0,0.04,48,7.3,0.0,0.0,0.0
2024-02-24T03:00,18.4,0.0,0.04,51,7.9,0.0,0.0,0.0
2024-02-24T04:00,17.6,0.0,0.03,55,6.8,0.0,0.0,0.0
2024-02-24T05:00,16.5,0.0,0.04,60,8.6,0.0,0.0,0.0
2024-02-24T06:00,16.7,0.0,0.03,64,8.8,0.0,0.0,0.0
2024-02-24T07:00,18.6,0.0,0.04,57,6.5,27.0,104.9,16.0
2024-02-24T08:00,22.0,0.0,0.15,46,6.3,205.0,473.4,74.0
2024-02-24T09:00,25.2,0.0,0.33,37,8.4,438.0,671.5,108.0
2024-02-24T10:00,27.8,0.0,0.48,32,7.6,646.0,777.2,126.0
2024-02-24T11:00,29.5,0.0,0.6,28,6.0,801.0,831.4,138.0
2024-02-24T12:00,30.7,0.0,0.67,26,5.6,887.0,856.1,144.0
2024-02-24T13:00,31.5,0.0,0.67,25,4.0,894.0,855.4,145.0
2024-02-24T14:00,32.3,0.0,0.63,23,5.0,825.0,835.3,140.0
2024-02-24T15:00,32.8,0.0,0.53,21,4.9,685.0,787.2,130.0
2024-02-24T16:00,32.8,0.0,0.44,18,9.4,490.0,702.2,112.0
2024-02-24T17:00,31.7,0.0,0.32,16,12.4,262.0,534.3,85.0
2024-02-24T18:00,28.9,0.0,0.18,21,11.9,56.0,201.7,29.0
2024-02-24T19:00,27.4,0.0,0.12,23,10.6,0.0,0.0,0.0
2024-02-24T20:00,25.0,0.0,0.1,31,10.1,0.0,0.0,0.0
2024-02-24T21:00,24.6,0.0,0.11,34,12.2,0.0,0.0,0.0
2024-02-24T22:00,23.6,0.0,0.1,35,11.6,0.0,0.0,0.0
2024-02-24T23:00,23.0,0.0,0.12,31,13.3,0.0,0.0,0.0
2024-02-25T00:00,22.3,0.0,0.13,28,13.5,0.0,0.0,0.0
2024-02-25T01:00,21.3,0.0,0.1,30,11.6,0.0,0.0,0.0
2024-02-25T02:00,20.5,0.0,0.09,33,10.5,0.0,0.0,0.0
2024-02-25T03:00,19.6,0.0,0.06,36,8.6,0.0,0.0,0.0
2024-02-25T04:00,18.9,0.0,0.05,38,7.6,0.0,0.0,0.0
2024-02-25T05:00,18.3,0.0,0.04,40,6.5,0.0,0.0,0.0
2024-02-25T06:00,18.1,0.0,0.04,45,6.8,0.0,0.0,0.0
2024-02-25T07:00,19.4,0.0,0.07,41,7.6,28.0,103.5,17.0
2024-02-25T08:00,22.5,0.0,0.18,36,8.4,204.0,457.7,76.0
2024-02-25T09:00,25.7,0.0,0.35,33,10.2,432.0,651.2,110.0
2024-02-25T10:00,28.3,0.0,0.52,29,12.9,639.0,758.7,129.0
2024-02-25T11:00,30.0,0.0,0.63,31,10.7,794.0,815.6,141.0
2024-02-25T12:00,31.4,0.0,0.68,30,7.5,880.0,843.9,145.0
2024-02-25T13:00,32.5,0.0,0.68,28,4.5,888.0,845.7,145.0
2024-02-25T14:00,33.2,0.0,0.63,27,4.2,818.0,822.8,141.0
2024-02-25T15:00,33.7,0.0,0.54,25,5.2,677.0,767.5,134.0
2024-02-25T16:00,33.5,0.0,0.4,24,7.7,443.0,562.5,139.0
2024-02-25T17:00,32.5,0.0,0.27,26,10.0,215.0,354.2,97.0
2024-02-25T18:00,31.0,0.0,0.04,31,1.0,30.0,74.2,20.0
2024-02-25T19:00,28.7,0.0,0.06,36,6.7,0.0,0.0,0.0
2024-02-25T20:00,28.0,0.0,0.1,37,10.6,0.0,0.0,0.0
2024-02-25T21:00,26.9,0.0,0.08,42,9.7,0.0,0.0,0.0
2024-02-25T22:00,26.3,0.0,0.07,50,9.0,0.0,0.0,0.0
2024-02-25T23:00,25.6,0.0,0.09,54,14.0,0.0,0.0,0.0
2024-02-26T00:00,24.4,0.0,0.07,62,13.8,0.0,0.0,0.0
2024-02-26T01:00,23.7,0.0,0.06,66,12.0,0.0,0.0,0.0
2024-02-26T02:00,23.1,0.0,0.05,69,11.5,0.0,0.0,0.0
2024-02-26T03:00,22.5,0.0,0.04,73,11.0,0.0,0.0,0.0
2024-02-26T04:00,22.0,0.0,0.03,76,10.7,0.0,0.0,0.0
2024-02-26T05:00,21.6,0.0,0.03,78,10.2,0.0,0.0,0.0
2024-02-26T06:00,21.9,0.0,0.01,84,7.6,0.0,0.0,0.0
2024-02-26T07:00,22.7,0.0,0.04,79,9.6,27.0,83.5,18.0
2024-02-26T08:00,24.9,0.0,0.17,66,12.3,196.0,414.0,79.0
2024-02-26T09:00,26.9,0.0,0.33,56,12.7,420.0,612.9,115.0
2024-02-26T10:00,29.2,0.0,0.5,45,13.1,627.0,728.5,135.0
2024-02-26T11:00,31.2,0.0,0.64,37,13.2,780.0,790.0,145.0
2024-02-26T12:00,32.5,0.0,0.69,33,11.9,827.0,767.7,156.0
2024-02-26T13:00,33.1,0.0,0.66,32,11.4,770.0,671.6,178.0
2024-02-26T14:00,33.5,0.0,0.66,30,11.9,764.0,719.6,170.0
2024-02-26T15:00,33.3,0.0,0.56,30,10.9,633.0,680.4,150.0
2024-02-26T16:00,32.9,0.0,0.4,31,10.0,429.0,571.3,119.0
2024-02-26T17:00,31.6,0.0,0.25,33,10.3,199.0,337.3,86.0
2024-02-26T18:00,29.0,0.0,0.08,41,5.1,49.0,154.8,28.0
2024-02-26T19:00,26.9,0.0,0.05,49,6.7,0.0,0.0,0.0
2024-02-26T20:00,27.8,0.0,0.02,45,3.6,0.0,0.0,0.0
2024-02-26T21:00,26.2,0.0,0.04,50,5.8,0.0,0.0,0.0
2024-02-26T22:00,25.5,0.0,0.04,49,6.5,0.0,0.0,0.0
2024-02-26T23:00,24.2,0.0,0.04,53,6.4,0.0,0.0,0.0
2024-02-27T00:00,24.8,0.0,0.09,49,12.3,0.0,0.0,0.0
2024-02-27T01:00,24.6,0.0,0.1,50,13.5,0.0,0.0,0.0
2024-02-27T02:00,23.9,0.0,0.07,52,11.2,0.0,0.0,0.0
2024-02-27T03:00,23.2,0.0,0.04,56,6.8,0.0,0.0,0.0
2024-02-27T04:00,21.7,0.0,0.03,64,6.9,0.0,0.0,0.0
2024-02-27T05:00,21.9,0.0,0.03,63,6.5,0.0,0.0,0.0
2024-02-27T06:00,22.8,0.0,0.05,71,13.1,0.0,0.0,0.0
2024-02-27T07:00,23.1,0.0,0.06,72,13.8,28.0,91.5,18.0
2024-02-27T08:00,24.8,0.0,0.18,66,16.2,197.0,406.2,81.0
2024-02-27T09:00,27.0,0.0,0.35,57,16.7,431.0,637.1,112.0
2024-02-27T10:00,29.2,0.0,0.5,48,14.4,633.0,738.3,132.0
2024-02-27T11:00,31.1,0.0,0.63,39,11.4,784.0,790.6,146.0
2024-02-27T12:00,32.3,0.0,0.66,34,8.0,826.0,746.7,171.0
2024-02-27T13:00,33.2,0.0,0.66,29,5.0,841.0,757.6,171.0
2024-02-27T14:00,33.8,0.0,0.58,28,3.5,737.0,691.9,164.0
2024-02-27T15:00,33.6,0.0,0.51,28,5.4,627.0,671.1,149.0
2024-02-27T16:00,33.2,0.0,0.38,28,5.7,448.0,578.3,133.0
2024-02-27T17:00,32.3,0.0,0.24,29,7.3,234.0,433.5,88.0
2024-02-27T18:00,29.5,0.0,0.09,33,5.9,52.0,168.5,29.0
2024-02-27T19:00,28.4,0.0,0.07,35,7.4,0.0,0.0,0.0
2024-02-27T20:00,27.5,0.0,0.1,37,10.2,0.0,0.0,0.0
2024-02-27T21:00,26.8,0.0,0.06,42,7.8,0.0,0.0,0.0
2024-02-27T22:00,25.3,0.0,0.04,48,6.3,0.0,0.0,0.0
2024-02-27T23:00,25.1,0.0,0.06,50,8.5,0.0,0.0,0.0
2024-02-28T00:00,24.8,0.0,0.06,54,9.8,0.0,0.0,0.0
2024-02-28T01:00,24.0,0.0,0.06,58,10.5,0.0,0.0,0.0
2024-02-28T02:00,23.4,0.0,0.06,61,10.7,0.0,0.0,0.0
2024-02-28T03:00,22.9,0.0,0.05,62,9.2,0.0,0.0,0.0
2024-02-28T04:00,22.4,0.0,0.04,64,8.2,0.0,0.0,0.0
2024-02-28T05:00,21.8,0.0,0.03,67,8.4,0.0,0.0,0.0
2024-02-28T06:00,21.4,0.0,0.03,70,8.5,0.0,0.0,0.0
2024-02-28T07:00,21.9,0.0,0.05,64,8.3,30.0,99.3,19.0
2024-02-28T08:00,24.5,0.0,0.17,50,7.4,206.0,440.0,79.0
2024-02-28T09:00,27.2,0.0,0.34,45,9.2,431.0,625.1,116.0
2024-02-28T10:00,29.4,0.0,0.49,42,8.5,636.0,734.8,135.0
2024-02-28T11:00,31.2,0.0,0.61,35,6.1,790.0,794.9,146.0
2024-02-28T12:00,31.9,0.0,0.61,32,6.1,764.0,670.3,174.0
2024-02-28T13:00,32.8,0.0,0.64,30,6.8,798.0,698.8,178.0
2024-02-28T14:00,33.2,0.0,0.61,28,6.9,749.0,688.5,177.0
2024-02-28T15:00,33.2,0.0,0.53,28,7.9,631.0,668.9,153.0
2024-02-28T16:00,32.6,0.0,0.39,28,8.8,425.0,532.3,134.0
2024-02-28T17:00,31.8,0.0,0.24,29,8.0,219.0,369.3,94.0
2024-02-28T18:00,28.6,0.0,0.1,39,6.6,53.0,167.5,30.0
2024-02-28T19:00,27.9,0.0,0.05,40,6.4,0.0,0.0,0.0
2024-02-28T20:00,27.1,0.0,0.07,40,8.1,0.0,0.0,0.0
2024-02-28T21:00,26.0,0.0,0.07,42,8.6,0.0,0.0,0.0
2024-02-28T22:00,25.6,0.0,0.08,43,9.5,0.0,0.0,0.0
2024-02-28T23:00,25.6,0.0,0.07,41,8.8,0.0,0.0,0.0
2024-02-29T00:00,25.2,0.0,0.06,41,8.0,0.0,0.0,0.0
2024-02-29T01:00,24.3,0.0,0.05,44,6.5,0.0,0.0,0.0
2024-02-29T02:00,22.7,0.0,0.04,51,6.9,0.0,0.0,0.0
2024-02-29T03:00,22.6,0.0,0.04,51,6.9,0.0,0.0,0.0
2024-02-29T04:00,21.7,0.0,0.03,55,6.5,0.0,0.0,0.0
2024-02-29T05:00,21.4,0.0,0.03,56,6.5,0.0,0.0,0.0
2024-02-29T06:00,20.8,0.0,0.03,67,7.6,0.0,0.0,0.0
2024-02-29T07:00,22.4,0.0,0.07,61,9.9,29.0,89.0,19.0
2024-02-29T08:00,25.3,0.0,0.15,52,4.5,208.0,435.3,81.0
2024-02-29T09:00,28.2,0.0,0.3,41,6.6,379.0,500.8,125.0
2024-02-29T10:00,30.5,0.0,0.5,32,11.9,573.0,588.3,170.0
2024-02-29T11:00,32.3,0.0,0.63,26,11.7,739.0,648.0,212.0
2024-02-29T12:00,33.2,0.0,0.66,25,6.3,820.0,730.2,175.0
2024-02-29T13:00,33.6,0.0,0.63,24,5.4,785.0,680.8,179.0
2024-02-29T14:00,33.7,0.0,0.53,23,5.4,632.0,480.0,232.0
2024-02-29T15:00,33.2,0.0,0.43,23,8.4,448.0,329.2,212.0
2024-02-29T16:00,32.4,0.0,0.36,24,12.3,290.0,247.9,154.0
2024-02-29T17:00,31.5,0.0,0.3,25,13.5,200.0,314.5,93.0
2024-02-29T18:00,28.3,0.0,0.13,33,8.7,52.0,152.1,31.0
2024-02-29T19:00,28.7,0.0,0.12,27,11.3,0.0,0.0,0.0
2024-02-29T20:00,26.8,0.0,0.08,31,8.1,0.0,0.0,0.0
2024-02-29T21:00,25.6,0.0,0.07,34,7.9,0.0,0.0,0.0
2024-02-29T22:00,24.6,0.0,0.07,38,8.0,0.0,0.0,0.0
2024-02-29T23:00,23.8,0.0,0.06,41,7.6,0.0,0.0,0.0
2024-03-01T00:00,23.2,0.0,0.05,41,6.8,0.0,0.0,0.0
2024-03-01T01:00,22.8,0.0,0.05,39,7.2,0.0,0.0,0.0
2024-03-01T02:00,22.3,0.0,0.05,40,7.2,0.0,0.0,0.0
2024-03-01T03:00,21.9,0.0,0.06,41,8.2,0.0,0.0,0.0
2024-03-01T04:00,22.0,0.0,0.06,41,7.9,0.0,0.0,0.0
2024-03-01T05:00,21.6,0.0,0.06,43,8.7,0.0,0.0,0.0
2024-03-01T06:00,23.2,0.0,0.06,51,8.7,0.0,0.0,0.0
2024-03-01T07:00,23.8,0.0,0.07,53,7.9,29.0,79.0,20.0
2024-03-01T08:00,26.4,0.0,0.17,47,5.9,200.0,376.4,89.0
2024-03-01T09:00,29.3,0.0,0.35,39,8.0,434.0,617.2,119.0
2024-03-01T10:00,31.8,0.0,0.54,31,10.6,643.0,736.6,136.0
2024-03-01T11:00,33.3,0.0,0.64,25,10.5,741.0,715.2,157.0
2024-03-01T12:00,34.2,0.0,0.67,23,7.9,804.0,705.2,179.0
2024-03-01T13:00,34.6,0.0,0.64,22,5.2,791.0,695.5,170.0
2024-03-01T14:00,34.5,0.0,0.56,21,5.4,669.0,596.9,170.0
2024-03-01T15:00,34.2,0.0,0.49,22,5.9,587.0,578.4,171.0
2024-03-01T16:00,33.8,0.0,0.34,22,3.0,447.0,579.3,128.0
2024-03-01T17:00,32.8,0.0,0.17,24,2.6,210.0,339.3,94.0
2024-03-01T18:00,31.8,0.0,0.09,24,4.3,54.0,165.6,31.0
2024-03-01T19:00,28.2,0.0,0.04,32,4.6,0.0,0.0,0.0
2024-03-01T20:00,26.8,0.0,0.05,36,6.0,0.0,0.0,0.0
2024-03-01T21:00,27.3,0.0,0.0,34,1.5,0.0,0.0,0.0
2024-03-01T22:00,24.1,0.0,0.05,44,6.9,0.0,0.0,0.0
2024-03-01T23:00,24.9,0.0,0.07,37,8.3,0.0,0.0,0.0
2024-03-02T00:00,25.3,0.0,0.11,36,12.6,0.0,0.0,0.0
2024-03-02T01:00,24.9,0.0,0.09,38,10.0,0.0,0.0,0.0
2024-03-02T02:00,24.3,0.0,0.1,40,12.0,0.0,0.0,0.0
2024-03-02T03:00,23.8,0.0,0.1,45,13.3,0.0,0.0,0.0
2024-03-02T04:00,23.6,0.0,0.09,49,13.4,0.0,0.0,0.0
2024-03-02T05:00,23.1,0.0,0.09,52,13.7,0.0,0.0,0.0
2024-03-02T06:00,24.2,0.0,0.1,54,16.0,0.0,0.0,0.0
2024-03-02T07:00,24.8,0.0,0.12,54,16.3,34.0,112.5,21.0
2024-03-02T08:00,27.1,0.0,0.24,47,16.4,215.0,449.5,81.0
2024-03-02T09:00,29.7,0.0,0.46,37,23.0,443.0,638.6,115.0
2024-03-02T10:00,31.8,0.0,0.64,29,24.6,648.0,740.4,136.0
2024-03-02T11:00,32.7,0.0,0.71,26,23.4,731.0,695.4,161.0
2024-03-02T12:00,33.5,0.0,0.76,25,20.4,813.0,724.1,169.0
2024-03-02T13:00,34.0,0.0,0.73,23,18.1,768.0,640.8,194.0
2024-03-02T14:00,34.6,0.0,0.7,21,17.1,722.0,648.8,178.0
2024-03-02T15:00,34.6,0.0,0.64,21,18.7,603.0,619.6,156.0
2024-03-02T16:00,34.1,0.0,0.52,21,17.4,458.0,600.8,126.0
2024-03-02T17:00,33.2,0.0,0.34,22,15.0,223.0,375.5,94.0
2024-03-02T18:00,29.2,0.0,0.13,30,8.9,55.0,164.7,32.0
2024-03-02T19:00,30.2,0.0,0.05,27,5.4,0.0,0.0,0.0
2024-03-02T20:00,26.1,0.0,0.08,35,8.6,0.0,0.0,0.0
2024-03-02T21:00,26.0,0.0,0.06,36,7.3,0.0,0.0,0.0
2024-03-02T22:00,26.1,0.0,0.07,36,7.9,0.0,0.0,0.0
2024-03-02T23:00,25.1,0.0,0.02,41,3.9,0.0,0.0,0.0
2024-03-03T00:00,24.9,0.0,0.11,40,13.2,0.0,0.0,0.0
2024-03-03T01:00,24.4,0.0,0.09,42,11.1,0.0,0.0,0.0
2024-03-03T02:00,23.0,0.0,0.08,45,11.0,0.0,0.0,0.0
2024-03-03T03:00,21.9,0.0,0.04,48,6.6,0.0,0.0,0.0
2024-03-03T04:00,20.9,0.0,0.04,50,6.4,0.0,0.0,0.0
2024-03-03T05:00,20.5,0.0,0.03,51,6.2,0.0,0.0,0.0
2024-03-03T06:00,20.9,0.0,0.04,57,7.1,0.0,0.0,0.0
2024-03-03T07:00,21.7,0.0,0.07,55,8.5,36.0,119.5,22.0
2024-03-03T08:00,24.6,0.0,0.17,47,5.6,220.0,461.3,81.0
2024-03-03T09:00,27.0,0.0,0.34,41,7.6,442.0,621.0,121.0
2024-03-03T10:00,28.9,0.0,0.47,36,3.6,651.0,728.2,145.0
2024-03-03T11:00,30.5,0.0,0.59,31,2.8,807.0,792.3,155.0
2024-03-03T12:00,31.9,0.0,0.68,27,4.0,895.0,830.4,154.0
2024-03-03T13:00,33.5,0.0,0.74,23,8.2,910.0,843.6,152.0
2024-03-03T14:00,33.8,0.0,0.75,21,16.6,829.0,808.6,149.0
2024-03-03T15:00,33.6,0.0,0.64,21,15.5,680.0,737.9,146.0
2024-03-03T16:00,33.3,0.0,0.53,20,18.4,481.0,640.2,126.0
2024-03-03T17:00,31.9,0.0,0.36,22,16.5,248.0,446.3,94.0
2024-03-03T18:00,29.6,0.0,0.12,26,7.2,58.0,178.0,33.0
2024-03-03T19:00,27.0,0.0,0.08,32,8.0,0.0,0.0,0.0
2024-03-03T20:00,26.0,0.0,0.06,35,7.0,0.0,0.0,0.0
2024-03-03T21:00,25.2,0.0,0.06,38,7.7,0.0,0.0,0.0
2024-03-03T22:00,24.4,0.0,0.06,39,7.4,0.0,0.0,0.0
2024-03-03T23:00,24.8,0.0,0.11,40,13.4,0.0,0.0,0.0
2024-03-04T00:00,23.8,0.0,0.09,45,12.2,0.0,0.0,0.0
2024-03-04T01:00,23.1,0.0,0.08,48,11.4,0.0,0.0,0.0
2024-03-04T02:00,22.3,0.0,0.07,51,10.3,0.0,0.0,0.0
2024-03-04T03:00,21.3,0.0,0.04,56,7.4,0.0,0.0,0.0
2024-03-04T04:00,20.5,0.0,0.04,60,8.2,0.0,0.0,0.0
2024-03-04T05:00,19.9,0.0,0.03,65,8.4,0.0,0.0,0.0
2024-03-04T06:00,20.4,0.0,0.03,71,8.3,0.0,0.0,0.0
2024-03-04T07:00,21.0,0.0,0.05,70,9.0,37.0,126.3,22.0
2024-03-04T08:00,23.1,0.0,0.17,60,9.1,222.0,456.3,83.0
2024-03-04T09:00,25.6,0.0,0.34,48,10.0,452.0,643.9,117.0
2024-03-04T10:00,27.7,0.0,0.51,39,11.2,658.0,744.9,138.0
2024-03-04T11:00,29.5,0.0,0.64,31,12.1,814.0,805.1,149.0
2024-03-04T12:00,30.9,0.0,0.72,25,11.0,901.0,834.3,154.0
2024-03-04T13:00,31.7,0.0,0.72,23,8.4,910.0,838.8,154.0
2024-03-04T14:00,32.1,0.0,0.66,22,7.2,842.0,821.6,149.0
2024-03-04T15:00,32.1,0.0,0.55,22,6.1,701.0,778.5,136.0
2024-03-04T16:00,31.9,0.0,0.41,23,6.5,497.0,668.7,125.0
2024-03-04T17:00,31.1,0.0,0.29,23,10.8,251.0,424.1,104.0
2024-03-04T18:00,30.5,0.0,0.18,28,12.1,55.0,162.9,32.0
2024-03-04T19:00,28.4,0.0,0.07,31,7.1,0.0,0.0,0.0
2024-03-04T20:00,26.7,0.0,0.12,32,11.6,0.0,0.0,0.0
2024-03-04T21:00,25.2,0.0,0.06,33,7.0,0.0,0.0,0.0
2024-03-04T22:00,25.3,0.0,0.06,32,6.4,0.0,0.0,0.0
2024-03-04T23:00,23.7,0.0,0.09,35,10.4,0.0,0.0,0.0
2024-03-05T00:00,22.7,0.0,0.09,35,10.9,0.0,0.0,0.0
2024-03-05T01:00,21.4,0.0,0.06,38,8.4,0.0,0.0,0.0
2024-03-05T02:00,20.4,0.0,0.05,41,7.4,0.0,0.0,0.0
2024-03-05T03:00,19.9,0.0,0.06,41,8.7,0.0,0.0,0.0
2024-03-05T04:00,19.5,0.0,0.06,41,8.9,0.0,0.0,0.0
2024-03-05T05:00,19.2,0.0,0.07,40,9.7,0.0,0.0,0.0
2024-03-05T06:00,18.9,0.0,0.04,47,6.8,0.0,0.0,0.0
2024-03-05T07:00,20.1,0.0,0.08,43,9.2,39.0,132.9,23.0
2024-03-05T08:00,23.1,0.0,0.19,35,7.4,227.0,464.5,84.0
2024-03-05T09:00,26.3,0.0,0.37,26,9.2,458.0,649.4,118.0
2024-03-05T10:00,29.2,0.0,0.54,23,11.1,664.0,750.0,138.0
2024-03-05T11:00,30.9,0.0,0.64,27,8.9,817.0,804.4,150.0
2024-03-05T12:00,32.2,0.0,0.7,27,6.4,901.0,830.5,155.0
2024-03-05T13:00,33.4,0.0,0.7,26,3.9,910.0,835.2,155.0
2024-03-05T14:00,34.3,0.0,0.6,23,2.4,788.0,720.0,179.0
2024-03-05T15:00,34.7,0.0,0.52,21,5.7,626.0,643.0,158.0
2024-03-05T16:00,34.4,0.0,0.39,20,7.6,420.0,456.9,165.0
2024-03-05T17:00,33.6,0.0,0.24,20,7.2,203.0,318.8,92.0
2024-03-05T18:00,31.4,0.0,0.13,25,7.4,43.0,119.8,26.0
2024-03-05T19:00,29.1,0.0,0.07,29,6.9,0.0,0.0,0.0
2024-03-05T20:00,27.5,0.0,0.08,32,8.6,0.0,0.0,0.0
2024-03-05T21:00,27.1,0.0,0.07,35,7.2,0.0,0.0,0.0
2024-03-05T22:00,24.8,0.0,0.07,41,8.9,0.0,0.0,0.0
2024-03-05T23:00,24.6,0.0,0.06,40,7.8,0.0,0.0,0.0
2024-03-06T00:00,23.6,0.0,0.05,42,6.4,0.0,0.0,0.0
2024-03-06T01:00,23.3,0.0,0.06,44,8.4,0.0,0.0,0.0
2024-03-06T02:00,24.2,0.0,0.09,39,10.9,0.0,0.0,0.0
2024-03-06T03:00,23.3,0.0,0.1,39,12.2,0.0,0.0,0.0
2024-03-06T04:00,21.8,0.0,0.07,40,9.0,0.0,0.0,0.0
2024-03-06T05:00,21.1,0.0,0.05,41,7.0,0.0,0.0,0.0
2024-03-06T06:00,20.9,0.0,0.04,46,6.2,0.0,0.0,0.0
2024-03-06T07:00,22.0,0.0,0.1,44,10.6,38.0,122.9,23.0
2024-03-06T08:00,24.8,0.0,0.19,38,7.7,227.0,459.6,84.0
2024-03-06T09:00,27.9,0.0,0.35,33,6.2,456.0,635.9,121.0
2024-03-06T10:00,30.6,0.0,0.51,30,5.5,662.0,740.8,140.0
2024-03-06T11:00,32.5,0.0,0.62,28,3.7,818.0,802.6,150.0
2024-03-06T12:00,34.0,0.0,0.71,25,5.4,904.0,832.2,154.0
2024-03-06T13:00,35.0,0.0,0.73,22,7.1,890.0,812.9,153.0
2024-03-06T14:00,35.9,0.0,0.72,19,9.7,841.0,815.8,149.0
2024-03-06T15:00,35.9,0.0,0.63,18,12.0,673.0,720.6,147.0
2024-03-06T16:00,35.4,0.0,0.5,17,12.3,487.0,639.4,129.0
2024-03-06T17:00,34.1,0.0,0.33,18,12.2,246.0,431.8,95.0
2024-03-06T18:00,30.5,0.0,0.12,24,6.8,56.0,168.3,32.0
2024-03-06T19:00,29.9,0.0,0.13,23,10.7,0.0,0.0,0.0
2024-03-06T20:00,29.3,0.0,0.16,22,13.3,0.0,0.0,0.0
2024-03-06T21:00,26.9,0.0,0.1,26,9.3,0.0,0.0,0.0
2024-03-06T22:00,25.0,0.0,0.06,33,6.4,0.0,0.0,0.0
2024-03-06T23:00,25.0,0.0,0.16,30,16.2,0.0,0.0,0.0
2024-03-07T00:00,24.9,0.0,0.2,20,18.0,0.0,0.0,0.0
2024-03-07T01:00,23.8,0.0,0.16,26,16.5,0.0,0.0,0.0
2024-03-07T02:00,22.5,0.0,0.11,28,11.5,0.0,0.0,0.0
2024-03-07T03:00,21.5,0.0,0.09,28,10.2,0.0,0.0,0.0
2024-03-07T04:00,20.4,0.0,0.06,29,7.7,0.0,0.0,0.0
2024-03-07T05:00,19.3,0.0,0.05,32,6.9,0.0,0.0,0.0
2024-03-07T06:00,20.2,0.0,0.07,32,8.6,0.0,0.0,0.0
2024-03-07T07:00,21.5,0.0,0.12,30,10.8,42.0,137.4,25.0
2024-03-07T08:00,24.7,0.0,0.22,24,9.0,236.0,470.7,88.0
2024-03-07T09:00,27.7,0.0,0.41,21,11.9,473.0,667.7,119.0
2024-03-07T10:00,30.2,0.0,0.58,19,12.1,684.0,770.0,139.0
2024-03-07T11:00,32.0,0.0,0.68,16,9.8,841.0,829.6,148.0
2024-03-07T12:00,33.2,0.0,0.73,14,7.2,928.0,857.2,153.0
2024-03-07T13:00,33.9,0.0,0.74,13,6.4,935.0,860.1,153.0
2024-03-07T14:00,34.3,0.0,0.7,13,7.8,862.0,840.6,147.0
2024-03-07T15:00,34.3,0.0,0.61,13,8.9,718.0,793.7,137.0
2024-03-07T16:00,33.9,0.0,0.48,13,10.1,514.0,705.1,118.0
2024-03-07T17:00,32.8,0.0,0.35,13,13.3,279.0,538.3,90.0
2024-03-07T18:00,29.6,0.0,0.23,17,14.7,66.0,223.3,34.0
2024-03-07T19:00,27.9,0.0,0.16,18,13.4,0.0,0.0,0.0
2024-03-07T20:00,26.6,0.0,0.09,20,8.5,0.0,0.0,0.0
2024-03-07T21:00,24.8,0.0,0.07,23,7.2,0.0,0.0,0.0
2024-03-07T22:00,23.2,0.0,0.07,26,7.3,0.0,0.0,0.0
2024-03-07T23:00,24.2,0.0,0.13,26,12.6,0.0,0.0,0.0
2024-03-08T00:00,23.3,0.0,0.11,30,11.5,0.0,0.0,0.0
2024-03-08T01:00,22.3,0.0,0.08,34,9.7,0.0,0.0,0.0
2024-03-08T02:00,21.3,0.0,0.06,36,8.0,0.0,0.0,0.0
2024-03-08T03:00,21.1,0.0,0.07,38,9.0,0.0,0.0,0.0
2024-03-08T04:00,20.7,0.0,0.06,39,8.6,0.0,0.0,0.0
2024-03-08T05:00,20.0,0.0,0.05,42,7.9,0.0,0.0,0.0
2024-03-08T06:00,19.4,0.0,0.04,47,6.5,0.0,0.0,0.0
2024-03-08T07:00,21.0,0.0,0.09,44,9.1,44.0,151.5,25.0
2024-03-08T08:00,24.3,0.0,0.2,37,7.8,239.0,484.7,85.0
2024-03-08T09:00,27.2,0.0,0.39,32,11.4,474.0,669.2,117.0
2024-03-08T10:00,29.7,0.0,0.57,27,14.0,682.0,767.9,136.0
2024-03-08T11:00,31.4,0.0,0.71,23,14.8,837.0,821.8,148.0
2024-03-08T12:00,32.7,0.0,0.78,20,13.7,922.0,846.8,154.0
2024-03-08T13:00,33.5,0.0,0.78,19,11.6,929.0,850.0,154.0
2024-03-08T14:00,33.8,0.0,0.71,18,9.5,855.0,829.0,148.0
2024-03-08T15:00,33.7,0.0,0.58,18,7.6,710.0,779.3,138.0
2024-03-08T16:00,33.3,0.0,0.43,18,6.8,509.0,688.8,121.0
2024-03-08T17:00,32.4,0.0,0.28,19,8.6,276.0,524.7,91.0
2024-03-08T18:00,29.8,0.0,0.17,23,10.4,65.0,215.3,34.0
2024-03-08T19:00,28.2,0.0,0.16,26,14.1,0.0,0.0,0.0
2024-03-08T20:00,27.3,0.0,0.12,26,11.0,0.0,0.0,0.0
2024-03-08T21:00,25.9,0.0,0.12,28,11.3,0.0,0.0,0.0
2024-03-08T22:00,25.2,0.0,0.11,28,10.6,0.0,0.0,0.0
2024-03-08T23:00,24.7,0.0,0.12,27,11.9,0.0,0.0,0.0
2024-03-09T00:00,24.1,0.0,0.13,27,13.6,0.0,0.0,0.0
2024-03-09T01:00,23.2,0.0,0.1,28,10.7,0.0,0.0,0.0
2024-03-09T02:00,22.3,0.0,0.08,29,8.6,0.0,0.0,0.0
2024-03-09T03:00,21.5,0.0,0.07,30,7.8,0.0,0.0,0.0
2024-03-09T04:00,20.1,0.0,0.05,34,6.5,0.0,0.0,0.0
2024-03-09T05:00,18.5,0.0,0.06,42,8.7,0.0,0.0,0.0
2024-03-09T06:00,19.5,0.0,0.05,40,7.3,0.0,0.0,0.0
2024-03-09T07:00,21.1,0.0,0.1,37,9.6,45.0,149.6,26.0
2024-03-09T08:00,25.0,0.0,0.2,30,7.0,242.0,486.0,86.0
2024-03-09T09:00,28.3,0.0,0.37,24,6.4,478.0,668.9,119.0
2024-03-09T10:00,30.9,0.0,0.55,20,8.0,687.0,767.3,139.0
2024-03-09T11:00,32.8,0.0,0.67,18,6.8,841.0,821.2,150.0
2024-03-09T12:00,34.0,0.0,0.7,16,3.5,925.0,845.3,156.0
2024-03-09T13:00,34.7,0.0,0.72,15,4.3,932.0,848.7,156.0
2024-03-09T14:00,35.1,0.0,0.71,14,7.9,860.0,830.3,150.0
2024-03-09T15:00,35.0,0.0,0.63,15,10.4,715.0,782.7,139.0
2024-03-09T16:00,34.5,0.0,0.51,15,12.4,513.0,693.8,121.0
2024-03-09T17:00,33.4,0.0,0.34,16,11.9,278.0,525.5,92.0
2024-03-09T18:00,29.8,0.0,0.14,25,8.2,52.0,152.1,30.0
2024-03-09T19:00,28.3,0.0,0.08,25,7.6,0.0,0.0,0.0
2024-03-09T20:00,27.2,0.0,0.11,27,10.6,0.0,0.0,0.0
2024-03-09T21:00,26.1,0.0,0.1,29,10.1,0.0,0.0,0.0
2024-03-09T22:00,25.0,0.0,0.07,30,7.6,0.0,0.0,0.0
2024-03-09T23:00,23.3,0.0,0.07,34,7.8,0.0,0.0,0.0
2024-03-10T00:00,22.6,0.0,0.06,35,7.5,0.0,0.0,0.0
2024-03-10T01:00,21.5,0.0,0.08,39,10.6,0.0,0.0,0.0
2024-03-10T02:00,21.1,0.0,0.08,39,10.5,0.0,0.0,0.0
2024-03-10T03:00,21.4,0.0,0.05,38,7.1,0.0,0.0,0.0
2024-03-10T04:00,20.6,0.0,0.06,40,8.0,0.0,0.0,0.0
2024-03-10T05:00,21.1,0.0,0.06,39,7.6,0.0,0.0,0.0
2024-03-10T06:00,20.8,0.0,0.04,44,5.9,0.0,0.0,0.0
2024-03-10T07:00,22.2,0.0,0.06,41,4.6,46.0,147.6,27.0
2024-03-10T08:00,26.4,0.0,0.18,34,4.3,239.0,465.6,88.0
2024-03-10T09:00,29.6,0.0,0.34,32,2.6,471.0,650.0,120.0
2024-03-10T10:00,31.7,0.0,0.53,38,6.5,671.0,737.4,142.0
2024-03-10T11:00,34.0,0.0,0.66,28,7.0,812.0,773.3,159.0
2024-03-10T12:00,34.9,0.0,0.66,25,9.1,761.0,580.9,231.0
2024-03-10T13:00,35.2,0.0,0.62,25,9.3,690.0,484.3,246.0
2024-03-10T14:00,35.7,0.0,0.59,23,7.2,678.0,537.8,217.0
2024-03-10T15:00,34.9,0.0,0.4,24,8.9,377.0,220.9,214.0
2024-03-10T16:00,34.3,0.0,0.31,25,10.7,214.0,91.8,162.0
2024-03-10T17:00,33.7,0.0,0.27,26,11.2,170.0,199.8,99.0
2024-03-10T18:00,30.3,0.0,0.11,39,7.2,59.0,172.1,34.0
2024-03-10T19:00,29.3,0.0,0.07,40,7.9,0.0,0.0,0.0
2024-03-10T20:00,29.2,0.0,0.06,39,6.5,0.0,0.0,0.0
2024-03-10T21:00,28.8,0.0,0.07,40,7.4,0.0,0.0,0.0
2024-03-10T22:00,27.2,0.0,0.07,46,8.7,0.0,0.0,0.0
2024-03-10T23:00,26.4,0.0,0.02,49,4.1,0.0,0.0,0.0
2024-03-11T00:00,25.9,0.0,0.04,51,5.6,0.0,0.0,0.0
2024-03-11T01:00,26.7,0.0,0.02,47,3.8,0.0,0.0,0.0
2024-03-11T02:00,25.2,0.0,0.08,49,10.3,0.0,0.0,0.0
2024-03-11T03:00,25.2,0.0,0.05,37,6.5,0.0,0.0,0.0
2024-03-11T04:00,24.7,0.0,0.05,36,6.1,0.0,0.0,0.0
2024-03-11T05:00,24.3,0.0,0.06,34,6.9,0.0,0.0,0.0
2024-03-11T06:00,22.6,0.0,0.03,48,5.2,0.0,0.0,0.0
2024-03-11T07:00,24.0,0.0,0.06,44,4.3,46.0,138.1,28.0
2024-03-11T08:00,27.3,0.0,0.15,35,1.6,237.0,454.9,88.0
2024-03-11T09:00,30.2,0.0,0.34,37,3.1,464.0,625.9,124.0
2024-03-11T10:00,32.1,0.0,0.53,37,5.8,667.0,725.9,144.0
2024-03-11T11:00,33.9,0.0,0.64,33,4.0,818.0,780.1,157.0
2024-03-11T12:00,35.0,0.0,0.64,29,1.9,821.0,676.4,202.0
2024-03-11T13:00,35.9,0.0,0.63,25,1.5,807.0,647.3,212.0
2024-03-11T14:00,36.0,0.0,0.55,25,3.0,676.0,524.8,225.0
2024-03-11T15:00,36.0,0.0,0.46,24,2.5,574.0,519.2,190.0
2024-03-11T16:00,35.8,0.0,0.33,24,2.2,419.0,448.8,164.0
2024-03-11T17:00,35.1,0.0,0.22,25,5.4,216.0,311.2,105.0
2024-03-11T18:00,33.1,0.0,0.12,29,6.6,52.0,130.2,33.0
2024-03-11T19:00,31.5,0.0,0.14,28,12.3,0.0,0.0,0.0
2024-03-11T20:00,30.9,0.0,0.17,23,13.8,0.0,0.0,0.0
2024-03-11T21:00,29.5,0.0,0.13,23,11.0,0.0,0.0,0.0
2024-03-11T22:00,28.6,0.0,0.1,24,9.4,0.0,0.0,0.0
2024-03-11T23:00,27.7,0.0,0.19,27,17.3,0.0,0.0,0.0
2024-03-12T00:00,26.5,0.0,0.13,30,12.3,0.0,0.0,0.0
2024-03-12T01:00,25.5,0.0,0.08,32,8.9,0.0,0.0,0.0
2024-03-12T02:00,24.4,0.0,0.05,35,5.8,0.0,0.0,0.0
2024-03-12T03:00,24.0,0.0,0.04,36,5.8,0.0,0.0,0.0
2024-03-12T04:00,23.6,0.0,0.04,37,5.7,0.0,0.0,0.0
2024-03-12T05:00,22.7,0.0,0.04,41,5.5,0.0,0.0,0.0
2024-03-12T06:00,23.3,0.0,0.05,43,7.2,0.0,0.0,0.0
2024-03-12T07:00,24.7,0.0,0.12,40,10.4,44.0,113.6,29.0
2024-03-12T08:00,27.6,0.0,0.19,35,5.5,223.0,356.7,105.0
2024-03-12T09:00,30.5,0.0,0.37,29,5.2,477.0,647.9,123.0
2024-03-12T10:00,32.8,0.0,0.55,25,6.6,683.0,747.7,142.0
2024-03-12T11:00,34.4,0.0,0.66,21,5.1,834.0,798.6,155.0
2024-03-12T12:00,35.5,0.0,0.71,20,3.1,915.0,819.3,163.0
2024-03-12T13:00,35.9,0.0,0.71,20,4.2,885.0,744.3,199.0
2024-03-12T14:00,36.2,0.0,0.69,19,5.5,847.0,800.9,157.0
2024-03-12T15:00,36.1,0.0,0.6,19,7.2,704.0,756.6,143.0
2024-03-12T16:00,35.5,0.0,0.46,20,9.4,483.0,602.0,140.0
2024-03-12T17:00,34.6,0.0,0.35,20,13.9,254.0,432.9,99.0
2024-03-12T18:00,34.3,0.0,0.22,20,12.6,51.0,109.2,35.0
2024-03-12T19:00,31.6,0.0,0.11,25,9.2,0.0,0.0,0.0
2024-03-12T20:00,28.6,0.0,0.09,32,8.7,0.0,0.0,0.0
2024-03-12T21:00,29.8,0.0,0.03,27,3.6,0.0,0.0,0.0
2024-03-12T22:00,28.9,0.0,0.02,29,3.3,0.0,0.0,0.0
2024-03-12T23:00,25.5,0.0,0.06,37,7.4,0.0,0.0,0.0
2024-03-13T00:00,24.8,0.0,0.07,38,8.5,0.0,0.0,0.0
2024-03-13T01:00,25.2,0.0,0.11,35,12.0,0.0,0.0,0.0
2024-03-13T02:00,24.9,0.0,0.1,34,11.3,0.0,0.0,0.0
2024-03-13T03:00,24.2,0.0,0.1,36,11.3,0.0,0.0,0.0
2024-03-13T04:00,23.3,0.0,0.08,38,9.7,0.0,0.0,0.0
2024-03-13T05:00,22.5,0.0,0.04,41,6.3,0.0,0.0,0.0
2024-03-13T06:00,23.8,0.0,0.05,45,7.0,0.0,0.0,0.0
2024-03-13T07:00,24.7,0.0,0.11,44,9.7,48.0,134.7,30.0
2024-03-13T08:00,27.5,0.0,0.23,38,9.9,238.0,422.2,97.0
2024-03-13T09:00,30.2,0.0,0.43,32,12.8,474.0,631.4,127.0
2024-03-13T10:00,32.2,0.0,0.6,28,13.8,684.0,744.6,143.0
2024-03-13T11:00,33.5,0.0,0.72,25,12.7,838.0,801.8,154.0
2024-03-13T12:00,34.6,0.0,0.79,22,12.0,922.0,827.9,160.0
2024-03-13T13:00,35.2,0.0,0.79,20,11.0,926.0,827.9,161.0
2024-03-13T14:00,35.6,0.0,0.72,20,10.4,824.0,751.6,175.0
2024-03-13T15:00,35.3,0.0,0.59,19,12.2,604.0,547.6,197.0
2024-03-13T16:00,35.4,0.0,0.47,18,11.1,469.0,568.9,144.0
2024-03-13T17:00,34.0,0.0,0.38,18,15.3,272.0,489.8,96.0
2024-03-13T18:00,32.0,0.0,0.13,21,6.9,67.0,203.8,37.0
2024-03-13T19:00,30.1,0.0,0.12,24,9.8,0.0,0.0,0.0
2024-03-13T20:00,28.7,0.0,0.11,25,9.9,0.0,0.0,0.0
2024-03-13T21:00,27.6,0.0,0.12,24,10.8,0.0,0.0,0.0
2024-03-13T22:00,26.2,0.0,0.08,23,7.6,0.0,0.0,0.0
2024-03-13T23:00,25.5,0.0,0.09,23,9.0,0.0,0.0,0.0
2024-03-14T00:00,25.2,0.0,0.12,23,11.7,0.0,0.0,0.0
2024-03-14T01:00,24.5,0.0,0.15,25,14.8,0.0,0.0,0.0
2024-03-14T02:00,23.7,0.0,0.12,27,12.4,0.0,0.0,0.0
2024-03-14T03:00,23.2,0.0,0.12,28,12.4,0.0,0.0,0.0
2024-03-14T04:00,22.4,0.0,0.08,31,9.6,0.0,0.0,0.0
2024-03-14T05:00,21.1,0.0,0.05,36,6.5,0.0,0.0,0.0
2024-03-14T06:00,22.2,0.0,0.09,41,11.9,0.0,0.0,0.0
2024-03-14T07:00,23.4,0.0,0.1,40,9.0,53.0,170.0,30.0
2024-03-14T08:00,25.9,0.0,0.21,35,7.1,254.0,486.3,90.0
2024-03-14T09:00,28.4,0.0,0.42,30,11.6,488.0,660.4,123.0
2024-03-14T10:00,30.9,0.0,0.6,24,13.4,695.0,756.6,143.0
2024-03-14T11:00,32.6,0.0,0.73,20,13.7,848.0,810.8,154.0
2024-03-14T12:00,33.7,0.0,0.79,18,12.4,932.0,835.3,161.0
2024-03-14T13:00,34.5,0.0,0.78,16,10.0,936.0,837.8,160.0
2024-03-14T14:00,34.8,0.0,0.71,16,7.9,862.0,816.8,155.0
2024-03-14T15:00,34.8,0.0,0.6,16,7.3,717.0,770.5,143.0
2024-03-14T16:00,34.3,0.0,0.44,16,6.8,515.0,681.0,125.0
2024-03-14T17:00,33.3,0.0,0.27,17,6.6,280.0,515.8,94.0
2024-03-14T18:00,31.3,0.0,0.18,20,10.4,68.0,209.8,37.0
2024-03-14T19:00,28.8,0.0,0.06,24,6.3,0.0,0.0,0.0
2024-03-14T20:00,27.9,0.0,0.1,25,8.8,0.0,0.0,0.0
2024-03-14T21:00,26.8,0.0,0.07,24,6.9,0.0,0.0,0.0
2024-03-14T22:00,26.0,0.0,0.09,24,8.8,0.0,0.0,0.0
2024-03-14T23:00,25.7,0.0,0.1,24,9.7,0.0,0.0,0.0
2024-03-15T00:00,24.9,0.0,0.13,25,12.0,0.0,0.0,0.0
2024-03-15T01:00,24.3,0.0,0.14,25,13.3,0.0,0.0,0.0
2024-03-15T02:00,23.4,0.0,0.12,26,12.2,0.0,0.0,0.0
2024-03-15T03:00,22.5,0.0,0.1,30,11.0,0.0,0.0,0.0
2024-03-15T04:00,22.2,0.0,0.11,33,13.0,0.0,0.0,0.0
2024-03-15T05:00,21.6,0.0,0.07,36,9.2,0.0,0.0,0.0
2024-03-15T06:00,21.6,0.0,0.07,38,9.4,0.0,0.0,0.0
2024-03-15T07:00,23.0,0.0,0.13,37,11.5,55.0,175.3,31.0
2024-03-15T08:00,26.2,0.0,0.25,31,10.1,258.0,490.5,91.0
2024-03-15T09:00,29.2,0.0,0.45,25,13.4,491.0,662.0,123.0
2024-03-15T10:00,31.5,0.0,0.62,21,14.5,696.0,753.4,144.0
2024-03-15T11:00,33.1,0.0,0.72,21,12.1,846.0,802.4,157.0
2024-03-15T12:00,34.2,0.0,0.76,20,8.8,925.0,822.2,164.0
2024-03-15T13:00,35.1,0.0,0.73,20,3.9,930.0,826.0,163.0
2024-03-15T14:00,35.6,0.0,0.63,18,2.2,817.0,722.8,190.0
2024-03-15T15:00,36.1,0.0,0.57,17,5.0,711.0,759.4,144.0
2024-03-15T16:00,36.1,0.0,0.41,16,4.6,502.0,641.0,134.0
2024-03-15T17:00,35.5,0.0,0.29,15,7.6,277.0,500.3,96.0
2024-03-15T18:00,32.7,0.0,0.2,18,11.4,65.0,195.5,36.0
2024-03-15T19:00,30.7,0.0,0.21,19,12.3,0.0,0.0,0.0
2024-03-15T20:00,28.9,0.0,0.11,22,9.6,0.0,0.0,0.0
2024-03-15T21:00,27.9,0.0,0.12,26,11.0,0.0,0.0,0.0
2024-03-15T22:00,27.1,0.0,0.09,27,8.6,0.0,0.0,0.0
2024-03-15T23:00,24.7,0.0,0.08,31,9.1,0.0,0.0,0.0
2024-03-16T00:00,24.9,0.0,0.07,29,7.4,0.0,0.0,0.0
2024-03-16T01:00,23.9,0.0,0.05,31,6.4,0.0,0.0,0.0
2024-03-16T02:00,24.0,0.0,0.15,30,15.7,0.0,0.0,0.0
2024-03-16T03:00,23.7,0.0,0.13,28,13.7,0.0,0.0,0.0
2024-03-16T04:00,22.2,0.0,0.06,29,7.1,0.0,0.0,0.0
2024-03-16T05:00,21.4,0.0,0.07,30,7.9,0.0,0.0,0.0
2024-03-16T06:00,22.0,0.0,0.04,37,5.7,0.0,0.0,0.0
2024-03-16T07:00,23.9,0.0,0.09,34,7.0,55.0,165.9,32.0
2024-03-16T08:00,27.2,0.0,0.21,28,5.8,253.0,465.4,93.0
2024-03-16T09:00,30.6,0.0,0.42,24,8.8,485.0,642.1,126.0
2024-03-16T10:00,32.7,0.0,0.57,27,8.7,689.0,739.5,145.0
2024-03-16T11:00,34.4,0.0,0.69,25,7.4,841.0,792.8,158.0
2024-03-16T12:00,35.6,0.0,0.68,21,1.8,888.0,772.6,171.0
2024-03-16T13:00,36.5,0.0,0.65,19,2.6,827.0,678.0,196.0
2024-03-16T14:00,37.0,0.0,0.62,18,4.0,760.0,649.9,195.0
2024-03-16T15:00,37.3,0.0,0.53,16,6.5,593.0,538.6,190.0
2024-03-16T16:00,36.7,0.0,0.45,15,12.2,365.0,368.4,153.0
2024-03-16T17:00,35.5,0.0,0.36,16,15.1,175.0,220.4,95.0
2024-03-16T18:00,33.2,0.0,0.11,19,5.1,44.0,87.3,31.0
2024-03-16T19:00,31.4,0.0,0.14,22,7.7,0.0,0.0,0.0
2024-03-16T20:00,29.6,0.0,0.07,24,6.4,0.0,0.0,0.0
2024-03-16T21:00,28.6,0.0,0.08,25,7.2,0.0,0.0,0.0
2024-03-16T22:00,26.7,0.0,0.07,28,7.1,0.0,0.0,0.0
2024-03-16T23:00,26.4,0.0,0.06,30,6.5,0.0,0.0,0.0
2024-03-17T00:00,26.0,0.0,0.16,29,16.0,0.0,0.0,0.0
2024-03-17T01:00,26.3,0.0,0.17,23,15.4,0.0,0.0,0.0
2024-03-17T02:00,25.4,0.0,0.12,22,11.4,0.0,0.0,0.0
2024-03-17T03:00,23.1,0.0,0.09,27,9.5,0.0,0.0,0.0
2024-03-17T04:00,23.6,0.0,0.07,28,7.4,0.0,0.0,0.0
2024-03-17T05:00,21.5,0.0,0.07,33,8.7,0.0,0.0,0.0
2024-03-17T06:00,21.6,0.0,0.06,45,8.4,0.0,0.0,0.0
2024-03-17T07:00,23.9,0.0,0.07,40,4.8,58.0,185.3,32.0
2024-03-17T08:00,26.8,0.0,0.2,33,4.2,262.0,486.9,93.0
2024-03-17T09:00,29.8,0.0,0.39,27,6.5,495.0,659.8,124.0
2024-03-17T10:00,32.4,0.0,0.58,24,8.7,701.0,755.4,143.0
2024-03-17T11:00,34.4,0.0,0.71,20,9.4,853.0,806.4,156.0
2024-03-17T12:00,35.7,0.0,0.76,18,6.9,934.0,830.7,161.0
2024-03-17T13:00,36.4,0.0,0.76,16,5.7,937.0,829.7,163.0
2024-03-17T14:00,36.8,0.0,0.69,15,5.1,860.0,806.9,157.0
2024-03-17T15:00,36.9,0.0,0.54,14,4.0,680.0,682.8,168.0
2024-03-17T16:00,37.5,0.0,0.46,12,9.0,458.0,527.0,154.0
2024-03-17T17:00,35.9,0.0,0.33,14,11.0,244.0,373.5,108.0
2024-03-17T18:00,33.6,0.0,0.11,20,5.0,49.0,113.8,32.0
2024-03-17T19:00,31.7,0.0,0.2,30,13.8,0.0,0.0,0.0
2024-03-17T20:00,28.8,0.0,0.1,46,12.3,0.0,0.0,0.0
2024-03-17T21:00,27.9,0.0,0.03,49,4.8,0.0,0.0,0.0
2024-03-17T22:00,26.8,0.0,0.05,54,7.3,0.0,0.0,0.0
2024-03-17T23:00,25.3,0.0,0.03,59,5.2,0.0,0.0,0.0
2024-03-18T00:00,24.6,0.0,0.06,61,10.7,0.0,0.0,0.0
2024-03-18T01:00,25.3,0.0,0.05,50,6.8,0.0,0.0,0.0
2024-03-18T02:00,24.1,0.0,0.09,33,10.0,0.0,0.0,0.0
2024-03-18T03:00,26.2,0.0,0.01,24,2.6,0.0,0.0,0.0
2024-03-18T04:00,24.6,0.0,0.03,28,4.1,0.0,0.0,0.0
2024-03-18T05:00,23.2,0.0,0.05,30,6.0,0.0,0.0,0.0
2024-03-18T06:00,22.1,0.0,0.02,46,4.3,0.0,0.0,0.0
2024-03-18T07:00,24.9,0.0,0.09,37,6.8,59.0,176.0,34.0
2024-03-18T08:00,27.7,0.0,0.21,29,5.1,260.0,470.8,95.0
2024-03-18T09:00,30.2,0.0,0.39,25,6.3,496.0,652.5,127.0
2024-03-18T10:00,32.3,0.0,0.55,22,6.6,685.0,694.4,170.0
2024-03-18T11:00,34.1,0.0,0.69,18,8.8,825.0,716.2,204.0
2024-03-18T12:00,35.1,0.0,0.77,17,10.3,897.0,702.0,242.0
2024-03-18T13:00,35.6,0.0,0.75,16,9.8,867.0,631.0,277.0
2024-03-18T14:00,36.1,0.0,0.75,15,9.8,866.0,810.9,158.0
2024-03-18T15:00,36.1,0.0,0.63,15,9.3,719.0,764.0,145.0
2024-03-18T16:00,35.8,0.0,0.51,15,11.9,516.0,674.6,126.0
2024-03-18T17:00,34.6,0.0,0.38,15,14.5,281.0,503.8,97.0
2024-03-18T18:00,32.1,0.0,0.14,21,7.2,54.0,133.4,34.0
2024-03-18T19:00,32.4,0.0,0.19,18,10.6,0.0,0.0,0.0
2024-03-18T20:00,30.5,0.0,0.14,20,11.0,0.0,0.0,0.0
2024-03-18T21:00,29.6,0.0,0.17,21,13.8,0.0,0.0,0.0
2024-03-18T22:00,27.8,0.0,0.12,24,10.6,0.0,0.0,0.0
2024-03-18T23:00,27.4,0.0,0.17,24,15.0,0.0,0.0,0.0
2024-03-19T00:00,27.2,0.0,0.19,16,15.3,0.0,0.0,0.0
2024-03-19T01:00,26.1,0.0,0.17,13,13.9,0.0,0.0,0.0
2024-03-19T02:00,24.5,0.0,0.1,14,8.7,0.0,0.0,0.0
2024-03-19T03:00,22.0,0.0,0.09,22,9.0,0.0,0.0,0.0
2024-03-19T04:00,21.9,0.0,0.06,27,6.6,0.0,0.0,0.0
2024-03-19T05:00,22.0,0.0,0.07,30,8.0,0.0,0.0,0.0
2024-03-19T06:00,23.0,0.0,0.11,39,13.0,0.0,0.0,0.0
2024-03-19T07:00,24.4,0.0,0.15,38,13.6,62.0,194.8,34.0
2024-03-19T08:00,27.7,0.0,0.28,32,12.5,267.0,489.0,94.0
2024-03-19T09:00,31.0,0.0,0.47,24,13.2,500.0,655.9,127.0
2024-03-19T10:00,33.0,0.0,0.64,19,14.8,705.0,750.7,146.0
2024-03-19T11:00,34.2,0.0,0.76,17,14.4,857.0,803.7,158.0
2024-03-19T12:00,35.0,0.0,0.82,16,13.7,937.0,826.4,164.0
2024-03-19T13:00,35.4,0.0,0.83,16,13.6,939.0,825.9,165.0
2024-03-19T14:00,36.2,0.0,0.79,15,14.7,853.0,788.7,163.0
2024-03-19T15:00,35.3,0.0,0.66,17,16.6,640.0,609.7,181.0
2024-03-19T16:00,35.0,0.0,0.54,17,14.2,521.0,683.5,125.0
2024-03-19T17:00,34.2,0.0,0.36,17,12.9,284.0,518.7,94.0
2024-03-19T18:00,30.9,0.0,0.15,19,8.0,72.0,219.3,39.0
2024-03-19T19:00,27.7,0.0,0.17,22,10.4,0.0,0.0,0.0
2024-03-19T20:00,27.0,0.0,0.09,20,7.9,0.0,0.0,0.0
2024-03-19T21:00,27.8,0.0,0.21,18,17.6,0.0,0.0,0.0
2024-03-19T22:00,28.5,0.0,0.27,20,23.4,0.0,0.0,0.0
2024-03-19T23:00,26.6,0.0,0.19,27,18.7,0.0,0.0,0.0
2024-03-20T00:00,24.4,0.0,0.08,47,11.5,0.0,0.0,0.0
2024-03-20T01:00,23.7,0.0,0.07,53,10.2,0.0,0.0,0.0
2024-03-20T02:00,22.8,0.0,0.05,55,8.2,0.0,0.0,0.0
2024-03-20T03:00,21.9,0.0,0.04,57,7.4,0.0,0.0,0.0
2024-03-20T04:00,21.2,0.0,0.03,58,6.9,0.0,0.0,0.0
2024-03-20T05:00,20.3,0.0,0.03,62,6.1,0.0,0.0,0.0
2024-03-20T06:00,21.0,0.0,0.02,70,6.9,0.0,0.0,0.0
2024-03-20T07:00,22.7,0.0,0.08,64,9.7,65.0,206.2,35.0
2024-03-20T08:00,26.0,0.0,0.23,54,11.5,274.0,501.2,95.0
2024-03-20T09:00,28.8,0.0,0.45,40,17.3,509.0,668.0,127.0
2024-03-20T10:00,30.8,0.0,0.63,26,17.6,716.0,761.0,147.0
2024-03-20T11:00,32.3,0.0,0.77,19,18.4,869.0,814.9,158.0
2024-03-20T12:00,33.1,0.0,0.84,17,18.2,952.0,840.3,164.0
2024-03-20T13:00,33.6,0.0,0.83,16,16.3,955.0,841.1,165.0
2024-03-20T14:00,33.9,0.0,0.77,15,14.3,879.0,821.3,159.0
2024-03-20T15:00,34.0,0.0,0.66,15,12.6,732.0,775.6,147.0
2024-03-20T16:00,33.6,0.0,0.5,14,11.1,527.0,689.0,127.0
2024-03-20T17:00,32.6,0.0,0.32,14,10.4,290.0,525.4,97.0
2024-03-20T18:00,29.9,0.0,0.15,18,8.2,73.0,225.2,39.0
2024-03-20T19:00,28.1,0.0,0.16,20,9.5,0.0,0.0,0.0
2024-03-20T20:00,26.7,0.0,0.09,22,8.2,0.0,0.0,0.0
2024-03-20T21:00,25.2,0.0,0.07,24,7.4,0.0,0.0,0.0
2024-03-20T22:00,24.6,0.0,0.07,26,7.6,0.0,0.0,0.0
2024-03-20T23:00,24.1,0.0,0.12,27,12.4,0.0,0.0,0.0
2024-03-21T00:00,23.8,0.0,0.14,30,14.8,0.0,0.0,0.0
2024-03-21T01:00,23.1,0.0,0.1,41,12.7,0.0,0.0,0.0
2024-03-21T02:00,22.1,0.0,0.06,49,8.6,0.0,0.0,0.0
2024-03-21T03:00,20.9,0.0,0.04,57,7.6,0.0,0.0,0.0
2024-03-21T04:00,20.4,0.0,0.04,64,9.7,0.0,0.0,0.0
2024-03-21T05:00,20.2,0.0,0.03,70,9.2,0.0,0.0,0.0
2024-03-21T06:00,20.6,0.0,0.03,68,8.9,0.0,0.0,0.0
2024-03-21T07:00,22.2,0.0,0.08,66,10.3,67.0,210.6,36.0
2024-03-21T08:00,25.4,0.0,0.22,59,10.8,278.0,504.9,96.0
2024-03-21T09:00,28.2,0.0,0.42,49,15.0,513.0,671.2,127.0
2024-03-21T10:00,30.8,0.0,0.6,33,13.7,716.0,758.1,147.0
2024-03-21T11:00,32.6,0.0,0.7,24,9.0,866.0,809.0,158.0
2024-03-21T12:00,33.7,0.0,0.73,20,4.3,946.0,830.8,165.0
2024-03-21T13:00,34.4,0.0,0.71,19,1.9,945.0,827.7,166.0
2024-03-21T14:00,34.8,0.0,0.7,18,7.2,862.0,797.0,162.0
2024-03-21T15:00,34.7,0.0,0.66,17,14.0,695.0,690.8,173.0
2024-03-21T16:00,34.2,0.0,0.57,16,19.5,480.0,543.2,164.0
2024-03-21T17:00,33.1,0.0,0.41,15,18.4,256.0,388.2,113.0
2024-03-21T18:00,31.1,0.0,0.18,19,10.4,66.0,178.3,39.0
2024-03-21T19:00,28.3,0.0,0.13,24,7.8,0.0,0.0,0.0
2024-03-21T20:00,28.9,0.0,0.08,23,7.5,0.0,0.0,0.0
2024-03-21T21:00,27.6,0.0,0.05,26,5.2,0.0,0.0,0.0
2024-03-21T22:00,25.9,0.0,0.06,30,6.9,0.0,0.0,0.0
2024-03-21T23:00,24.7,0.0,0.07,35,8.4,0.0,0.0,0.0
2024-03-22T00:00,24.3,0.0,0.05,40,6.8,0.0,0.0,0.0
2024-03-22T01:00,23.3,0.0,0.04,44,6.3,0.0,0.0,0.0
2024-03-22T02:00,22.3,0.0,0.07,47,9.7,0.0,0.0,0.0
2024-03-22T03:00,22.8,0.0,0.05,45,7.6,0.0,0.0,0.0
2024-03-22T04:00,22.6,0.0,0.05,45,6.9,0.0,0.0,0.0
2024-03-22T05:00,21.0,0.0,0.06,51,10.2,0.0,0.0,0.0
2024-03-22T06:00,23.1,0.0,0.07,48,6.8,0.0,0.0,0.0
2024-03-22T07:00,25.1,0.0,0.12,43,10.3,67.0,194.8,38.0
2024-03-22T08:00,28.4,0.0,0.27,38,10.7,273.0,481.0,98.0
2024-03-22T09:00,31.4,0.0,0.45,33,11.9,505.0,648.5,130.0
2024-03-22T10:00,33.4,0.0,0.59,27,8.7,708.0,741.9,149.0
2024-03-22T11:00,34.7,0.0,0.68,23,6.4,831.0,740.6,181.0
2024-03-22T12:00,35.9,0.0,0.75,22,4.9,931.0,806.5,171.0
2024-03-22T13:00,36.8,0.0,0.74,20,3.8,928.0,802.6,171.0
2024-03-22T14:00,37.2,0.0,0.65,18,3.8,811.0,710.3,186.0
2024-03-22T15:00,37.0,0.0,0.52,17,4.2,631.0,581.2,191.0
2024-03-22T16:00,36.4,0.0,0.37,18,5.1,420.0,461.5,151.0
2024-03-22T17:00,35.6,0.0,0.24,17,5.4,245.0,387.2,102.0
2024-03-22T18:00,32.6,0.0,0.12,22,5.9,60.0,158.0,36.0
2024-03-22T19:00,30.5,0.0,0.12,27,7.1,0.0,0.0,0.0
2024-03-22T20:00,29.8,0.0,0.05,26,5.0,0.0,0.0,0.0
2024-03-22T21:00,30.2,0.0,0.01,24,2.9,0.0,0.0,0.0
2024-03-22T22:00,30.0,0.0,0.05,24,5.1,0.0,0.0,0.0
2024-03-22T23:00,26.0,0.0,0.05,32,6.1,0.0,0.0,0.0
2024-03-23T00:00,25.6,0.0,0.02,32,3.5,0.0,0.0,0.0
2024-03-23T01:00,24.7,0.0,0.06,34,6.8,0.0,0.0,0.0
2024-03-23T02:00,23.4,0.0,0.06,37,7.2,0.0,0.0,0.0
2024-03-23T03:00,23.1,0.0,0.05,38,7.0,0.0,0.0,0.0
2024-03-23T04:00,22.3,0.0,0.05,41,6.5,0.0,0.0,0.0
2024-03-23T05:00,23.6,0.0,0.09,30,9.4,0.0,0.0,0.0
2024-03-23T06:00,24.2,0.0,0.12,34,9.7,0.0,0.0,0.0
2024-03-23T07:00,26.0,0.0,0.14,30,9.2,70.0,205.8,39.0
2024-03-23T08:00,29.3,0.0,0.23,23,5.1,280.0,495.7,98.0
2024-03-23T09:00,31.7,0.0,0.42,21,6.2,513.0,660.5,129.0
2024-03-23T10:00,33.7,0.0,0.54,22,3.1,715.0,748.3,149.0
2024-03-23T11:00,35.3,0.0,0.65,21,2.3,853.0,780.4,166.0
2024-03-23T12:00,36.3,0.0,0.71,19,1.8,928.0,795.0,177.0
2024-03-23T13:00,37.1,0.0,0.76,18,4.7,939.0,815.8,168.0
2024-03-23T14:00,37.6,0.0,0.75,17,9.8,846.0,776.0,162.0
2024-03-23T15:00,37.8,0.0,0.71,16,15.4,703.0,724.0,154.0
2024-03-23T16:00,37.1,0.0,0.54,16,15.4,466.0,566.8,135.0
2024-03-23T17:00,36.0,0.0,0.34,16,11.7,235.0,370.0,98.0
2024-03-23T18:00,35.6,0.0,0.08,17,3.3,63.0,157.5,39.0
2024-03-23T19:00,31.4,0.0,0.14,24,8.2,0.0,0.0,0.0
2024-03-23T20:00,30.0,0.0,0.11,23,9.6,0.0,0.0,0.0
2024-03-23T21:00,31.3,0.0,0.08,19,6.7,0.0,0.0,0.0
2024-03-23T22:00,29.1,0.0,0.06,22,5.8,0.0,0.0,0.0
2024-03-23T23:00,28.8,0.0,0.05,25,5.1,0.0,0.0,0.0
2024-03-24T00:00,27.8,0.0,0.03,24,3.8,0.0,0.0,0.0
2024-03-24T01:00,26.9,0.0,0.08,23,7.6,0.0,0.0,0.0
2024-03-24T02:00,27.5,0.0,0.08,22,7.6,0.0,0.0,0.0
2024-03-24T03:00,27.2,0.0,0.06,22,6.0,0.0,0.0,0.0
2024-03-24T04:00,25.7,0.0,0.05,24,5.5,0.0,0.0,0.0
2024-03-24T05:00,24.7,0.0,0.06,26,6.4,0.0,0.0,0.0
2024-03-24T06:00,24.7,0.0,0.08,39,6.3,0.0,0.0,0.0
2024-03-24T07:00,27.2,0.0,0.12,32,7.4,67.0,164.1,42.0
2024-03-24T08:00,31.2,0.0,0.19,27,1.3,276.0,475.1,100.0
2024-03-24T09:00,32.7,0.0,0.4,30,4.4,509.0,650.1,129.0
2024-03-24T10:00,34.6,0.0,0.55,26,3.0,709.0,729.7,155.0
2024-03-24T11:00,35.5,0.0,0.63,23,5.2,767.0,652.5,191.0
2024-03-24T12:00,36.9,0.0,0.72,21,2.9,908.0,772.1,177.0
2024-03-24T13:00,37.8,0.0,0.66,19,0.4,858.0,699.1,196.0
2024-03-24T14:00,37.9,0.0,0.58,18,1.8,732.0,591.1,210.0
2024-03-24T15:00,37.7,0.0,0.48,18,1.8,609.0,549.0,192.0
2024-03-24T16:00,36.6,0.0,0.34,19,5.6,354.0,360.7,143.0
2024-03-24T17:00,35.4,0.0,0.27,20,9.0,186.0,258.6,90.0
2024-03-24T18:00,34.1,0.0,0.17,23,8.8,38.0,78.5,26.0
2024-03-24T19:00,33.2,0.0,0.23,22,14.1,0.0,0.0,0.0
2024-03-24T20:00,33.2,0.0,0.21,22,15.8,0.0,0.0,0.0
2024-03-24T21:00,32.4,0.0,0.19,24,15.2,0.0,0.0,0.0
2024-03-24T22:00,30.8,0.0,0.08,27,7.6,0.0,0.0,0.0
2024-03-24T23:00,29.2,0.0,0.06,32,6.3,0.0,0.0,0.0
2024-03-25T00:00,28.8,0.0,0.14,31,12.6,0.0,0.0,0.0
2024-03-25T01:00,28.9,0.0,0.1,31,9.8,0.0,0.0,0.0
2024-03-25T02:00,26.8,0.0,0.04,36,5.3,0.0,0.0,0.0
2024-03-25T03:00,27.1,0.0,0.03,34,3.9,0.0,0.0,0.0
2024-03-25T04:00,25.9,0.0,0.0,39,1.3,0.0,0.0,0.0
2024-03-25T05:00,24.7,0.0,0.02,41,3.6,0.0,0.0,0.0
2024-03-25T06:00,25.5,0.0,0.05,55,4.3,0.0,0.0,0.0
2024-03-25T07:00,27.6,0.0,0.1,47,6.5,71.0,194.8,41.0
2024-03-25T08:00,30.6,0.0,0.29,38,11.3,279.0,476.2,101.0
2024-03-25T09:00,33.3,0.0,0.5,28,14.4,503.0,619.5,139.0
2024-03-25T10:00,35.4,0.0,0.64,23,11.7,710.0,733.6,151.0
2024-03-25T11:00,36.5,0.0,0.65,21,6.6,756.0,624.6,203.0
2024-03-25T12:00,37.5,0.0,0.73,20,3.6,905.0,760.8,183.0
2024-03-25T13:00,37.7,0.0,0.65,19,2.6,811.0,651.4,193.0
2024-03-25T14:00,37.8,0.0,0.6,19,2.6,747.0,618.4,200.0
2024-03-25T15:00,37.5,0.0,0.49,19,3.2,593.0,553.3,172.0
2024-03-25T16:00,37.2,0.0,0.37,19,3.8,441.0,503.4,146.0
2024-03-25T17:00,36.3,0.0,0.21,20,4.2,205.0,260.7,108.0
2024-03-25T18:00,34.1,0.0,0.11,23,4.6,49.0,117.5,31.0
2024-03-25T19:00,32.1,0.0,0.11,25,5.9,0.0,0.0,0.0
2024-03-25T20:00,31.6,0.0,0.1,26,8.3,0.0,0.0,0.0
2024-03-25T21:00,31.4,0.0,0.11,26,9.1,0.0,0.0,0.0
2024-03-25T22:00,30.6,0.0,0.05,27,5.1,0.0,0.0,0.0
2024-03-25T23:00,29.9,0.0,0.05,30,5.6,0.0,0.0,0.0
2024-03-26T00:00,28.7,0.0,0.05,32,5.8,0.0,0.0,0.0
2024-03-26T01:00,28.5,0.0,0.04,33,5.1,0.0,0.0,0.0
2024-03-26T02:00,28.7,0.0,0.1,30,9.2,0.0,0.0,0.0
2024-03-26T03:00,28.4,0.0,0.0,29,1.1,0.0,0.0,0.0
2024-03-26T04:00,27.3,0.0,0.09,33,9.1,0.0,0.0,0.0
2024-03-26T05:00,28.0,0.0,0.09,32,8.9,0.0,0.0,0.0
2024-03-26T06:00,28.8,0.0,0.13,30,8.2,0.0,0.0,0.0
2024-03-26T07:00,29.5,0.0,0.12,31,7.1,66.0,147.7,43.0
2024-03-26T08:00,31.1,0.0,0.27,32,10.0,239.0,281.1,133.0
2024-03-26T09:00,32.9,0.0,0.5,30,14.7,519.0,657.0,131.0
2024-03-26T10:00,34.9,0.0,0.66,26,14.2,724.0,757.1,145.0
2024-03-26T11:00,36.3,0.0,0.68,21,8.9,778.0,664.6,188.0
2024-03-26T12:00,37.4,0.0,0.74,19,6.1,885.0,718.2,202.0
2024-03-26T13:00,38.0,0.0,0.75,18,3.6,937.0,804.9,172.0
2024-03-26T14:00,37.9,0.0,0.54,17,0.8,701.0,573.4,193.0
2024-03-26T15:00,38.1,0.0,0.5,17,1.1,663.0,650.9,167.0
2024-03-26T16:00,37.7,0.0,0.36,17,1.1,486.0,596.2,136.0
2024-03-26T17:00,36.7,0.0,0.21,18,2.9,257.0,388.8,112.0
2024-03-26T18:00,35.1,0.0,0.16,20,7.8,46.0,104.1,30.0
2024-03-26T19:00,33.0,0.0,0.12,23,6.4,0.0,0.0,0.0
2024-03-26T20:00,31.9,0.0,0.07,24,6.5,0.0,0.0,0.0
2024-03-26T21:00,30.3,0.0,0.09,28,8.0,0.0,0.0,0.0
2024-03-26T22:00,30.2,0.0,0.03,28,4.0,0.0,0.0,0.0
2024-03-26T23:00,29.2,0.0,0.07,31,7.0,0.0,0.0,0.0
2024-03-27T00:00,29.1,0.0,0.06,30,6.0,0.0,0.0,0.0
2024-03-27T01:00,29.0,0.0,0.14,29,13.1,0.0,0.0,0.0
2024-03-27T02:00,28.8,0.0,0.07,30,7.4,0.0,0.0,0.0
2024-03-27T03:00,27.9,0.0,0.07,32,7.1,0.0,0.0,0.0
2024-03-27T04:00,28.4,0.0,0.17,32,16.0,0.0,0.0,0.0
2024-03-27T05:00,28.1,0.0,0.18,33,18.1,0.0,0.0,0.0
2024-03-27T06:00,28.3,0.0,0.22,36,19.9,0.0,0.0,0.0
2024-03-27T07:00,29.5,0.0,0.21,34,15.5,72.0,177.9,44.0
2024-03-27T08:00,31.6,0.0,0.35,31,16.2,282.0,473.3,102.0
2024-03-27T09:00,33.9,0.0,0.54,27,18.4,511.0,633.4,135.0
2024-03-27T10:00,36.0,0.0,0.71,23,18.1,713.0,731.0,152.0
2024-03-27T11:00,37.7,0.0,0.81,19,14.9,860.0,781.9,164.0
2024-03-27T12:00,38.9,0.0,0.83,18,10.1,939.0,807.9,169.0
2024-03-27T13:00,39.2,0.0,0.77,17,7.6,874.0,713.1,195.0
2024-03-27T14:00,38.9,0.0,0.65,17,8.2,710.0,575.9,199.0
2024-03-27T15:00,38.5,0.0,0.55,18,6.4,610.0,549.0,191.0
2024-03-27T16:00,37.8,0.0,0.34,19,2.8,406.0,450.7,141.0
2024-03-27T17:00,37.1,0.0,0.2,19,3.4,214.0,304.9,100.0
2024-03-27T18:00,33.7,0.0,0.13,26,6.5,67.0,175.3,40.0
2024-03-27T19:00,32.4,0.0,0.13,28,7.6,0.0,0.0,0.0
2024-03-27T20:00,31.3,0.0,0.07,29,6.9,0.0,0.0,0.0
2024-03-27T21:00,30.6,0.0,0.06,29,6.1,0.0,0.0,0.0
2024-03-27T22:00,31.2,0.0,0.18,26,14.8,0.0,0.0,0.0
2024-03-27T23:00,31.0,0.0,0.15,24,12.4,0.0,0.0,0.0
2024-03-28T00:00,29.6,0.0,0.09,27,8.4,0.0,0.0,0.0
2024-03-28T01:00,28.6,0.0,0.09,29,8.8,0.0,0.0,0.0
2024-03-28T02:00,27.3,0.0,0.09,33,9.2,0.0,0.0,0.0
2024-03-28T03:00,27.7,0.0,0.09,31,8.6,0.0,0.0,0.0
2024-03-28T04:00,27.7,0.0,0.12,30,11.5,0.0,0.0,0.0
2024-03-28T05:00,27.0,0.0,0.1,33,10.2,0.0,0.0,0.0
2024-03-28T06:00,26.3,0.0,0.11,42,9.0,0.0,0.0,0.0
2024-03-28T07:00,28.3,0.0,0.15,41,10.8,75.0,182.3,46.0
2024-03-28T08:00,30.7,0.0,0.31,38,14.2,262.0,372.9,119.0
2024-03-28T09:00,33.2,0.0,0.49,32,15.4,487.0,533.1,169.0
2024-03-28T10:00,35.6,0.0,0.67,26,15.3,710.0,716.8,158.0
2024-03-28T11:00,37.3,0.0,0.74,21,10.6,829.0,741.8,167.0
2024-03-28T12:00,37.8,0.0,0.67,19,5.6,779.0,589.5,216.0
2024-03-28T13:00,38.7,0.0,0.67,18,3.0,825.0,644.8,210.0
2024-03-28T14:00,38.7,0.0,0.58,18,1.6,737.0,566.0,234.0
2024-03-28T15:00,38.4,0.0,0.48,19,1.3,616.0,570.5,180.0
2024-03-28T16:00,37.6,0.0,0.37,19,3.6,433.0,463.6,160.0
2024-03-28T17:00,36.7,0.0,0.23,19,4.9,236.0,341.6,108.0
2024-03-28T18:00,35.7,0.0,0.03,21,0.4,62.0,161.9,37.0
2024-03-28T19:00,34.6,0.0,0.04,23,1.1,0.0,0.0,0.0
2024-03-28T20:00,31.1,0.0,0.04,30,4.8,0.0,0.0,0.0
2024-03-28T21:00,29.9,0.0,0.06,34,6.6,0.0,0.0,0.0
2024-03-28T22:00,30.8,0.0,0.04,31,4.9,0.0,0.0,0.0
2024-03-28T23:00,28.2,0.0,0.06,36,7.0,0.0,0.0,0.0
2024-03-29T00:00,27.3,0.0,0.07,38,8.0,0.0,0.0,0.0
2024-03-29T01:00,28.2,0.0,0.1,34,9.7,0.0,0.0,0.0
2024-03-29T02:00,28.4,0.0,0.1,33,9.6,0.0,0.0,0.0
2024-03-29T03:00,28.4,0.0,0.1,33,9.9,0.0,0.0,0.0
2024-03-29T04:00,27.8,0.0,0.07,34,7.9,0.0,0.0,0.0
2024-03-29T05:00,27.2,0.0,0.06,36,6.6,0.0,0.0,0.0
2024-03-29T06:00,26.5,0.0,0.08,42,6.1,0.0,0.0,0.0
2024-03-29T07:00,29.6,0.0,0.13,35,7.6,72.0,168.0,45.0
2024-03-29T08:00,33.4,0.0,0.3,28,9.8,280.0,424.2,116.0
2024-03-29T09:00,35.9,0.0,0.58,22,18.4,518.0,640.6,134.0
2024-03-29T10:00,37.3,0.0,0.73,20,17.6,715.0,726.0,154.0
2024-03-29T11:00,38.1,0.0,0.72,19,12.8,747.0,620.3,192.0
2024-03-29T12:00,39.2,0.0,0.76,18,9.4,838.0,659.4,207.0
2024-03-29T13:00,39.6,0.0,0.74,17,7.2,844.0,672.0,202.0
2024-03-29T14:00,39.7,0.0,0.65,17,5.2,760.0,605.6,221.0
2024-03-29T15:00,38.9,0.0,0.47,17,4.0,538.0,419.4,217.0
2024-03-29T16:00,38.8,0.0,0.33,17,1.8,413.0,413.7,169.0
2024-03-29T17:00,37.7,0.0,0.19,18,2.5,210.0,290.2,101.0
2024-03-29T18:00,35.9,0.0,0.12,19,5.5,66.0,180.8,38.0
2024-03-29T19:00,33.0,0.0,0.12,23,6.5,0.0,0.0,0.0
2024-03-29T20:00,32.9,0.0,0.1,22,7.9,0.0,0.0,0.0
2024-03-29T21:00,33.3,0.0,0.0,23,0.7,0.0,0.0,0.0
2024-03-29T22:00,30.4,0.0,0.07,29,6.9,0.0,0.0,0.0
2024-03-29T23:00,30.4,0.0,0.07,26,6.3,0.0,0.0,0.0
2024-03-30T00:00,30.0,0.0,0.11,28,9.8,0.0,0.0,0.0
2024-03-30T01:00,29.7,0.0,0.11,30,10.3,0.0,0.0,0.0
2024-03-30T02:00,28.5,0.0,0.06,34,6.4,0.0,0.0,0.0
2024-03-30T03:00,27.4,0.0,0.07,39,7.6,0.0,0.0,0.0
2024-03-30T04:00,27.7,0.0,0.04,37,4.8,0.0,0.0,0.0
2024-03-30T05:00,26.1,0.0,0.07,42,8.4,0.0,0.0,0.0
2024-03-30T06:00,26.3,0.0,0.03,49,6.2,1.0,0.0,1.0
2024-03-30T07:00,28.8,0.0,0.12,42,7.9,83.0,228.0,46.0
2024-03-30T08:00,32.0,0.0,0.28,33,7.6,295.0,495.2,102.0
2024-03-30T09:00,34.2,0.0,0.45,27,7.4,525.0,650.9,133.0
2024-03-30T10:00,36.4,0.0,0.61,23,6.4,724.0,737.8,152.0
2024-03-30T11:00,38.2,0.0,0.71,18,6.5,828.0,735.9,168.0
2024-03-30T12:00,39.6,0.0,0.77,16,6.9,885.0,717.5,197.0
2024-03-30T13:00,40.4,0.0,0.81,15,8.1,915.0,765.0,183.0
2024-03-30T14:00,40.2,0.0,0.71,15,10.2,745.0,613.7,198.0
2024-03-30T15:00,39.5,0.0,0.61,16,12.9,553.0,425.4,227.0
2024-03-30T16:00,38.2,0.0,0.43,17,13.5,279.0,177.7,174.0
2024-03-30T17:00,37.5,0.0,0.33,17,12.5,180.0,207.2,102.0
2024-03-30T18:00,34.7,0.0,0.16,25,8.2,58.0,154.6,34.0
2024-03-30T19:00,32.8,0.0,0.15,27,8.9,0.0,0.0,0.0
2024-03-30T20:00,32.2,0.0,0.12,28,9.9,0.0,0.0,0.0
2024-03-30T21:00,31.4,0.0,0.13,30,11.5,0.0,0.0,0.0
2024-03-30T22:00,30.5,0.0,0.12,32,11.3,0.0,0.0,0.0
2024-03-30T23:00,30.5,0.0,0.09,33,8.8,0.0,0.0,0.0
2024-03-31T00:00,29.3,0.0,0.08,36,8.4,0.0,0.0,0.0
2024-03-31T01:00,28.6,0.0,0.1,39,10.5,0.0,0.0,0.0
2024-03-31T02:00,28.4,0.0,0.11,40,11.5,0.0,0.0,0.0
2024-03-31T03:00,27.9,0.0,0.11,41,12.4,0.0,0.0,0.0
2024-03-31T04:00,27.7,0.0,0.08,42,9.7,0.0,0.0,0.0
2024-03-31T05:00,26.9,0.0,0.09,44,11.2,0.0,0.0,0.0
2024-03-31T06:00,27.5,0.0,0.05,57,8.8,1.0,0.0,1.0
2024-03-31T07:00,28.7,0.0,0.12,54,10.0,78.0,183.1,48.0
2024-03-31T08:00,31.2,0.0,0.28,44,11.0,272.0,389.6,119.0
2024-03-31T09:00,33.4,0.0,0.45,34,12.0,461.0,507.4,154.0
2024-03-31T10:00,35.0,0.0,0.53,29,8.1,599.0,471.9,232.0
2024-03-31T11:00,35.8,0.0,0.56,26,6.7,632.0,390.4,281.0
2024-03-31T12:00,36.6,0.0,0.64,24,6.5,743.0,546.5,218.0
2024-03-31T13:00,37.1,0.0,0.65,22,3.7,789.0,608.3,206.0
2024-03-31T14:00,37.5,0.0,0.65,20,8.5,722.0,587.1,198.0
2024-03-31T15:00,37.9,0.0,0.58,19,7.7,642.0,603.4,179.0
2024-03-31T16:00,37.4,0.0,0.36,20,4.7,396.0,398.9,160.0
2024-03-31T17:00,36.9,0.0,0.25,20,6.8,212.0,283.7,105.0
2024-03-31T18:00,35.6,0.0,0.1,21,4.2,64.0,160.6,39.0
2024-03-31T19:00,33.3,0.0,0.14,25,7.9,0.0,0.0,0.0
2024-03-31T20:00,31.9,0.0,0.11,32,10.1,0.0,0.0,0.0
2024-03-31T21:00,30.8,0.0,0.07,34,6.9,0.0,0.0,0.0
2024-03-31T22:00,29.9,0.0,0.07,36,7.2,0.0,0.0,0.0
2024-03-31T23:00,28.3,0.4,0.06,47,7.9,0.0,0.0,0.0
2024-04-01T00:00,29.2,0.0,0.11,41,11.8,0.0,0.0,0.0
2024-04-01T01:00,28.0,0.0,0.05,44,6.6,0.0,0.0,0.0
2024-04-01T02:00,27.1,0.0,0.06,47,7.4,0.0,0.0,0.0
2024-04-01T03:00,27.2,0.0,0.09,46,10.9,0.0,0.0,0.0
2024-04-01T04:00,26.9,0.0,0.09,43,10.8,0.0,0.0,0.0
2024-04-01T05:00,26.9,0.0,0.1,37,10.9,0.0,0.0,0.0
2024-04-01T06:00,27.5,0.0,0.11,38,10.4,1.0,0.0,1.0
2024-04-01T07:00,29.5,0.0,0.06,34,1.8,86.0,223.7,49.0
2024-04-01T08:00,32.1,0.0,0.26,29,6.8,279.0,394.2,123.0
2024-04-01T09:00,34.8,0.0,0.43,24,5.2,520.0,612.1,148.0
2024-04-01T10:00,36.5,0.0,0.58,22,3.6,723.0,720.4,161.0
2024-04-01T11:00,37.2,0.0,0.62,21,3.8,751.0,590.4,219.0
2024-04-01T12:00,37.8,0.0,0.73,20,5.2,880.0,711.8,195.0
2024-04-01T13:00,38.3,0.0,0.75,19,7.2,863.0,697.0,194.0
2024-04-01T14:00,38.5,0.0,0.68,18,6.9,779.0,665.8,184.0
2024-04-01T15:00,38.6,0.0,0.54,18,5.4,627.0,567.5,191.0
2024-04-01T16:00,38.2,0.0,0.36,18,2.6,455.0,516.5,149.0
2024-04-01T17:00,37.3,0.0,0.29,18,7.6,252.0,391.5,104.0
2024-04-01T18:00,34.6,0.0,0.29,19,17.1,65.0,166.6,39.0
2024-04-01T19:00,32.9,0.0,0.2,21,11.5,0.0,0.0,0.0
2024-04-01T20:00,31.5,0.0,0.16,24,12.8,0.0,0.0,0.0
2024-04-01T21:00,30.5,0.0,0.17,23,13.7,0.0,0.0,0.0
2024-04-01T22:00,29.5,0.0,0.15,24,12.7,0.0,0.0,0.0
2024-04-01T23:00,28.5,0.0,0.11,27,9.7,0.0,0.0,0.0
2024-04-02T00:00,27.7,0.0,0.11,27,10.1,0.0,0.0,0.0
2024-04-02T01:00,26.4,0.0,0.06,29,6.8,0.0,0.0,0.0
2024-04-02T02:00,24.9,0.0,0.08,32,8.2,0.0,0.0,0.0
2024-04-02T03:00,24.8,0.0,0.07,32,7.7,0.0,0.0,0.0
2024-04-02T04:00,24.8,0.0,0.06,32,6.9,0.0,0.0,0.0
2024-04-02T05:00,24.4,0.0,0.06,32,6.9,0.0,0.0,0.0
2024-04-02T06:00,25.8,0.0,0.09,34,7.9,1.0,0.0,1.0
2024-04-02T07:00,27.8,0.0,0.11,32,5.8,91.0,245.6,50.0
2024-04-02T08:00,30.6,0.0,0.25,28,4.9,302.0,489.2,107.0
2024-04-02T09:00,32.9,0.0,0.44,25,6.6,533.0,645.5,139.0
2024-04-02T10:00,35.2,0.0,0.62,21,7.9,734.0,740.0,155.0
2024-04-02T11:00,37.0,0.0,0.75,18,8.2,878.0,788.4,166.0
2024-04-02T12:00,38.2,0.0,0.79,18,5.5,952.0,809.1,172.0
2024-04-02T13:00,39.2,0.0,0.74,17,2.6,928.0,752.2,205.0
2024-04-02T14:00,39.4,0.0,0.65,16,1.8,819.0,678.4,212.0
2024-04-02T15:00,39.1,0.0,0.55,16,3.4,682.0,657.8,176.0
2024-04-02T16:00,38.6,0.0,0.42,15,6.9,426.0,475.3,144.0
2024-04-02T17:00,37.7,0.0,0.36,16,12.4,246.0,374.8,104.0
2024-04-02T18:00,35.6,0.0,0.12,19,5.3,55.0,83.1,42.0
2024-04-02T19:00,33.2,0.0,0.14,23,7.4,0.0,0.0,0.0
2024-04-02T20:00,33.0,0.0,0.12,20,9.4,0.0,0.0,0.0
2024-04-02T21:00,32.7,0.0,0.16,19,11.9,0.0,0.0,0.0
2024-04-02T22:00,32.3,0.0,0.13,17,10.0,0.0,0.0,0.0
2024-04-02T23:00,30.3,0.0,0.07,21,6.3,0.0,0.0,0.0
2024-04-03T00:00,30.0,0.0,0.08,24,7.5,0.0,0.0,0.0
2024-04-03T01:00,29.6,0.0,0.04,24,4.8,0.0,0.0,0.0
2024-04-03T02:00,29.7,0.0,0.13,22,10.7,0.0,0.0,0.0
2024-04-03T03:00,29.4,0.0,0.15,23,12.6,0.0,0.0,0.0
2024-04-03T04:00,27.3,0.0,0.1,27,9.5,0.0,0.0,0.0
2024-04-03T05:00,26.5,0.0,0.1,29,9.6,0.0,0.0,0.0
2024-04-03T06:00,26.7,0.0,0.11,31,8.6,1.0,0.0,1.0
2024-04-03T07:00,28.5,0.0,0.14,29,8.0,91.0,219.6,54.0
2024-04-03T08:00,31.4,0.0,0.33,24,11.9,281.0,398.5,121.0
2024-04-03T09:00,34.3,0.0,0.51,19,13.0,501.0,536.7,172.0
2024-04-03T10:00,36.3,0.0,0.62,19,9.4,696.0,649.9,186.0
2024-04-03T11:00,37.9,0.0,0.71,18,4.7,868.0,762.4,178.0
2024-04-03T12:00,39.4,0.0,0.79,16,7.2,907.0,716.6,215.0
2024-04-03T13:00,39.2,0.0,0.61,16,9.8,592.0,223.4,377.0
2024-04-03T14:00,39.8,0.0,0.59,15,9.5,574.0,320.4,287.0
2024-04-03T15:00,39.0,0.0,0.5,16,12.4,392.0,231.1,214.0
2024-04-03T16:00,38.8,0.0,0.38,16,10.1,274.0,136.3,193.0
2024-04-03T17:00,38.1,0.0,0.24,16,6.9,156.0,118.5,111.0
2024-04-03T18:00,34.9,0.0,0.15,22,7.2,72.0,178.5,44.0
2024-04-03T19:00,32.5,0.0,0.14,26,7.8,0.0,0.0,0.0
2024-04-03T20:00,31.7,0.0,0.07,28,6.3,0.0,0.0,0.0
2024-04-03T21:00,32.4,0.0,0.1,24,8.3,0.0,0.0,0.0
2024-04-03T22:00,32.3,0.0,0.12,22,9.7,0.0,0.0,0.0
2024-04-03T23:00,30.7,0.0,0.08,25,7.2,0.0,0.0,0.0
2024-04-04T00:00,29.6,0.0,0.07,28,6.6,0.0,0.0,0.0
2024-04-04T01:00,29.9,0.0,0.13,26,10.9,0.0,0.0,0.0
2024-04-04T02:00,29.5,0.0,0.23,26,20.4,0.0,0.0,0.0
2024-04-04T03:00,28.4,0.0,0.17,29,15.7,0.0,0.0,0.0
2024-04-04T04:00,27.0,0.0,0.1,32,9.6,0.0,0.0,0.0
2024-04-04T05:00,26.2,0.0,0.07,34,7.6,0.0,0.0,0.0
2024-04-04T06:00,26.7,0.0,0.1,37,8.4,1.0,0.0,1.0
2024-04-04T07:00,28.7,0.0,0.15,35,9.2,95.0,258.9,51.0
2024-04-04T08:00,31.8,0.0,0.32,29,11.0,308.0,492.1,109.0
2024-04-04T09:00,34.8,0.0,0.52,23,12.3,538.0,651.4,137.0
2024-04-04T10:00,37.0,0.0,0.68,19,12.0,739.0,743.3,154.0
2024-04-04T11:00,38.3,0.0,0.76,18,8.2,881.0,788.4,166.0
2024-04-04T12:00,39.5,0.0,0.79,16,4.8,953.0,806.4,173.0
2024-04-04T13:00,40.0,0.0,0.66,15,3.5,788.0,552.0,256.0
2024-04-04T14:00,39.5,0.0,0.49,15,6.0,500.0,301.0,230.0
2024-04-04T15:00,39.0,0.0,0.39,15,9.4,275.0,103.8,195.0
2024-04-04T16:00,38.5,0.0,0.35,16,10.8,210.0,110.9,144.0
2024-04-04T17:00,38.2,0.0,0.26,16,8.2,167.0,160.4,106.0
2024-04-04T18:00,36.4,0.0,0.21,19,10.5,39.0,70.0,28.0
2024-04-04T19:00,34.9,0.0,0.3,19,18.3,0.0,0.0,0.0
2024-04-04T20:00,34.1,0.0,0.17,20,12.3,0.0,0.0,0.0
2024-04-04T21:00,32.2,0.0,0.15,23,11.6,0.0,0.0,0.0
2024-04-04T22:00,32.7,0.0,0.22,21,16.7,0.0,0.0,0.0
2024-04-04T23:00,31.8,0.0,0.16,22,13.0,0.0,0.0,0.0
2024-04-05T00:00,30.4,0.0,0.12,25,10.1,0.0,0.0,0.0
2024-04-05T01:00,29.4,0.0,0.15,27,13.4,0.0,0.0,0.0
2024-04-05T02:00,29.3,0.0,0.17,27,14.8,0.0,0.0,0.0
2024-04-05T03:00,27.8,0.0,0.04,31,4.7,0.0,0.0,0.0
2024-04-05T04:00,28.1,0.0,0.02,31,3.3,0.0,0.0,0.0
2024-04-05T05:00,27.6,0.0,0.04,33,4.8,0.0,0.0,0.0
2024-04-05T06:00,27.6,0.0,0.12,34,9.1,1.0,0.0,1.0
2024-04-05T07:00,29.0,0.0,0.14,32,8.0,95.0,250.8,52.0
2024-04-05T08:00,32.3,0.0,0.32,26,9.7,311.0,498.4,108.0
2024-04-05T09:00,35.1,0.0,0.54,22,13.4,540.0,647.1,140.0
2024-04-05T10:00,36.9,0.0,0.71,19,14.1,740.0,738.7,157.0
2024-04-05T11:00,38.4,0.0,0.8,17,11.6,882.0,785.6,168.0
2024-04-05T12:00,39.6,0.0,0.84,16,8.9,963.0,816.5,172.0
2024-04-05T13:00,39.8,0.0,0.73,15,4.3,878.0,691.1,211.0
2024-04-05T14:00,39.2,0.0,0.57,16,0.8,734.0,584.7,209.0
2024-04-05T15:00,39.3,0.0,0.5,15,1.5,652.0,597.2,191.0
2024-04-05T16:00,39.0,0.0,0.44,15,7.6,440.0,493.6,146.0
2024-04-05T17:00,38.0,0.0,0.31,16,9.4,224.0,270.2,121.0
2024-04-05T18:00,35.6,0.0,0.18,17,8.4,52.0,101.5,36.0
2024-04-05T19:00,32.4,0.0,0.1,21,4.6,0.0,0.0,0.0
2024-04-05T20:00,32.4,0.0,0.13,22,10.4,0.0,0.0,0.0
2024-04-05T21:00,31.7,0.0,0.12,23,10.1,0.0,0.0,0.0
2024-04-05T22:00,30.9,0.0,0.12,24,9.8,0.0,0.0,0.0
2024-04-05T23:00,28.5,0.0,0.1,28,9.0,0.0,0.0,0.0
2024-04-06T00:00,29.9,0.0,0.12,25,10.5,0.0,0.0,0.0
2024-04-06T01:00,29.5,0.0,0.06,26,6.0,0.0,0.0,0.0
2024-04-06T02:00,28.6,0.0,0.12,28,10.6,0.0,0.0,0.0
2024-04-06T03:00,27.8,0.0,0.13,30,12.6,0.0,0.0,0.0
2024-04-06T04:00,26.5,0.0,0.08,33,8.5,0.0,0.0,0.0
2024-04-06T05:00,26.2,0.0,0.09,34,9.3,0.0,0.0,0.0
2024-04-06T06:00,27.1,0.0,0.13,37,12.1,2.0,0.0,2.0
2024-04-06T07:00,28.9,0.0,0.17,34,10.5,100.0,247.1,57.0
2024-04-06T08:00,31.8,0.0,0.35,28,12.6,315.0,502.3,109.0
2024-04-06T09:00,34.3,0.0,0.54,23,14.6,541.0,642.8,142.0
2024-04-06T10:00,36.3,0.0,0.68,20,13.1,726.0,693.7,177.0
2024-04-06T11:00,37.9,0.0,0.78,18,11.0,861.0,741.2,186.0
2024-04-06T12:00,38.7,0.0,0.77,17,4.5,940.0,767.8,195.0
2024-04-06T13:00,39.1,0.0,0.63,17,0.8,799.0,574.4,244.0
2024-04-06T14:00,39.0,0.0,0.57,16,2.4,705.0,539.6,220.0
2024-04-06T15:00,38.4,0.0,0.47,16,5.1,525.0,440.0,185.0
2024-04-06T16:00,38.5,0.0,0.44,16,6.9,475.0,565.1,138.0
2024-04-06T17:00,38.1,0.0,0.31,16,9.1,231.0,290.6,120.0
2024-04-06T18:00,35.7,0.0,0.18,18,8.9,61.0,132.9,40.0
2024-04-06T19:00,33.9,0.0,0.22,20,12.9,0.0,0.0,0.0
2024-04-06T20:00,32.5,0.0,0.14,22,11.3,0.0,0.0,0.0
2024-04-06T21:00,31.8,0.0,0.09,23,7.6,0.0,0.0,0.0
2024-04-06T22:00,31.9,0.0,0.09,22,7.3,0.0,0.0,0.0
2024-04-06T23:00,31.3,0.0,0.16,21,12.4,0.0,0.0,0.0
2024-04-07T00:00,30.0,0.0,0.14,23,11.9,0.0,0.0,0.0
2024-04-07T01:00,28.0,0.0,0.06,27,6.1,0.0,0.0,0.0
2024-04-07T02:00,28.1,0.0,0.05,27,5.4,0.0,0.0,0.0
2024-04-07T03:00,27.8,0.0,0.08,27,7.9,0.0,0.0,0.0
2024-04-07T04:00,27.6,0.0,0.14,28,13.0,0.0,0.0,0.0
2024-04-07T05:00,26.8,0.0,0.13,30,12.3,0.0,0.0,0.0
2024-04-07T06:00,28.2,0.0,0.12,28,9.4,2.0,0.0,2.0
2024-04-07T07:00,29.6,0.0,0.15,27,7.6,90.0,197.6,55.0
2024-04-07T08:00,31.8,0.0,0.33,24,12.8,254.0,314.8,124.0
2024-04-07T09:00,34.0,0.0,0.51,20,16.8,428.0,333.8,220.0
2024-04-07T10:00,36.4,0.0,0.72,16,19.5,675.0,559.5,231.0
2024-04-07T11:00,38.2,0.0,0.87,14,18.8,871.0,750.7,186.0
2024-04-07T12:00,39.1,0.0,0.9,14,15.8,938.0,747.1,212.0
2024-04-07T13:00,40.1,0.0,0.85,13,8.9,963.0,799.0,190.0
2024-04-07T14:00,40.2,0.0,0.65,12,3.1,796.0,660.2,202.0
2024-04-07T15:00,39.6,0.0,0.41,13,2.6,482.0,337.4,221.0
2024-04-07T16:00,39.2,0.0,0.36,13,8.0,286.0,219.4,155.0
2024-04-07T17:00,38.2,0.0,0.42,14,18.2,160.0,125.4,112.0
2024-04-07T18:00,35.9,0.0,0.18,16,8.2,57.0,120.0,38.0
2024-04-07T19:00,34.1,0.0,0.27,20,16.2,0.0,0.0,0.0
2024-04-07T20:00,33.4,0.0,0.14,21,10.9,0.0,0.0,0.0
2024-04-07T21:00,32.4,0.0,0.1,21,7.9,0.0,0.0,0.0
2024-04-07T22:00,30.3,0.0,0.07,24,6.5,0.0,0.0,0.0
2024-04-07T23:00,30.4,0.0,0.12,24,9.8,0.0,0.0,0.0
2024-04-08T00:00,29.6,0.0,0.06,26,6.1,0.0,0.0,0.0
2024-04-08T01:00,29.5,0.0,0.16,24,13.8,0.0,0.0,0.0
2024-04-08T02:00,28.2,0.0,0.12,25,11.2,0.0,0.0,0.0
2024-04-08T03:00,27.1,0.0,0.11,29,10.5,0.0,0.0,0.0
2024-04-08T04:00,26.7,0.0,0.09,32,9.4,0.0,0.0,0.0
2024-04-08T05:00,26.4,0.0,0.09,34,9.1,0.0,0.0,0.0
2024-04-08T06:00,26.1,0.0,0.1,37,8.6,2.0,0.0,2.0
2024-04-08T07:00,28.4,0.0,0.16,34,9.7,104.0,266.4,56.0
2024-04-08T08:00,30.8,0.0,0.34,33,13.0,321.0,512.4,108.0
2024-04-08T09:00,33.0,0.0,0.5,29,11.9,550.0,661.7,136.0
2024-04-08T10:00,35.1,0.0,0.66,25,11.6,745.0,739.0,157.0
2024-04-08T11:00,36.9,0.0,0.77,21,9.7,887.0,786.5,168.0
2024-04-08T12:00,37.4,0.0,0.72,19,10.2,786.0,580.6,221.0
2024-04-08T13:00,38.2,0.0,0.73,17,5.3,871.0,703.1,190.0
2024-04-08T14:00,38.5,0.0,0.58,17,3.6,688.0,535.2,206.0
2024-04-08T15:00,38.6,0.0,0.54,17,3.6,666.0,623.9,183.0
2024-04-08T16:00,37.8,0.0,0.35,17,3.3,414.0,443.3,149.0
2024-04-08T17:00,37.3,0.0,0.23,17,4.1,250.0,380.9,104.0
2024-04-08T18:00,33.9,0.0,0.15,22,7.4,67.0,170.1,40.0
2024-04-08T19:00,32.2,0.0,0.14,23,7.7,0.0,0.0,0.0
2024-04-08T20:00,32.7,0.0,0.09,21,7.6,0.0,0.0,0.0
2024-04-08T21:00,31.4,0.0,0.07,25,6.4,0.0,0.0,0.0
2024-04-08T22:00,29.9,0.0,0.06,33,6.1,0.0,0.0,0.0
2024-04-08T23:00,30.6,0.0,0.15,34,14.2,0.0,0.0,0.0
2024-04-09T00:00,29.0,0.0,0.08,37,8.7,0.0,0.0,0.0
2024-04-09T01:00,28.1,0.0,0.01,39,2.3,0.0,0.0,0.0
2024-04-09T02:00,26.8,0.0,0.07,41,8.4,0.0,0.0,0.0
2024-04-09T03:00,27.6,0.0,0.1,38,11.1,0.0,0.0,0.0
2024-04-09T04:00,27.5,0.0,0.11,47,14.0,0.0,0.0,0.0
2024-04-09T05:00,26.7,0.0,0.09,55,14.0,0.0,0.0,0.0
2024-04-09T06:00,27.3,0.0,0.12,57,17.6,3.0,0.0,3.0
2024-04-09T07:00,28.4,0.0,0.19,51,17.2,104.0,262.0,56.0
2024-04-09T08:00,30.2,0.0,0.34,46,18.3,319.0,501.8,109.0
2024-04-09T09:00,32.7,0.0,0.53,38,18.8,547.0,651.2,138.0
2024-04-09T10:00,35.3,0.0,0.71,28,18.0,743.0,734.6,157.0
2024-04-09T11:00,36.9,0.0,0.74,22,13.0,795.0,648.6,201.0
2024-04-09T12:00,38.1,0.0,0.75,20,9.3,835.0,651.6,200.0
2024-04-09T13:00,38.9,0.0,0.75,18,7.9,854.0,671.4,203.0
2024-04-09T14:00,39.0,0.0,0.67,17,7.4,743.0,580.1,220.0
2024-04-09T15:00,38.3,0.0,0.55,18,10.1,535.0,476.2,166.0
2024-04-09T16:00,38.0,0.0,0.44,17,7.7,447.0,499.7,148.0
2024-04-09T17:00,37.2,0.0,0.28,18,7.6,238.0,351.5,103.0
2024-04-09T18:00,34.5,0.0,0.13,22,6.2,72.0,176.1,44.0
2024-04-09T19:00,33.5,0.0,0.13,22,6.6,0.0,0.0,0.0
2024-04-09T20:00,32.5,0.0,0.1,24,8.2,0.0,0.0,0.0
2024-04-09T21:00,30.6,0.0,0.07,28,6.4,0.0,0.0,0.0
2024-04-09T22:00,30.2,0.0,0.1,29,8.9,0.0,0.0,0.0
2024-04-09T23:00,29.6,0.0,0.11,40,11.2,0.0,0.0,0.0
2024-04-10T00:00,29.0,0.0,0.1,40,10.6,0.0,0.0,0.0
2024-04-10T01:00,29.0,0.0,0.14,37,14.7,0.0,0.0,0.0
2024-04-10T02:00,28.8,0.0,0.14,41,15.7,0.0,0.0,0.0
2024-04-10T03:00,28.1,0.0,0.13,48,15.6,0.0,0.0,0.0
2024-04-10T04:00,27.6,0.0,0.11,51,14.4,0.0,0.0,0.0
2024-04-10T05:00,27.2,0.0,0.09,53,13.1,0.0,0.0,0.0
2024-04-10T06:00,26.4,0.0,0.08,57,11.3,3.0,0.0,3.0
2024-04-10T07:00,28.4,0.0,0.17,50,14.0,106.0,257.8,58.0
2024-04-10T08:00,30.5,0.0,0.33,43,15.0,320.0,501.0,109.0
2024-04-10T09:00,33.0,0.0,0.53,35,17.5,546.0,644.0,140.0
2024-04-10T10:00,35.1,0.0,0.69,29,16.2,740.0,727.7,158.0
2024-04-10T11:00,36.5,0.0,0.75,25,13.3,815.0,691.0,181.0
2024-04-10T12:00,37.6,0.0,0.76,22,11.5,822.0,634.3,203.0
2024-04-10T13:00,38.2,0.0,0.76,21,10.8,830.0,620.2,228.0
2024-04-10T14:00,38.4,0.0,0.72,20,11.2,759.0,615.1,204.0
2024-04-10T15:00,38.2,0.0,0.6,20,11.2,603.0,551.9,175.0
2024-04-10T16:00,38.0,0.0,0.47,20,10.1,455.0,517.5,145.0
2024-04-10T17:00,36.9,0.0,0.34,21,12.4,235.0,335.3,106.0
2024-04-10T18:00,35.6,0.0,0.12,24,5.5,52.0,94.1,37.0
2024-04-10T19:00,33.2,0.0,0.1,30,5.8,0.0,0.0,0.0
2024-04-10T20:00,33.3,0.0,0.07,28,6.2,0.0,0.0,0.0
2024-04-10T21:00,30.7,0.0,0.02,33,3.4,0.0,0.0,0.0
2024-04-10T22:00,28.4,0.0,0.05,45,6.4,0.0,0.0,0.0
2024-04-10T23:00,28.5,0.0,0.08,44,9.7,0.0,0.0,0.0
2024-04-11T00:00,27.7,0.1,0.07,48,9.2,0.0,0.0,0.0
2024-04-11T01:00,27.8,0.0,0.12,47,15.2,0.0,0.0,0.0
2024-04-11T02:00,26.5,0.0,0.12,52,18.0,0.0,0.0,0.0
2024-04-11T03:00,25.8,0.0,0.06,56,9.3,0.0,0.0,0.0
2024-04-11T04:00,25.8,0.0,0.03,55,5.8,0.0,0.0,0.0
2024-04-11T05:00,25.7,0.0,0.05,55,7.5,0.0,0.0,0.0
2024-04-11T06:00,26.1,0.0,0.1,55,13.7,3.0,0.0,3.0
2024-04-11T07:00,26.8,0.0,0.15,59,15.3,87.0,163.8,56.0
2024-04-11T08:00,28.9,0.0,0.3,52,17.9,299.0,427.0,118.0
2024-04-11T09:00,30.9,0.0,0.44,45,18.1,451.0,461.5,159.0
2024-04-11T10:00,33.8,0.0,0.65,36,14.6,742.0,721.0,164.0
2024-04-11T11:00,35.8,0.0,0.74,30,11.6,845.0,717.0,186.0
2024-04-11T12:00,37.0,0.0,0.76,26,9.4,863.0,655.0,223.0
2024-04-11T13:00,27.3,1.3,0.35,63,23.1,406.0,125.6,284.0
2024-04-11T14:00,32.5,0.0,0.46,37,10.3,483.0,249.2,258.0
2024-04-11T15:00,28.5,2.1,0.4,55,14.4,469.0,346.6,200.0
2024-04-11T16:00,30.4,0.0,0.35,45,14.8,326.0,293.5,150.0
2024-04-11T17:00,30.0,0.0,0.26,45,15.3,203.0,254.3,105.0
2024-04-11T18:00,29.4,0.0,0.1,48,7.2,53.0,93.9,38.0
2024-04-11T19:00,28.5,0.0,0.1,53,9.4,0.0,0.0,0.0
2024-04-11T20:00,26.5,0.1,0.07,62,12.5,0.0,0.0,0.0
2024-04-11T21:00,24.9,1.1,0.06,74,15.1,0.0,0.0,0.0
2024-04-11T22:00,23.8,1.6,0.06,78,21.3,0.0,0.0,0.0
2024-04-11T23:00,23.6,0.0,0.05,76,15.3,0.0,0.0,0.0
2024-04-12T00:00,23.9,0.0,0.06,71,15.7,0.0,0.0,0.0
2024-04-12T01:00,23.6,0.0,0.04,73,11.5,0.0,0.0,0.0
2024-04-12T02:00,23.5,0.0,0.04,74,12.5,0.0,0.0,0.0
2024-04-12T03:00,23.5,0.0,0.05,72,14.1,0.0,0.0,0.0
2024-04-12T04:00,23.0,0.0,0.05,75,15.7,0.0,0.0,0.0
2024-04-12T05:00,22.3,0.0,0.04,80,14.7,0.0,0.0,0.0
2024-04-12T06:00,24.5,0.0,0.04,73,8.9,3.0,0.0,3.0
2024-04-12T07:00,27.1,0.0,0.11,62,8.1,102.0,234.2,57.0
2024-04-12T08:00,30.1,0.0,0.29,44,11.3,295.0,426.7,113.0
2024-04-12T09:00,32.9,0.0,0.49,32,12.2,527.0,584.2,156.0
2024-04-12T10:00,34.7,0.0,0.61,26,10.1,692.0,637.1,180.0
2024-04-12T11:00,34.6,0.0,0.48,25,4.6,556.0,351.9,232.0
2024-04-12T12:00,31.9,0.8,0.61,40,13.0,717.0,479.4,248.0
2024-04-12T13:00,30.1,0.7,0.43,49,9.7,498.0,242.7,262.0
2024-04-12T14:00,32.1,0.1,0.46,36,4.3,565.0,381.7,220.0
2024-04-12T15:00,33.0,0.0,0.49,34,6.5,589.0,518.8,186.0
2024-04-12T16:00,33.3,0.0,0.42,34,8.0,470.0,523.2,156.0
2024-04-12T17:00,30.9,0.0,0.3,42,14.8,258.0,396.4,105.0
2024-04-12T18:00,31.7,0.0,0.07,34,2.5,65.0,131.2,44.0
2024-04-12T19:00,30.1,0.0,0.13,40,9.9,0.0,0.0,0.0
2024-04-12T20:00,29.2,0.0,0.07,44,7.7,0.0,0.0,0.0
2024-04-12T21:00,28.7,0.0,0.07,45,7.9,0.0,0.0,0.0
2024-04-12T22:00,27.9,0.0,0.13,49,16.7,0.0,0.0,0.0
2024-04-12T23:00,26.0,0.0,0.09,59,14.3,0.0,0.0,0.0
2024-04-13T00:00,25.6,0.0,0.09,62,17.4,0.0,0.0,0.0
2024-04-13T01:00,25.7,0.0,0.08,60,14.1,0.0,0.0,0.0
2024-04-13T02:00,25.5,0.0,0.06,62,10.5,0.0,0.0,0.0
2024-04-13T03:00,22.8,5.5,0.0,85,1.3,0.0,0.0,0.0
2024-04-13T04:00,23.0,0.0,0.0,88,4.0,0.0,0.0,0.0
2024-04-13T05:00,22.7,0.0,0.0,88,3.8,0.0,0.0,0.0
2024-04-13T06:00,24.0,0.0,0.03,79,9.1,4.0,0.0,4.0
2024-04-13T07:00,25.7,0.0,0.09,73,8.9,98.0,194.8,60.0
2024-04-13T08:00,28.1,0.0,0.25,58,12.3,268.0,351.9,117.0
2024-04-13T09:00,29.8,0.0,0.38,49,14.8,416.0,389.2,168.0
2024-04-13T10:00,31.0,0.0,0.48,45,15.3,534.0,376.2,231.0
2024-04-13T11:00,31.6,0.0,0.47,44,12.8,509.0,326.4,208.0
2024-04-13T12:00,34.0,0.0,0.75,41,13.0,894.0,699.4,209.0
2024-04-13T13:00,34.5,0.0,0.72,38,12.0,847.0,613.3,250.0
2024-04-13T14:00,26.6,5.9,0.27,68,10.3,321.0,66.3,261.0
2024-04-13T15:00,30.9,0.2,0.35,51,6.6,409.0,306.2,171.0
2024-04-13T16:00,31.5,0.0,0.3,48,2.6,385.0,372.9,161.0
2024-04-13T17:00,31.1,0.0,0.2,47,3.2,254.0,356.9,116.0
2024-04-13T18:00,27.3,0.0,0.08,69,8.7,63.0,149.6,39.0
2024-04-13T19:00,26.5,0.0,0.01,70,6.9,1.0,0.0,1.0
2024-04-13T20:00,26.7,0.0,0.05,67,10.0,0.0,0.0,0.0
2024-04-13T21:00,27.4,0.0,0.07,64,12.0,0.0,0.0,0.0
2024-04-13T22:00,27.2,0.0,0.07,62,12.5,0.0,0.0,0.0
2024-04-13T23:00,27.0,0.0,0.06,60,10.0,0.0,0.0,0.0
2024-04-14T00:00,27.0,0.0,0.07,57,11.1,0.0,0.0,0.0
2024-04-14T01:00,26.8,0.0,0.09,55,13.3,0.0,0.0,0.0
2024-04-14T02:00,24.8,0.1,0.06,69,14.3,0.0,0.0,0.0
2024-04-14T03:00,24.3,0.0,0.05,72,12.1,0.0,0.0,0.0
2024-04-14T04:00,23.8,0.0,0.01,72,4.5,0.0,0.0,0.0
2024-04-14T05:00,23.7,0.0,0.01,74,4.3,0.0,0.0,0.0
2024-04-14T06:00,24.7,0.0,0.0,87,0.8,4.0,0.0,4.0
2024-04-14T07:00,26.7,0.0,0.08,76,5.4,105.0,217.3,62.0
2024-04-14T08:00,29.6,0.0,0.25,60,5.4,321.0,477.3,115.0
2024-04-14T09:00,31.7,0.0,0.42,49,3.7,545.0,627.1,144.0
2024-04-14T10:00,33.4,0.0,0.57,41,2.3,736.0,709.8,163.0
2024-04-14T11:00,34.8,0.0,0.67,37,1.8,863.0,741.7,178.0
2024-04-14T12:00,36.0,0.0,0.73,33,1.8,921.0,751.6,184.0
2024-04-14T13:00,36.6,0.0,0.69,30,2.9,857.0,668.2,206.0
2024-04-14T14:00,36.3,0.0,0.52,29,5.2,588.0,291.7,324.0
2024-04-14T15:00,35.4,0.0,0.26,29,4.0,255.0,115.7,165.0
2024-04-14T16:00,30.1,0.0,0.31,50,20.0,242.0,116.4,172.0
2024-04-14T17:00,32.5,0.0,0.22,38,7.0,202.0,265.9,99.0
2024-04-14T18:00,31.1,0.0,0.09,48,4.7,71.0,168.0,44.0
2024-04-14T19:00,30.1,0.0,0.06,47,8.2,1.0,0.0,1.0
2024-04-14T20:00,28.2,0.0,0.03,57,5.6,0.0,0.0,0.0
2024-04-14T21:00,28.1,0.0,0.04,60,6.1,0.0,0.0,0.0
2024-04-14T22:00,27.6,0.0,0.04,61,6.5,0.0,0.0,0.0
2024-04-14T23:00,27.6,0.0,0.05,58,7.5,0.0,0.0,0.0
2024-04-15T00:00,27.3,0.0,0.05,56,7.2,0.0,0.0,0.0
2024-04-15T01:00,26.6,0.0,0.05,58,7.6,0.0,0.0,0.0
2024-04-15T02:00,25.8,0.0,0.04,60,6.9,0.0,0.0,0.0
2024-04-15T03:00,25.6,0.0,0.05,59,7.9,0.0,0.0,0.0
2024-04-15T04:00,25.6,0.0,0.04,57,7.1,0.0,0.0,0.0
2024-04-15T05:00,25.3,0.0,0.04,56,7.4,0.0,0.0,0.0
2024-04-15T06:00,26.4,0.0,0.06,60,8.5,5.0,0.0,5.0
2024-04-15T07:00,28.7,0.0,0.14,51,9.3,112.0,239.2,64.0
2024-04-15T08:00,31.1,0.0,0.32,41,13.6,305.0,410.1,127.0
2024-04-15T09:00,33.2,0.0,0.52,34,15.1,537.0,595.4,155.0
2024-04-15T10:00,34.9,0.0,0.66,30,13.4,728.0,668.8,187.0
2024-04-15T11:00,36.1,0.0,0.74,28,10.4,843.0,674.6,219.0
2024-04-15T12:00,36.9,0.0,0.74,27,8.5,848.0,619.4,240.0
2024-04-15T13:00,37.2,0.0,0.71,26,6.5,838.0,619.5,234.0
2024-04-15T14:00,37.5,0.0,0.66,26,3.4,809.0,692.3,182.0
2024-04-15T15:00,37.5,0.0,0.5,25,1.6,640.0,593.5,178.0
2024-04-15T16:00,37.1,0.0,0.35,25,1.0,467.0,533.4,146.0
2024-04-15T17:00,36.5,0.0,0.22,26,3.7,242.0,345.4,108.0
2024-04-15T18:00,33.9,0.0,0.16,30,8.4,79.0,204.9,46.0
2024-04-15T19:00,32.2,0.0,0.09,34,8.6,1.0,0.0,1.0
2024-04-15T20:00,31.0,0.0,0.08,39,8.2,0.0,0.0,0.0
2024-04-15T21:00,29.9,0.0,0.06,43,7.3,0.0,0.0,0.0
2024-04-15T22:00,29.5,0.0,0.05,43,6.5,0.0,0.0,0.0
2024-04-15T23:00,28.1,0.0,0.05,48,7.1,0.0,0.0,0.0
2024-04-16T00:00,27.7,0.0,0.04,50,5.8,0.0,0.0,0.0
2024-04-16T01:00,28.1,0.0,0.03,49,5.1,0.0,0.0,0.0
2024-04-16T02:00,26.7,0.0,0.03,54,4.6,0.0,0.0,0.0
2024-04-16T03:00,27.1,0.0,0.04,50,5.4,0.0,0.0,0.0
2024-04-16T04:00,26.7,0.0,0.05,52,6.7,0.0,0.0,0.0
2024-04-16T05:00,27.0,0.0,0.04,51,5.9,0.0,0.0,0.0
2024-04-16T06:00,26.8,0.0,0.05,51,5.7,5.0,0.0,5.0
2024-04-16T07:00,29.5,0.0,0.14,42,7.4,105.0,206.4,63.0
2024-04-16T08:00,31.6,0.0,0.26,35,4.6,314.0,433.0,125.0
2024-04-16T09:00,33.4,0.0,0.43,32,5.6,519.0,543.8,169.0
2024-04-16T10:00,35.2,0.0,0.58,28,3.6,733.0,687.1,176.0
2024-04-16T11:00,36.6,0.0,0.69,25,2.5,872.0,740.6,186.0
2024-04-16T12:00,37.6,0.0,0.73,24,1.1,931.0,764.3,180.0
2024-04-16T13:00,37.7,0.0,0.66,23,1.8,830.0,633.3,212.0
2024-04-16T14:00,38.4,0.0,0.66,23,2.9,820.0,701.8,184.0
2024-04-16T15:00,38.5,0.0,0.55,22,2.8,677.0,649.6,171.0
2024-04-16T16:00,37.7,0.0,0.45,23,7.6,478.0,542.9,151.0
2024-04-16T17:00,35.5,0.2,0.28,27,8.7,234.0,332.0,105.0
2024-04-16T18:00,34.5,0.0,0.16,28,7.9,74.0,179.7,45.0
2024-04-16T19:00,32.5,0.0,0.09,32,8.5,1.0,0.0,1.0
2024-04-16T20:00,31.2,0.0,0.07,35,7.0,0.0,0.0,0.0
2024-04-16T21:00,30.6,0.0,0.09,37,8.7,0.0,0.0,0.0
2024-04-16T22:00,30.2,0.0,0.1,38,9.8,0.0,0.0,0.0
2024-04-16T23:00,29.2,0.0,0.05,42,6.4,0.0,0.0,0.0
2024-04-17T00:00,28.3,0.0,0.05,45,6.1,0.0,0.0,0.0
2024-04-17T01:00,27.7,0.0,0.05,47,6.5,0.0,0.0,0.0
2024-04-17T02:00,28.3,0.0,0.06,45,7.2,0.0,0.0,0.0
2024-04-17T03:00,27.0,0.0,0.06,52,8.3,0.0,0.0,0.0
2024-04-17T04:00,26.3,0.0,0.06,54,8.4,0.0,0.0,0.0
2024-04-17T05:00,26.2,0.0,0.05,54,7.2,0.0,0.0,0.0
2024-04-17T06:00,26.9,0.0,0.04,57,4.8,5.0,14.9,4.0
2024-04-17T07:00,29.8,0.0,0.15,47,8.9,119.0,262.0,65.0
2024-04-17T08:00,33.1,0.0,0.33,37,10.1,329.0,471.7,122.0
2024-04-17T09:00,35.4,0.0,0.52,30,11.6,543.0,593.3,160.0
2024-04-17T10:00,36.1,0.2,0.6,29,8.1,686.0,600.8,198.0
2024-04-17T11:00,36.5,0.1,0.65,28,6.4,765.0,586.5,221.0
2024-04-17T12:00,37.5,0.0,0.69,27,3.6,836.0,614.1,232.0
2024-04-17T13:00,38.4,0.0,0.72,25,3.0,880.0,687.2,209.0
2024-04-17T14:00,38.2,0.0,0.65,25,6.8,740.0,513.9,274.0
2024-04-17T15:00,37.5,0.0,0.6,25,9.8,635.0,545.3,210.0
2024-04-17T16:00,35.8,0.0,0.37,26,12.6,261.0,150.9,170.0
2024-04-17T17:00,35.2,0.0,0.31,29,13.7,189.0,200.4,111.0
2024-04-17T18:00,32.0,0.0,0.1,41,4.8,70.0,129.9,49.0
2024-04-17T19:00,29.0,0.0,0.1,53,14.0,1.0,0.0,1.0
2024-04-17T20:00,27.7,0.0,0.02,59,4.1,0.0,0.0,0.0
2024-04-17T21:00,27.7,0.0,0.03,58,5.2,0.0,0.0,0.0
2024-04-17T22:00,27.6,0.0,0.03,57,5.4,0.0,0.0,0.0
2024-04-17T23:00,27.2,0.0,0.02,58,4.4,0.0,0.0,0.0
2024-04-18T00:00,27.3,0.0,0.02,59,4.0,0.0,0.0,0.0
2024-04-18T01:00,26.9,0.0,0.0,61,1.5,0.0,0.0,0.0
2024-04-18T02:00,25.8,0.0,0.01,65,3.6,0.0,0.0,0.0
2024-04-18T03:00,25.7,0.0,0.01,63,3.2,0.0,0.0,0.0
2024-04-18T04:00,26.0,0.0,0.02,62,4.9,0.0,0.0,0.0
2024-04-18T05:00,26.4,0.0,0.06,59,9.2,0.0,0.0,0.0
2024-04-18T06:00,26.9,0.0,0.05,63,8.2,6.0,14.7,5.0
2024-04-18T07:00,29.6,0.0,0.1,52,3.7,119.0,249.1,67.0
2024-04-18T08:00,33.1,0.0,0.29,38,6.2,320.0,442.0,125.0
2024-04-18T09:00,36.0,0.0,0.5,28,8.5,551.0,620.9,149.0
2024-04-18T10:00,37.2,0.0,0.58,25,5.4,687.0,620.5,182.0
2024-04-18T11:00,38.6,0.0,0.71,23,5.4,838.0,689.1,198.0
2024-04-18T12:00,38.9,0.0,0.71,23,5.6,820.0,627.8,202.0
2024-04-18T13:00,39.8,0.0,0.76,22,4.9,902.0,699.0,219.0
2024-04-18T14:00,39.3,0.0,0.5,22,5.1,531.0,281.0,276.0
2024-04-18T15:00,37.2,0.0,0.46,25,17.6,276.0,74.4,218.0
2024-04-18T16:00,36.0,0.0,0.36,28,10.3,295.0,174.0,190.0
2024-04-18T17:00,35.6,0.0,0.23,28,7.8,149.0,110.3,106.0
2024-04-18T18:00,35.6,0.0,0.07,26,1.8,73.0,123.4,53.0
2024-04-18T19:00,31.7,0.0,0.07,35,6.6,1.0,0.0,1.0
2024-04-18T20:00,30.2,0.0,0.07,40,7.7,0.0,0.0,0.0
2024-04-18T21:00,29.9,0.0,0.05,41,5.8,0.0,0.0,0.0
2024-04-18T22:00,30.4,0.0,0.09,40,9.0,0.0,0.0,0.0
2024-04-18T23:00,29.5,0.0,0.06,42,6.8,0.0,0.0,0.0
2024-04-19T00:00,29.1,0.0,0.06,43,7.3,0.0,0.0,0.0
2024-04-19T01:00,28.8,0.0,0.06,44,7.1,0.0,0.0,0.0
2024-04-19T02:00,28.2,0.0,0.08,47,9.7,0.0,0.0,0.0
2024-04-19T03:00,28.1,0.0,0.09,48,11.5,0.0,0.0,0.0
2024-04-19T04:00,27.9,0.0,0.07,48,9.0,0.0,0.0,0.0
2024-04-19T05:00,27.4,0.0,0.06,50,7.6,0.0,0.0,0.0
2024-04-19T06:00,27.9,0.0,0.07,54,8.6,5.0,14.4,4.0
2024-04-19T07:00,30.3,0.0,0.15,48,9.3,113.0,231.9,64.0
2024-04-19T08:00,33.1,0.0,0.32,42,11.0,310.0,412.8,127.0
2024-04-19T09:00,35.3,0.0,0.45,33,8.8,482.0,466.6,179.0
2024-04-19T10:00,37.3,0.0,0.58,27,6.4,670.0,575.3,201.0
2024-04-19T11:00,35.0,0.7,0.66,36,14.6,722.0,445.2,308.0
2024-04-19T12:00,36.2,0.1,0.59,30,2.3,724.0,446.6,284.0
2024-04-19T13:00,36.6,0.1,0.73,29,8.0,856.0,667.8,203.0
2024-04-19T14:00,36.2,0.1,0.61,29,7.6,690.0,493.5,242.0
2024-04-19T15:00,35.7,0.0,0.5,29,4.1,610.0,510.0,212.0
2024-04-19T16:00,35.4,0.0,0.23,30,1.5,271.0,135.8,189.0
2024-04-19T17:00,34.9,0.0,0.24,31,6.8,216.0,250.9,118.0
2024-04-19T18:00,33.4,0.0,0.11,32,5.1,77.0,178.6,48.0
2024-04-19T19:00,31.6,0.0,0.07,37,6.2,1.0,0.0,1.0
2024-04-19T20:00,31.6,0.0,0.09,38,8.7,0.0,0.0,0.0
2024-04-19T21:00,30.5,0.1,0.15,44,16.7,0.0,0.0,0.0
2024-04-19T22:00,29.5,0.0,0.15,49,18.6,0.0,0.0,0.0
2024-04-19T23:00,28.5,0.0,0.1,52,13.7,0.0,0.0,0.0
2024-04-20T00:00,27.9,0.0,0.08,53,11.7,0.0,0.0,0.0
2024-04-20T01:00,27.6,0.0,0.04,55,6.1,0.0,0.0,0.0
2024-04-20T02:00,26.9,0.0,0.03,58,5.0,0.0,0.0,0.0
2024-04-20T03:00,26.9,0.0,0.05,58,7.5,0.0,0.0,0.0
2024-04-20T04:00,26.9,0.0,0.06,57,8.7,0.0,0.0,0.0
2024-04-20T05:00,26.7,0.0,0.05,58,8.4,0.0,0.0,0.0
2024-04-20T06:00,26.9,0.0,0.07,63,10.7,7.0,14.1,6.0
2024-04-20T07:00,28.7,0.0,0.1,57,3.8,109.0,219.8,62.0
2024-04-20T08:00,30.2,0.0,0.27,53,9.2,306.0,422.0,118.0
2024-04-20T09:00,32.9,0.0,0.45,43,8.1,541.0,600.5,150.0
2024-04-20T10:00,33.2,0.0,0.59,44,9.6,716.0,658.8,178.0
2024-04-20T11:00,34.3,0.0,0.52,39,5.4,620.0,372.7,273.0
2024-04-20T12:00,31.2,1.6,0.67,52,8.1,869.0,618.6,259.0
2024-04-20T13:00,33.6,0.0,0.61,42,3.5,767.0,549.9,229.0
2024-04-20T14:00,32.7,0.7,0.6,46,8.2,732.0,539.5,242.0
2024-04-20T15:00,33.7,0.0,0.46,40,5.4,553.0,445.7,205.0
2024-04-20T16:00,33.8,0.0,0.32,39,2.7,396.0,339.2,191.0
2024-04-20T17:00,33.5,0.0,0.18,39,2.8,215.0,217.3,130.0
2024-04-20T18:00,30.3,0.0,0.12,55,10.1,50.0,24.6,46.0
2024-04-20T19:00,29.3,0.0,0.12,53,12.6,0.0,0.0,0.0
2024-04-20T20:00,28.2,0.0,0.07,57,10.5,0.0,0.0,0.0
2024-04-20T21:00,27.8,0.0,0.05,60,8.7,0.0,0.0,0.0
2024-04-20T22:00,27.4,0.0,0.04,62,7.2,0.0,0.0,0.0
2024-04-20T23:00,27.0,0.0,0.04,64,6.8,0.0,0.0,0.0
2024-04-21T00:00,26.7,0.0,0.04,64,7.2,0.0,0.0,0.0
2024-04-21T01:00,26.1,0.0,0.02,66,4.6,0.0,0.0,0.0
2024-04-21T02:00,26.2,0.0,0.03,66,5.9,0.0,0.0,0.0
2024-04-21T03:00,25.9,0.0,0.03,67,6.9,0.0,0.0,0.0
2024-04-21T04:00,25.6,0.0,0.02,69,5.2,0.0,0.0,0.0
2024-04-21T05:00,25.1,0.0,0.02,70,6.1,0.0,0.0,0.0
2024-04-21T06:00,25.7,0.0,0.03,68,4.9,7.0,0.0,7.0
2024-04-21T07:00,27.6,0.0,0.09,63,3.8,100.0,106.4,77.0
2024-04-21T08:00,30.3,0.0,0.27,54,9.2,300.0,324.0,155.0
2024-04-21T09:00,31.2,0.0,0.3,49,4.7,359.0,232.8,207.0
2024-04-21T10:00,33.4,0.0,0.49,40,4.9,591.0,429.1,240.0
2024-04-21T11:00,34.3,0.1,0.61,37,8.3,708.0,437.8,300.0
2024-04-21T12:00,34.5,0.0,0.51,35,4.2,598.0,247.3,354.0
2024-04-21T13:00,34.3,0.0,0.56,36,4.0,675.0,382.1,301.0
2024-04-21T14:00,33.2,0.0,0.46,39,8.9,499.0,320.2,208.0
2024-04-21T15:00,34.4,0.0,0.47,36,1.4,599.0,504.4,205.0
2024-04-21T16:00,34.0,0.0,0.34,37,5.4,389.0,358.7,172.0
2024-04-21T17:00,33.1,0.0,0.26,39,8.3,254.0,354.7,115.0
2024-04-21T18:00,32.0,0.0,0.24,38,18.7,62.0,110.4,44.0
2024-04-21T19:00,29.6,0.0,0.1,46,11.2,1.0,0.0,1.0
2024-04-21T20:00,28.9,0.0,0.11,48,13.8,0.0,0.0,0.0
2024-04-21T21:00,28.5,0.0,0.07,50,9.5,0.0,0.0,0.0
2024-04-21T22:00,27.4,0.0,0.03,54,5.2,0.0,0.0,0.0
2024-04-21T23:00,26.9,0.0,0.03,56,5.9,0.0,0.0,0.0
2024-04-22T00:00,27.0,0.0,0.06,55,8.4,0.0,0.0,0.0
2024-04-22T01:00,26.3,0.0,0.05,57,8.1,0.0,0.0,0.0
2024-04-22T02:00,25.5,0.0,0.02,60,5.0,0.0,0.0,0.0
2024-04-22T03:00,24.8,0.0,0.02,63,4.1,0.0,0.0,0.0
2024-04-22T04:00,24.5,0.0,0.03,64,6.4,0.0,0.0,0.0
2024-04-22T05:00,24.7,0.0,0.03,62,5.5,0.0,0.0,0.0
2024-04-22T06:00,24.5,0.8,0.05,71,8.9,5.0,13.6,4.0
2024-04-22T07:00,26.9,0.0,0.1,64,5.4,109.0,219.6,61.0
2024-04-22T08:00,30.6,0.0,0.32,44,12.8,314.0,427.1,122.0
2024-04-22T09:00,33.3,0.0,0.5,35,12.2,550.0,606.6,153.0
2024-04-22T10:00,34.6,0.0,0.66,33,13.1,740.0,698.2,168.0
2024-04-22T11:00,35.3,0.0,0.67,31,9.6,773.0,588.5,224.0
2024-04-22T12:00,36.4,0.0,0.66,29,4.7,792.0,547.8,251.0
2024-04-22T13:00,36.3,0.0,0.61,29,2.5,749.0,485.0,274.0
2024-04-22T14:00,36.2,0.0,0.54,28,9.8,549.0,311.3,266.0
2024-04-22T15:00,33.9,0.0,0.51,35,16.2,483.0,267.4,274.0
2024-04-22T16:00,35.1,0.0,0.43,30,10.1,436.0,457.6,159.0
2024-04-22T17:00,34.3,0.0,0.22,32,4.7,228.0,275.1,120.0
2024-04-22T18:00,30.2,0.0,0.09,48,4.6,79.0,171.3,51.0
2024-04-22T19:00,28.6,0.1,0.02,55,2.5,1.0,0.0,1.0
2024-04-22T20:00,27.0,0.2,0.06,63,10.4,0.0,0.0,0.0
2024-04-22T21:00,26.5,0.0,0.03,65,6.6,0.0,0.0,0.0
2024-04-22T22:00,26.5,0.0,0.05,66,10.2,0.0,0.0,0.0
2024-04-22T23:00,26.0,0.0,0.06,67,11.7,0.0,0.0,0.0
2024-04-23T00:00,25.3,0.0,0.03,69,6.6,0.0,0.0,0.0
2024-04-23T01:00,25.0,0.0,0.02,70,6.0,0.0,0.0,0.0
2024-04-23T02:00,24.5,0.0,0.02,71,4.8,0.0,0.0,0.0
2024-04-23T03:00,24.0,0.0,0.01,73,3.8,0.0,0.0,0.0
2024-04-23T04:00,24.2,0.0,0.02,72,6.3,0.0,0.0,0.0
2024-04-23T05:00,23.9,0.0,0.02,73,6.5,0.0,0.0,0.0
2024-04-23T06:00,24.0,0.0,0.03,77,8.2,7.0,13.4,6.0
2024-04-23T07:00,25.7,0.0,0.1,69,5.5,115.0,221.9,66.0
2024-04-23T08:00,28.4,0.0,0.24,58,4.0,322.0,427.5,129.0
2024-04-23T09:00,31.2,0.0,0.45,47,8.3,550.0,602.1,155.0
2024-04-23T10:00,33.8,0.0,0.61,37,7.1,746.0,698.3,173.0
2024-04-23T11:00,35.7,0.0,0.72,29,5.7,881.0,752.8,178.0
2024-04-23T12:00,36.9,0.0,0.77,26,5.7,936.0,760.0,185.0
2024-04-23T13:00,37.4,0.0,0.73,25,4.1,888.0,709.3,193.0
2024-04-23T14:00,37.4,0.0,0.64,25,6.3,738.0,580.5,210.0
2024-04-23T15:00,37.1,0.0,0.55,25,7.1,616.0,575.4,166.0
2024-04-23T16:00,36.0,0.0,0.38,26,5.2,426.0,445.6,156.0
2024-04-23T17:00,35.6,0.0,0.24,27,4.4,259.0,381.4,109.0
2024-04-23T18:00,33.8,0.0,0.1,31,4.3,76.0,189.2,45.0
2024-04-23T19:00,32.0,0.0,0.07,36,5.6,1.0,0.0,1.0
2024-04-23T20:00,29.8,0.1,0.06,43,6.8,0.0,0.0,0.0
2024-04-23T21:00,29.0,0.0,0.01,48,3.0,0.0,0.0,0.0
2024-04-23T22:00,28.5,0.0,0.07,48,8.8,0.0,0.0,0.0
2024-04-23T23:00,28.3,0.0,0.05,47,6.6,0.0,0.0,0.0
2024-04-24T00:00,27.8,0.0,0.09,48,11.4,0.0,0.0,0.0
2024-04-24T01:00,27.0,0.0,0.03,51,4.7,0.0,0.0,0.0
2024-04-24T02:00,26.1,0.0,0.04,55,6.2,0.0,0.0,0.0
2024-04-24T03:00,26.6,0.0,0.07,52,10.2,0.0,0.0,0.0
2024-04-24T04:00,26.9,0.0,0.02,51,3.8,0.0,0.0,0.0
2024-04-24T05:00,26.8,0.0,0.03,53,5.5,0.0,0.0,0.0
2024-04-24T06:00,26.0,0.0,0.09,62,13.8,7.0,13.2,6.0
2024-04-24T07:00,27.6,0.0,0.16,60,13.8,131.0,269.0,71.0
2024-04-24T08:00,31.0,0.0,0.31,48,10.3,342.0,494.1,118.0
2024-04-24T09:00,34.3,0.0,0.51,31,11.7,553.0,606.8,154.0
2024-04-24T10:00,36.0,0.0,0.67,24,12.0,731.0,663.3,186.0
2024-04-24T11:00,37.0,0.0,0.71,20,9.3,792.0,630.2,203.0
2024-04-24T12:00,38.0,0.0,0.8,18,9.7,905.0,702.9,210.0
2024-04-24T13:00,38.8,0.0,0.82,17,8.8,944.0,777.3,182.0
2024-04-24T14:00,39.1,0.0,0.76,16,8.7,868.0,763.8,173.0
2024-04-24T15:00,38.9,0.0,0.67,16,10.2,717.0,706.8,164.0
2024-04-24T16:00,38.3,0.0,0.48,16,8.4,496.0,565.6,153.0
2024-04-24T17:00,37.1,0.0,0.28,17,6.5,271.0,401.1,113.0
2024-04-24T18:00,34.1,0.0,0.13,21,5.5,78.0,194.9,46.0
2024-04-24T19:00,32.3,0.0,0.11,23,7.3,1.0,0.0,1.0
2024-04-24T20:00,31.1,0.0,0.06,25,5.5,0.0,0.0,0.0
2024-04-24T21:00,30.6,0.0,0.12,36,11.8,0.0,0.0,0.0
2024-04-24T22:00,29.8,0.0,0.1,41,10.8,0.0,0.0,0.0
2024-04-24T23:00,28.3,0.0,0.05,46,6.4,0.0,0.0,0.0
2024-04-25T00:00,28.1,0.0,0.03,47,4.3,0.0,0.0,0.0
2024-04-25T01:00,27.7,0.0,0.08,48,9.9,0.0,0.0,0.0
2024-04-25T02:00,27.1,0.0,0.05,50,7.3,0.0,0.0,0.0
2024-04-25T03:00,26.9,0.0,0.06,50,8.7,0.0,0.0,0.0
2024-04-25T04:00,27.0,0.0,0.08,49,10.9,0.0,0.0,0.0
2024-04-25T05:00,26.9,0.0,0.05,48,7.2,0.0,0.0,0.0
2024-04-25T06:00,26.0,0.0,0.08,55,10.7,8.0,13.0,7.0
2024-04-25T07:00,28.3,0.0,0.13,50,5.9,126.0,248.6,70.0
2024-04-25T08:00,31.6,0.0,0.32,41,9.7,345.0,489.9,122.0
2024-04-25T09:00,34.2,0.0,0.52,33,11.4,573.0,646.4,147.0
2024-04-25T10:00,36.2,0.0,0.69,26,12.3,762.0,728.0,163.0
2024-04-25T11:00,37.4,0.0,0.76,23,10.5,856.0,720.5,182.0
2024-04-25T12:00,38.3,0.0,0.82,20,9.4,926.0,744.9,189.0
2024-04-25T13:00,39.1,0.0,0.81,19,7.9,929.0,760.6,183.0
2024-04-25T14:00,39.3,0.0,0.72,19,7.0,833.0,716.2,181.0
2024-04-25T15:00,39.0,0.0,0.57,19,4.6,674.0,649.0,166.0
2024-04-25T16:00,38.5,0.0,0.39,19,2.1,496.0,571.8,149.0
2024-04-25T17:00,37.8,0.0,0.23,20,3.5,262.0,357.3,121.0
2024-04-25T18:00,36.6,0.0,0.08,20,2.3,84.0,200.5,51.0
2024-04-25T19:00,32.8,0.0,0.12,28,7.9,1.0,0.0,1.0
2024-04-25T20:00,32.4,0.0,0.08,27,7.4,0.0,0.0,0.0
2024-04-25T21:00,31.1,0.0,0.12,28,10.3,0.0,0.0,0.0
2024-04-25T22:00,30.5,0.0,0.11,31,9.9,0.0,0.0,0.0
2024-04-25T23:00,29.2,0.0,0.09,35,8.7,0.0,0.0,0.0
2024-04-26T00:00,27.9,0.0,0.08,38,8.6,0.0,0.0,0.0
2024-04-26T01:00,28.0,0.0,0.07,38,8.0,0.0,0.0,0.0
2024-04-26T02:00,28.4,0.0,0.09,36,9.7,0.0,0.0,0.0
2024-04-26T03:00,27.6,0.0,0.05,39,6.5,0.0,0.0,0.0
2024-04-26T04:00,28.2,0.0,0.03,38,3.9,0.0,0.0,0.0
2024-04-26T05:00,26.0,0.0,0.05,44,7.0,0.0,0.0,0.0
2024-04-26T06:00,26.8,0.0,0.07,46,7.9,10.0,25.6,8.0
2024-04-26T07:00,29.7,0.0,0.16,40,8.1,139.0,303.4,70.0
2024-04-26T08:00,33.4,0.0,0.35,27,9.7,357.0,525.2,117.0
2024-04-26T09:00,35.5,0.0,0.55,23,11.3,583.0,666.3,143.0
2024-04-26T10:00,37.9,0.0,0.74,20,14.4,773.0,742.8,161.0
2024-04-26T11:00,39.4,0.0,0.87,16,15.4,907.0,787.2,170.0
2024-04-26T12:00,39.7,0.0,0.85,16,14.2,874.0,682.9,198.0
2024-04-26T13:00,40.1,0.0,0.86,16,13.4,896.0,709.4,200.0
2024-04-26T14:00,40.5,0.0,0.8,15,11.5,850.0,734.7,181.0
2024-04-26T15:00,40.0,0.0,0.65,16,10.6,662.0,625.7,172.0
2024-04-26T16:00,38.9,0.0,0.49,17,12.7,404.0,401.7,160.0
2024-04-26T17:00,38.0,0.0,0.31,17,8.5,265.0,376.9,116.0
2024-04-26T18:00,35.9,0.0,0.2,20,9.4,78.0,194.0,46.0
2024-04-26T19:00,33.5,0.0,0.11,23,6.6,1.0,0.0,1.0
2024-04-26T20:00,31.6,0.0,0.13,26,10.7,0.0,0.0,0.0
2024-04-26T21:00,31.3,0.0,0.09,26,7.8,0.0,0.0,0.0
2024-04-26T22:00,32.6,0.0,0.02,22,3.4,0.0,0.0,0.0
2024-04-26T23:00,29.8,0.0,0.04,29,4.3,0.0,0.0,0.0
2024-04-27T00:00,30.4,0.0,0.14,28,12.2,0.0,0.0,0.0
2024-04-27T01:00,29.8,0.0,0.13,33,12.1,0.0,0.0,0.0
2024-04-27T02:00,29.3,0.0,0.14,35,13.5,0.0,0.0,0.0
2024-04-27T03:00,27.3,0.0,0.06,42,7.4,0.0,0.0,0.0
2024-04-27T04:00,25.8,0.0,0.06,47,8.1,0.0,0.0,0.0
2024-04-27T05:00,26.0,0.0,0.05,47,7.4,0.0,0.0,0.0
2024-04-27T06:00,26.8,0.0,0.07,51,8.5,10.0,25.3,8.0
2024-04-27T07:00,29.4,0.0,0.15,44,7.5,140.0,300.7,71.0
2024-04-27T08:00,32.4,0.0,0.35,36,10.7,359.0,529.8,116.0
2024-04-27T09:00,35.0,0.0,0.55,28,12.6,581.0,661.9,143.0
2024-04-27T10:00,36.8,0.0,0.68,24,9.5,769.0,737.0,161.0
2024-04-27T11:00,38.4,0.0,0.75,21,5.4,901.0,776.9,173.0
2024-04-27T12:00,39.2,0.0,0.7,18,3.3,845.0,642.1,209.0
2024-04-27T13:00,40.2,0.0,0.77,17,3.3,943.0,775.3,182.0
2024-04-27T14:00,40.3,0.0,0.65,17,2.4,811.0,687.2,185.0
2024-04-27T15:00,40.0,0.0,0.53,17,3.5,630.0,579.5,176.0
2024-04-27T16:00,39.4,0.0,0.39,17,4.4,433.0,427.7,173.0
2024-04-27T17:00,38.6,0.0,0.2,17,2.3,249.0,330.8,118.0
2024-04-27T18:00,35.9,0.0,0.15,24,6.5,69.0,163.3,42.0
2024-04-27T19:00,36.1,0.0,0.01,21,0.4,1.0,0.0,1.0
2024-04-27T20:00,32.3,0.0,0.1,31,9.2,0.0,0.0,0.0
2024-04-27T21:00,31.3,0.0,0.06,36,6.2,0.0,0.0,0.0
2024-04-27T22:00,29.8,0.0,0.04,40,4.7,0.0,0.0,0.0
2024-04-27T23:00,28.9,0.0,0.03,43,4.6,0.0,0.0,0.0
2024-04-28T00:00,28.5,0.0,0.06,44,7.3,0.0,0.0,0.0
2024-04-28T01:00,28.5,0.0,0.06,44,7.4,0.0,0.0,0.0
2024-04-28T02:00,28.7,0.0,0.09,42,10.2,0.0,0.0,0.0
2024-04-28T03:00,28.7,0.0,0.05,41,6.1,0.0,0.0,0.0
2024-04-28T04:00,27.2,0.0,0.05,46,6.6,0.0,0.0,0.0
2024-04-28T05:00,27.8,0.0,0.06,44,6.9,0.0,0.0,0.0
2024-04-28T06:00,29.2,0.0,0.1,41,9.3,9.0,12.5,8.0
2024-04-28T07:00,32.0,0.0,0.18,35,8.3,141.0,302.3,71.0
2024-04-28T08:00,35.2,0.0,0.37,26,9.7,360.0,527.8,117.0
2024-04-28T09:00,36.6,0.0,0.5,24,7.3,571.0,624.3,157.0
2024-04-28T10:00,38.3,0.0,0.63,21,6.7,718.0,630.8,197.0
2024-04-28T11:00,39.3,0.0,0.64,19,5.0,734.0,558.8,210.0
2024-04-28T12:00,40.8,0.0,0.75,17,3.3,912.0,728.6,190.0
2024-04-28T13:00,41.4,0.0,0.77,16,2.5,942.0,773.0,183.0
2024-04-28T14:00,41.4,0.0,0.65,16,1.5,815.0,672.7,202.0
2024-04-28T15:00,41.1,0.0,0.49,16,0.4,646.0,599.6,176.0
2024-04-28T16:00,40.5,0.0,0.4,17,4.0,457.0,499.7,153.0
2024-04-28T17:00,39.3,0.0,0.26,18,5.4,257.0,383.1,105.0
2024-04-28T18:00,37.2,0.0,0.17,21,7.9,56.0,90.5,41.0
2024-04-28T19:00,34.6,0.0,0.1,24,5.8,1.0,0.0,1.0
2024-04-28T20:00,33.2,0.0,0.11,26,9.0,0.0,0.0,0.0
2024-04-28T21:00,31.3,0.0,0.11,30,9.9,0.0,0.0,0.0
2024-04-28T22:00,31.0,0.0,0.09,33,8.7,0.0,0.0,0.0
2024-04-28T23:00,31.6,0.0,0.06,34,6.0,0.0,0.0,0.0
2024-04-29T00:00,29.5,0.1,0.03,42,4.3,0.0,0.0,0.0
2024-04-29T01:00,30.1,0.0,0.19,41,20.2,0.0,0.0,0.0
2024-04-29T02:00,30.0,0.0,0.12,40,12.2,0.0,0.0,0.0
2024-04-29T03:00,29.2,0.0,0.09,42,9.8,0.0,0.0,0.0
2024-04-29T04:00,28.4,0.0,0.06,46,7.7,0.0,0.0,0.0
2024-04-29T05:00,27.3,0.0,0.03,50,4.7,0.0,0.0,0.0
2024-04-29T06:00,27.7,0.0,0.1,56,12.8,9.0,12.3,8.0
2024-04-29T07:00,29.6,0.0,0.14,52,6.9,133.0,261.2,72.0
2024-04-29T08:00,33.2,0.0,0.34,39,9.8,356.0,510.8,120.0
2024-04-29T09:00,35.7,0.0,0.54,30,11.4,568.0,621.6,155.0
2024-04-29T10:00,38.1,0.0,0.72,23,12.5,764.0,725.7,164.0
2024-04-29T11:00,40.3,0.0,0.81,16,12.1,851.0,709.8,185.0
2024-04-29T12:00,41.3,0.0,0.86,16,13.0,887.0,685.9,207.0
2024-04-29T13:00,41.6,0.0,0.8,15,11.0,831.0,618.0,224.0
2024-04-29T14:00,41.7,0.0,0.76,15,11.0,783.0,638.5,201.0
2024-04-29T15:00,40.6,0.0,0.56,16,11.5,497.0,358.4,216.0
2024-04-29T16:00,40.0,0.0,0.5,17,11.9,428.0,445.1,157.0
2024-04-29T17:00,39.1,0.0,0.32,18,8.2,273.0,422.7,105.0
2024-04-29T18:00,36.9,0.0,0.13,22,5.0,76.0,186.6,45.0
2024-04-29T19:00,37.8,0.0,0.1,21,5.3,1.0,0.0,1.0
2024-04-29T20:00,35.5,0.0,0.1,24,8.1,0.0,0.0,0.0
2024-04-29T21:00,36.8,0.0,0.07,21,5.9,0.0,0.0,0.0
2024-04-29T22:00,32.5,0.0,0.05,30,5.1,0.0,0.0,0.0
2024-04-29T23:00,32.0,0.0,0.04,30,4.4,0.0,0.0,0.0
2024-04-30T00:00,30.5,0.0,0.08,33,7.7,0.0,0.0,0.0
2024-04-30T01:00,31.0,0.0,0.1,34,9.0,0.0,0.0,0.0
2024-04-30T02:00,30.3,0.0,0.07,36,7.3,0.0,0.0,0.0
2024-04-30T03:00,30.0,0.0,0.12,39,12.4,0.0,0.0,0.0
2024-04-30T04:00,29.6,0.0,0.17,36,16.6,0.0,0.0,0.0
2024-04-30T05:00,29.1,0.0,0.14,33,13.7,0.0,0.0,0.0
2024-04-30T06:00,29.2,0.0,0.13,32,10.9,11.0,24.3,9.0
2024-04-30T07:00,31.5,0.0,0.22,28,11.2,144.0,301.5,73.0
2024-04-30T08:00,34.1,0.0,0.43,23,15.1,361.0,522.0,119.0
2024-04-30T09:00,36.2,0.0,0.62,21,17.5,578.0,641.5,151.0
2024-04-30T10:00,37.7,0.0,0.76,19,16.9,768.0,730.9,163.0
2024-04-30T11:00,39.1,0.0,0.86,17,14.7,900.0,774.3,173.0
2024-04-30T12:00,40.0,0.0,0.89,16,12.4,965.0,793.6,178.0
2024-04-30T13:00,40.5,0.0,0.86,16,9.7,955.0,791.9,177.0
2024-04-30T14:00,40.7,0.0,0.79,15,8.9,873.0,772.2,169.0
2024-04-30T15:00,40.5,0.0,0.66,15,8.6,726.0,727.9,155.0
2024-04-30T16:00,39.9,0.0,0.5,15,8.3,529.0,645.0,136.0
2024-04-30T17:00,39.0,0.0,0.32,16,7.6,304.0,497.3,106.0
2024-04-30T18:00,36.8,0.0,0.18,20,8.3,93.0,240.3,53.0
2024-04-30T19:00,33.6,0.0,0.07,26,6.0,2.0,0.0,2.0
2024-04-30T20:00,33.7,0.0,0.04,26,4.3,0.0,0.0,0.0
2024-04-30T21:00,32.8,0.0,0.01,28,2.3,0.0,0.0,0.0
2024-04-30T22:00,31.2,0.0,0.07,29,6.8,0.0,0.0,0.0
2024-04-30T23:00,31.5,0.0,0.08,28,7.2,0.0,0.0,0.0
2024-05-01T00:00,31.0,0.0,0.14,28,11.6,0.0,0.0,0.0
2024-05-01T01:00,30.7,0.0,0.15,27,12.8,0.0,0.0,0.0
2024-05-01T02:00,29.6,0.0,0.16,27,13.6,0.0,0.0,0.0
2024-05-01T03:00,29.0,0.0,0.14,26,12.5,0.0,0.0,0.0
2024-05-01T04:00,28.2,0.0,0.12,26,10.8,0.0,0.0,0.0
2024-05-01T05:00,27.3,0.0,0.09,28,8.4,0.0,0.0,0.0
2024-05-01T06:00,28.4,0.0,0.09,27,7.1,12.0,24.0,10.0
2024-05-01T07:00,30.7,0.0,0.14,24,4.3,149.0,320.2,73.0
2024-05-01T08:00,33.5,0.0,0.35,20,8.0,370.0,544.0,117.0
2024-05-01T09:00,36.0,0.0,0.59,15,13.2,592.0,671.9,144.0
2024-05-01T10:00,37.8,0.0,0.74,13,13.2,780.0,745.9,162.0
2024-05-01T11:00,39.2,0.0,0.83,12,11.5,912.0,786.6,173.0
2024-05-01T12:00,40.4,0.0,0.9,12,12.5,975.0,803.4,178.0
2024-05-01T13:00,41.0,0.0,0.92,13,14.2,963.0,799.9,177.0
2024-05-01T14:00,41.3,0.0,0.87,12,14.6,879.0,778.5,169.0
2024-05-01T15:00,41.6,0.0,0.75,13,14.3,729.0,728.9,157.0
2024-05-01T16:00,41.3,0.0,0.62,13,15.9,528.0,642.9,136.0
2024-05-01T17:00,39.2,0.0,0.51,14,21.3,271.0,401.1,111.0
2024-05-01T18:00,36.8,0.0,0.17,18,7.4,93.0,245.7,52.0
2024-05-01T19:00,33.7,0.0,0.14,22,10.0,2.0,0.0,2.0
2024-05-01T20:00,32.2,0.0,0.11,23,9.0,0.0,0.0,0.0
2024-05-01T21:00,30.8,0.0,0.09,24,7.7,0.0,0.0,0.0
2024-05-01T22:00,29.3,0.0,0.1,24,9.0,0.0,0.0,0.0
2024-05-01T23:00,29.7,0.0,0.12,21,9.8,0.0,0.0,0.0
2024-05-02T00:00,29.2,0.0,0.14,18,11.2,0.0,0.0,0.0
2024-05-02T01:00,28.6,0.0,0.13,20,11.2,0.0,0.0,0.0
2024-05-02T02:00,27.2,0.0,0.09,23,8.2,0.0,0.0,0.0
2024-05-02T03:00,26.2,0.0,0.08,25,8.2,0.0,0.0,0.0
2024-05-02T04:00,25.6,0.0,0.09,25,8.6,0.0,0.0,0.0
2024-05-02T05:00,24.7,0.0,0.06,26,6.6,0.0,0.0,0.0
2024-05-02T06:00,26.3,0.0,0.11,26,8.9,13.0,35.6,10.0
2024-05-02T07:00,29.0,0.0,0.2,22,9.2,154.0,334.4,74.0
2024-05-02T08:00,32.0,0.0,0.4,16,12.4,379.0,559.4,118.0
2024-05-02T09:00,34.5,0.0,0.6,13,14.6,604.0,687.3,145.0
2024-05-02T10:00,36.1,0.0,0.75,11,15.5,791.0,757.2,163.0
2024-05-02T11:00,37.2,0.0,0.84,10,13.3,921.0,795.7,173.0
2024-05-02T12:00,38.3,0.0,0.86,10,10.2,985.0,813.2,178.0
2024-05-02T13:00,39.1,0.0,0.84,10,9.0,974.0,811.9,176.0
2024-05-02T14:00,39.7,0.0,0.78,10,8.4,891.0,791.5,169.0
2024-05-02T15:00,39.9,0.0,0.65,10,7.8,743.0,747.7,156.0
2024-05-02T16:00,39.7,0.0,0.51,10,8.7,541.0,663.7,136.0
2024-05-02T17:00,39.1,0.0,0.35,10,9.4,310.0,510.5,106.0
2024-05-02T18:00,35.5,0.0,0.19,13,8.6,97.0,256.7,54.0
2024-05-02T19:00,32.6,0.0,0.14,16,9.1,2.0,0.0,2.0
2024-05-02T20:00,30.1,0.0,0.09,20,7.4,0.0,0.0,0.0
2024-05-02T21:00,29.1,0.0,0.09,20,7.6,0.0,0.0,0.0
2024-05-02T22:00,27.7,0.0,0.1,23,9.4,0.0,0.0,0.0
2024-05-02T23:00,27.5,0.0,0.09,24,8.3,0.0,0.0,0.0
2024-05-03T00:00,26.1,0.0,0.04,26,4.7,0.0,0.0,0.0
2024-05-03T01:00,26.7,0.0,0.13,24,12.1,0.0,0.0,0.0
2024-05-03T02:00,26.4,0.0,0.12,23,10.9,0.0,0.0,0.0
2024-05-03T03:00,25.8,0.0,0.14,23,12.5,0.0,0.0,0.0
2024-05-03T04:00,25.4,0.0,0.11,24,10.6,0.0,0.0,0.0
2024-05-03T05:00,25.2,0.0,0.11,25,10.9,0.0,0.0,0.0
2024-05-03T06:00,26.3,0.0,0.15,27,12.1,13.0,35.2,10.0
2024-05-03T07:00,29.1,0.0,0.22,25,11.3,157.0,340.3,75.0
2024-05-03T08:00,32.6,0.0,0.43,20,15.3,383.0,566.3,118.0
2024-05-03T09:00,34.9,0.0,0.64,17,18.4,608.0,693.7,144.0
2024-05-03T10:00,36.5,0.0,0.78,15,17.3,798.0,766.2,162.0
2024-05-03T11:00,37.9,0.0,0.86,13,14.2,932.0,807.0,173.0
2024-05-03T12:00,39.1,0.0,0.88,11,11.0,996.0,824.0,178.0
2024-05-03T13:00,39.8,0.0,0.85,10,8.3,984.0,820.9,177.0
2024-05-03T14:00,40.1,0.0,0.77,10,7.2,897.0,797.9,169.0
2024-05-03T15:00,40.1,0.0,0.67,10,8.3,746.0,750.0,157.0
2024-05-03T16:00,39.8,0.0,0.53,10,9.6,542.0,664.8,136.0
2024-05-03T17:00,38.8,0.0,0.37,11,10.5,311.0,512.1,106.0
2024-05-03T18:00,36.5,0.0,0.21,12,9.3,97.0,261.0,53.0
2024-05-03T19:00,33.9,0.0,0.14,15,8.9,2.0,0.0,2.0
2024-05-03T20:00,32.0,0.0,0.09,16,7.5,0.0,0.0,0.0
2024-05-03T21:00,30.2,0.0,0.12,18,9.7,0.0,0.0,0.0
2024-05-03T22:00,32.3,0.0,0.09,16,7.3,0.0,0.0,0.0
2024-05-03T23:00,28.8,0.0,0.07,19,6.3,0.0,0.0,0.0
2024-05-04T00:00,29.0,0.0,0.13,19,10.9,0.0,0.0,0.0
2024-05-04T01:00,28.3,0.0,0.14,20,11.9,0.0,0.0,0.0
2024-05-04T02:00,28.2,0.0,0.14,20,11.7,0.0,0.0,0.0
2024-05-04T03:00,27.4,0.0,0.14,21,11.8,0.0,0.0,0.0
2024-05-04T04:00,26.5,0.0,0.12,22,10.7,0.0,0.0,0.0
2024-05-04T05:00,25.8,0.0,0.1,21,9.0,0.0,0.0,0.0
2024-05-04T06:00,26.8,0.0,0.09,24,6.8,14.0,34.9,11.0
2024-05-04T07:00,29.5,0.0,0.16,21,5.9,158.0,342.0,75.0
2024-05-04T08:00,33.4,0.0,0.36,15,8.3,385.0,566.8,119.0
2024-05-04T09:00,36.4,0.0,0.58,12,11.7,611.0,694.1,146.0
2024-05-04T10:00,38.4,0.0,0.76,10,13.6,800.0,768.0,162.0
2024-05-04T11:00,39.6,0.0,0.87,9,13.0,933.0,807.7,173.0
2024-05-04T12:00,40.5,0.0,0.9,9,11.4,996.0,823.8,178.0
2024-05-04T13:00,41.1,0.0,0.89,9,10.9,984.0,820.7,177.0
2024-05-04T14:00,41.3,0.0,0.83,9,10.8,898.0,798.9,169.0
2024-05-04T15:00,41.1,0.0,0.72,8,11.7,747.0,751.0,157.0
2024-05-04T16:00,40.5,0.0,0.58,8,12.3,544.0,666.0,137.0
2024-05-04T17:00,39.5,0.0,0.42,9,13.3,314.0,516.2,107.0
2024-05-04T18:00,36.7,0.0,0.22,11,10.0,99.0,259.4,55.0
2024-05-04T19:00,34.0,0.0,0.14,13,8.4,2.0,0.0,2.0
2024-05-04T20:00,31.1,0.0,0.13,17,10.0,0.0,0.0,0.0
2024-05-04T21:00,30.3,0.0,0.11,18,9.0,0.0,0.0,0.0
2024-05-04T22:00,30.7,0.0,0.14,17,11.3,0.0,0.0,0.0
2024-05-04T23:00,30.9,0.0,0.16,19,12.3,0.0,0.0,0.0
2024-05-05T00:00,30.6,0.0,0.17,21,13.4,0.0,0.0,0.0
2024-05-05T01:00,30.0,0.0,0.17,23,14.4,0.0,0.0,0.0
2024-05-05T02:00,29.4,0.0,0.16,25,13.7,0.0,0.0,0.0
2024-05-05T03:00,29.1,0.0,0.16,28,14.7,0.0,0.0,0.0
2024-05-05T04:00,28.4,0.0,0.14,32,13.7,0.0,0.0,0.0
2024-05-05T05:00,28.0,0.0,0.14,36,14.0,0.0,0.0,0.0
2024-05-05T06:00,28.5,0.0,0.13,39,12.1,14.0,34.5,11.0
2024-05-05T07:00,30.9,0.0,0.23,36,12.6,156.0,323.3,77.0
2024-05-05T08:00,33.6,0.0,0.41,32,14.7,376.0,535.5,124.0
2024-05-05T09:00,35.7,0.0,0.6,27,15.9,600.0,679.7,144.0
2024-05-05T10:00,37.3,0.0,0.76,23,16.2,787.0,753.0,161.0
2024-05-05T11:00,38.8,0.0,0.86,20,15.2,916.0,792.5,170.0
2024-05-05T12:00,40.0,0.0,0.9,18,12.7,977.0,806.5,176.0
2024-05-05T13:00,40.9,0.0,0.88,16,11.3,963.0,801.3,175.0
2024-05-05T14:00,41.5,0.0,0.82,14,10.7,877.0,775.7,169.0
2024-05-05T15:00,41.7,0.0,0.71,13,11.1,729.0,729.1,156.0
2024-05-05T16:00,41.4,0.0,0.59,11,13.5,532.0,647.5,136.0
2024-05-05T17:00,40.3,0.0,0.46,11,15.8,308.0,500.3,107.0
2024-05-05T18:00,38.2,0.0,0.24,13,11.1,98.0,257.8,54.0
2024-05-05T19:00,35.5,0.0,0.15,15,8.6,2.0,0.0,2.0
2024-05-05T20:00,34.3,0.0,0.15,16,10.8,0.0,0.0,0.0
2024-05-05T21:00,33.7,0.0,0.16,19,11.9,0.0,0.0,0.0
2024-05-05T22:00,33.6,0.0,0.19,24,14.9,0.0,0.0,0.0
2024-05-05T23:00,32.6,0.0,0.14,26,11.2,0.0,0.0,0.0
2024-05-06T00:00,31.7,0.0,0.16,28,13.9,0.0,0.0,0.0
2024-05-06T01:00,30.9,0.0,0.16,30,14.4,0.0,0.0,0.0
2024-05-06T02:00,30.2,0.0,0.13,31,12.3,0.0,0.0,0.0
2024-05-06T03:00,29.7,0.0,0.12,33,11.0,0.0,0.0,0.0
2024-05-06T04:00,29.0,0.0,0.08,34,8.5,0.0,0.0,0.0
2024-05-06T05:00,27.9,0.0,0.06,38,6.5,0.0,0.0,0.0
2024-05-06T06:00,29.0,0.0,0.06,42,5.8,15.0,34.2,12.0
2024-05-06T07:00,31.4,0.0,0.12,32,2.5,156.0,329.4,75.0
2024-05-06T08:00,33.7,0.0,0.29,28,3.4,376.0,546.8,118.0
2024-05-06T09:00,36.2,0.0,0.53,23,8.3,596.0,672.9,144.0
2024-05-06T10:00,38.2,0.0,0.71,20,10.8,779.0,742.8,161.0
2024-05-06T11:00,39.5,0.0,0.82,19,10.4,908.0,782.6,171.0
2024-05-06T12:00,40.5,0.0,0.82,17,8.0,930.0,748.0,187.0
2024-05-06T13:00,41.2,0.0,0.8,15,7.1,912.0,735.1,189.0
2024-05-06T14:00,41.8,0.0,0.75,14,6.6,853.0,739.4,178.0
2024-05-06T15:00,42.2,0.0,0.66,13,7.6,723.0,718.7,158.0
2024-05-06T16:00,41.5,0.0,0.51,14,10.1,471.0,521.2,152.0
2024-05-06T17:00,40.5,0.0,0.37,15,11.7,251.0,337.9,115.0
2024-05-06T18:00,38.7,0.0,0.12,20,4.5,56.0,81.5,42.0
2024-05-06T19:00,37.9,0.0,0.19,19,9.7,1.0,0.0,1.0
2024-05-06T20:00,36.2,0.0,0.21,21,14.9,0.0,0.0,0.0
2024-05-06T21:00,35.2,0.0,0.0,23,1.3,0.0,0.0,0.0
2024-05-06T22:00,33.7,0.0,0.2,24,15.2,0.0,0.0,0.0
2024-05-06T23:00,33.2,0.0,0.25,28,21.4,0.0,0.0,0.0
2024-05-07T00:00,32.0,0.0,0.23,31,20.3,0.0,0.0,0.0
2024-05-07T01:00,31.1,0.0,0.19,30,17.1,0.0,0.0,0.0
2024-05-07T02:00,30.2,0.0,0.14,28,12.1,0.0,0.0,0.0
2024-05-07T03:00,28.3,0.0,0.05,31,5.6,0.0,0.0,0.0
2024-05-07T04:00,28.4,0.0,0.1,31,9.2,0.0,0.0,0.0
2024-05-07T05:00,27.7,0.0,0.08,32,8.1,0.0,0.0,0.0
2024-05-07T06:00,28.6,0.0,0.14,32,11.3,15.0,33.9,12.0
2024-05-07T07:00,31.0,0.0,0.22,28,10.5,153.0,315.2,75.0
2024-05-07T08:00,33.2,0.0,0.38,26,12.4,354.0,479.9,127.0
2024-05-07T09:00,35.3,0.0,0.56,23,13.0,576.0,621.5,158.0
2024-05-07T10:00,36.8,0.0,0.71,21,12.3,775.0,731.5,166.0
2024-05-07T11:00,38.1,0.0,0.79,19,9.5,908.0,779.2,174.0
2024-05-07T12:00,39.3,0.0,0.8,16,7.1,931.0,750.9,185.0
2024-05-07T13:00,39.7,0.0,0.77,15,9.2,848.0,651.7,207.0
2024-05-07T14:00,40.2,0.0,0.75,15,8.9,820.0,688.9,191.0
2024-05-07T15:00,39.8,0.0,0.59,14,6.6,658.0,614.2,175.0
2024-05-07T16:00,39.8,0.0,0.44,14,6.4,478.0,532.2,152.0
2024-05-07T17:00,39.4,0.0,0.34,14,9.1,279.0,401.7,117.0
2024-05-07T18:00,38.7,0.0,0.26,14,12.1,72.0,138.9,48.0
2024-05-07T19:00,35.7,0.0,0.11,17,6.4,2.0,0.0,2.0
2024-05-07T20:00,33.7,0.0,0.1,20,8.0,0.0,0.0,0.0
2024-05-07T21:00,33.0,0.0,0.2,23,15.6,0.0,0.0,0.0
2024-05-07T22:00,28.6,0.0,0.1,58,15.3,0.0,0.0,0.0
2024-05-07T23:00,28.1,0.0,0.07,60,11.6,0.0,0.0,0.0
2024-05-08T00:00,27.7,0.0,0.07,59,11.3,0.0,0.0,0.0
2024-05-08T01:00,27.4,0.0,0.08,59,13.0,0.0,0.0,0.0
2024-05-08T02:00,27.1,0.0,0.08,60,13.2,0.0,0.0,0.0
2024-05-08T03:00,26.7,0.0,0.07,63,12.7,0.0,0.0,0.0
2024-05-08T04:00,26.3,0.0,0.06,68,11.7,0.0,0.0,0.0
2024-05-08T05:00,25.9,0.0,0.04,71,9.7,0.0,0.0,0.0
2024-05-08T06:00,25.8,0.0,0.06,70,12.2,15.0,33.6,12.0
2024-05-08T07:00,27.3,0.0,0.17,62,14.6,156.0,317.4,77.0
2024-05-08T08:00,29.4,0.0,0.32,54,13.3,373.0,533.7,120.0
2024-05-08T09:00,31.6,0.0,0.49,47,12.2,591.0,662.4,145.0
2024-05-08T10:00,33.9,0.0,0.65,40,11.5,774.0,733.5,163.0
2024-05-08T11:00,36.1,0.0,0.75,33,7.9,901.0,773.7,172.0
2024-05-08T12:00,37.8,0.0,0.77,27,2.9,955.0,782.0,178.0
2024-05-08T13:00,38.7,0.0,0.68,23,0.4,865.0,684.1,192.0
2024-05-08T14:00,38.8,0.0,0.56,22,1.4,699.0,530.1,215.0
2024-05-08T15:00,39.1,0.0,0.53,20,2.9,642.0,586.0,181.0
2024-05-08T16:00,38.7,0.0,0.4,20,4.0,476.0,528.5,152.0
2024-05-08T17:00,37.6,0.0,0.27,21,6.4,246.0,306.9,122.0
2024-05-08T18:00,37.3,0.0,0.19,17,8.0,72.0,155.3,45.0
2024-05-08T19:00,35.8,0.0,0.15,18,8.7,2.0,0.0,2.0
2024-05-08T20:00,33.7,0.0,0.12,21,9.1,0.0,0.0,0.0
2024-05-08T21:00,32.2,0.0,0.06,22,5.8,0.0,0.0,0.0
2024-05-08T22:00,31.6,0.0,0.08,25,7.4,0.0,0.0,0.0
2024-05-08T23:00,31.3,0.0,0.11,26,9.2,0.0,0.0,0.0
2024-05-09T00:00,30.3,0.0,0.07,27,6.7,0.0,0.0,0.0
2024-05-09T01:00,29.6,0.0,0.04,29,4.7,0.0,0.0,0.0
2024-05-09T02:00,29.8,0.0,0.14,28,12.3,0.0,0.0,0.0
2024-05-09T03:00,29.4,0.0,0.11,34,10.5,0.0,0.0,0.0
2024-05-09T04:00,28.0,0.0,0.04,40,5.0,0.0,0.0,0.0
2024-05-09T05:00,27.4,0.0,0.06,42,7.1,0.0,0.0,0.0
2024-05-09T06:00,29.3,0.0,0.08,38,5.6,8.0,11.1,7.0
2024-05-09T07:00,30.5,0.0,0.16,38,9.2,70.0,44.0,59.0
2024-05-09T08:00,30.5,0.0,0.17,41,7.9,91.0,6.3,88.0
2024-05-09T09:00,31.4,0.0,0.22,40,7.1,177.0,14.8,167.0
2024-05-09T10:00,32.5,0.0,0.29,40,8.9,251.0,48.0,211.0
2024-05-09T11:00,35.8,0.0,0.59,33,8.9,648.0,306.6,359.0
2024-05-09T12:00,38.7,0.0,0.8,23,6.1,947.0,756.7,195.0
2024-05-09T13:00,39.8,0.0,0.72,19,4.7,855.0,674.9,191.0
2024-05-09T14:00,40.0,0.0,0.69,18,9.2,734.0,583.6,201.0
2024-05-09T15:00,35.7,0.0,0.53,29,17.6,449.0,340.6,181.0
2024-05-09T16:00,35.4,0.0,0.45,26,15.6,341.0,234.7,197.0
2024-05-09T17:00,36.4,0.0,0.27,23,9.3,175.0,158.1,111.0
2024-05-09T18:00,34.6,0.0,0.1,30,3.9,88.0,188.6,55.0
2024-05-09T19:00,28.3,0.2,0.15,55,21.3,2.0,0.0,2.0
2024-05-09T20:00,27.8,0.0,0.1,59,16.8,0.0,0.0,0.0
2024-05-09T21:00,27.9,0.0,0.1,58,14.8,0.0,0.0,0.0
2024-05-09T22:00,28.0,0.0,0.04,55,6.4,0.0,0.0,0.0
2024-05-09T23:00,28.0,0.0,0.05,54,6.9,0.0,0.0,0.0
2024-05-10T00:00,27.9,0.0,0.05,53,6.9,0.0,0.0,0.0
2024-05-10T01:00,27.5,0.0,0.1,55,14.1,0.0,0.0,0.0
2024-05-10T02:00,27.2,0.0,0.05,58,8.7,0.0,0.0,0.0
2024-05-10T03:00,27.0,0.0,0.05,58,8.5,0.0,0.0,0.0
2024-05-10T04:00,26.5,0.0,0.02,60,4.7,0.0,0.0,0.0
2024-05-10T05:00,26.5,0.0,0.04,60,7.4,0.0,0.0,0.0
2024-05-10T06:00,28.7,0.0,0.09,61,11.6,11.0,11.0,10.0
2024-05-10T07:00,29.8,0.0,0.15,57,11.2,107.0,123.2,76.0
2024-05-10T08:00,32.2,0.0,0.32,46,11.3,327.0,342.4,164.0
2024-05-10T09:00,34.5,0.0,0.53,38,12.1,585.0,637.3,155.0
2024-05-10T10:00,35.9,0.0,0.67,33,10.7,772.0,732.8,161.0
2024-05-10T11:00,37.6,0.0,0.72,28,6.5,840.0,681.0,198.0
2024-05-10T12:00,38.6,0.0,0.72,25,3.4,866.0,668.1,202.0
2024-05-10T13:00,37.5,0.0,0.78,26,16.2,803.0,587.5,225.0
2024-05-10T14:00,31.1,1.8,0.41,44,8.8,455.0,144.5,323.0
2024-05-10T15:00,32.6,0.0,0.27,38,6.2,249.0,45.7,213.0
2024-05-10T16:00,34.5,0.0,0.3,32,1.6,385.0,356.7,166.0
2024-05-10T17:00,34.4,0.0,0.2,31,3.8,212.0,229.3,119.0
2024-05-10T18:00,33.6,0.0,0.3,35,22.9,84.0,187.4,51.0
2024-05-10T19:00,32.2,0.0,0.07,39,5.8,2.0,0.0,2.0
2024-05-10T20:00,30.8,0.0,0.19,44,21.9,0.0,0.0,0.0
2024-05-10T21:00,29.3,0.0,0.1,51,12.3,0.0,0.0,0.0
2024-05-10T22:00,29.0,0.0,0.07,53,9.7,0.0,0.0,0.0
2024-05-10T23:00,28.6,0.0,0.05,54,6.6,0.0,0.0,0.0
2024-05-11T00:00,28.2,0.0,0.05,55,7.5,0.0,0.0,0.0
2024-05-11T01:00,27.8,0.0,0.05,57,8.3,0.0,0.0,0.0
2024-05-11T02:00,27.9,0.0,0.07,55,9.5,0.0,0.0,0.0
2024-05-11T03:00,28.0,0.0,0.06,52,8.5,0.0,0.0,0.0
2024-05-11T04:00,27.9,0.0,0.05,51,6.6,0.0,0.0,0.0
2024-05-11T05:00,26.9,0.0,0.04,56,5.9,0.0,0.0,0.0
2024-05-11T06:00,28.2,0.0,0.02,56,2.2,15.0,32.8,12.0
2024-05-11T07:00,30.5,0.0,0.11,52,2.1,146.0,241.3,85.0
2024-05-11T08:00,33.1,0.0,0.28,44,2.6,366.0,511.5,122.0
2024-05-11T09:00,35.0,0.0,0.44,37,1.6,575.0,629.4,150.0
2024-05-11T10:00,36.5,0.0,0.6,33,3.2,748.0,690.5,172.0
2024-05-11T11:00,38.0,0.0,0.72,29,4.9,856.0,710.6,186.0
2024-05-11T12:00,39.0,0.0,0.75,25,6.7,865.0,675.1,194.0
2024-05-11T13:00,39.1,0.0,0.65,24,5.8,736.0,535.6,209.0
2024-05-11T14:00,38.9,0.0,0.62,23,6.4,689.0,460.9,268.0
2024-05-11T15:00,38.0,0.0,0.34,24,2.4,387.0,265.4,178.0
2024-05-11T16:00,27.7,1.4,0.31,62,18.1,347.0,265.3,184.0
2024-05-11T17:00,33.1,0.0,0.19,37,3.9,208.0,187.0,132.0
2024-05-11T18:00,35.5,0.0,0.11,26,4.0,91.0,191.9,57.0
2024-05-11T19:00,33.3,0.0,0.08,31,5.5,2.0,0.0,2.0
2024-05-11T20:00,32.4,0.0,0.07,34,6.4,0.0,0.0,0.0
2024-05-11T21:00,31.9,0.0,0.08,34,7.7,0.0,0.0,0.0
2024-05-11T22:00,32.2,0.0,0.15,35,13.2,0.0,0.0,0.0
2024-05-11T23:00,30.8,0.0,0.1,40,9.9,0.0,0.0,0.0
2024-05-12T00:00,30.0,0.0,0.09,43,10.2,0.0,0.0,0.0
2024-05-12T01:00,29.9,0.0,0.1,41,10.3,0.0,0.0,0.0
2024-05-12T02:00,29.2,0.0,0.05,44,6.2,0.0,0.0,0.0
2024-05-12T03:00,28.6,0.0,0.03,47,4.1,0.0,0.0,0.0
2024-05-12T04:00,27.9,0.0,0.06,50,7.7,0.0,0.0,0.0
2024-05-12T05:00,27.3,0.0,0.03,52,5.4,0.0,0.0,0.0
2024-05-12T06:00,26.4,0.0,0.01,76,1.1,13.0,21.7,11.0
2024-05-12T07:00,28.7,0.0,0.1,64,2.3,137.0,240.2,76.0
2024-05-12T08:00,32.2,0.0,0.28,50,2.6,363.0,493.9,127.0
2024-05-12T09:00,34.7,0.0,0.4,37,2.0,512.0,479.4,188.0
2024-05-12T10:00,35.4,0.0,0.59,34,8.0,688.0,547.7,231.0
2024-05-12T11:00,32.0,1.9,0.61,51,17.0,724.0,514.3,239.0
2024-05-12T12:00,32.6,0.0,0.53,46,9.1,624.0,306.9,319.0
2024-05-12T13:00,33.0,0.0,0.45,44,6.0,516.0,233.8,286.0
2024-05-12T14:00,34.0,0.2,0.56,40,9.4,634.0,429.1,242.0
2024-05-12T15:00,34.7,0.0,0.51,36,7.2,594.0,454.5,236.0
2024-05-12T16:00,33.6,0.2,0.38,38,7.2,428.0,387.0,190.0
2024-05-12T17:00,34.0,0.0,0.23,35,4.7,253.0,297.2,132.0
2024-05-12T18:00,32.2,0.0,0.17,45,12.0,78.0,134.6,54.0
2024-05-12T19:00,31.0,0.0,0.09,47,9.4,3.0,0.0,3.0
2024-05-12T20:00,29.9,0.0,0.04,51,5.5,0.0,0.0,0.0
2024-05-12T21:00,28.8,0.0,0.03,56,5.2,0.0,0.0,0.0
2024-05-12T22:00,28.3,0.0,0.02,58,4.0,0.0,0.0,0.0
2024-05-12T23:00,27.4,0.0,0.03,64,6.3,0.0,0.0,0.0
2024-05-13T00:00,28.2,0.0,0.01,58,3.3,0.0,0.0,0.0
2024-05-13T01:00,27.9,0.0,0.0,59,1.9,0.0,0.0,0.0
2024-05-13T02:00,26.9,0.0,0.05,63,9.0,0.0,0.0,0.0
2024-05-13T03:00,26.4,0.0,0.03,66,5.8,0.0,0.0,0.0
2024-05-13T04:00,25.9,0.0,0.01,71,4.1,0.0,0.0,0.0
2024-05-13T05:00,25.4,0.0,0.01,75,4.0,0.0,0.0,0.0
2024-05-13T06:00,25.5,0.0,0.05,73,10.5,17.0,21.6,15.0
2024-05-13T07:00,27.7,0.0,0.13,67,8.1,144.0,223.5,87.0
2024-05-13T08:00,30.4,0.0,0.3,56,8.1,361.0,468.0,137.0
2024-05-13T09:00,32.4,0.0,0.45,48,3.0,583.0,641.7,149.0
2024-05-13T10:00,28.0,5.3,0.42,64,7.6,565.0,377.4,250.0
2024-05-13T11:00,29.4,0.2,0.42,59,2.5,548.0,336.1,231.0
2024-05-13T12:00,31.4,0.0,0.51,50,2.9,654.0,374.3,282.0
2024-05-13T13:00,32.9,0.0,0.56,43,6.4,684.0,403.5,287.0
2024-05-13T14:00,33.0,0.0,0.49,42,6.6,572.0,318.5,281.0
2024-05-13T15:00,33.4,0.0,0.46,42,7.0,535.0,345.2,263.0
2024-05-13T16:00,33.1,0.0,0.39,42,6.4,467.0,464.7,181.0
2024-05-13T17:00,32.8,0.0,0.26,42,7.3,269.0,331.0,134.0
2024-05-13T18:00,35.0,0.0,0.15,26,6.9,94.0,217.4,55.0
2024-05-13T19:00,31.8,0.0,0.09,33,7.5,3.0,0.0,3.0
2024-05-13T20:00,30.5,0.0,0.07,37,7.4,0.0,0.0,0.0
2024-05-13T21:00,31.8,0.0,0.03,34,4.1,0.0,0.0,0.0
2024-05-13T22:00,29.9,0.0,0.08,39,8.3,0.0,0.0,0.0
2024-05-13T23:00,30.4,0.0,0.02,36,3.5,0.0,0.0,0.0
2024-05-14T00:00,27.1,0.0,0.03,48,4.2,0.0,0.0,0.0
2024-05-14T01:00,25.9,0.0,0.04,60,6.5,0.0,0.0,0.0
2024-05-14T02:00,25.8,0.0,0.04,59,7.7,0.0,0.0,0.0
2024-05-14T03:00,25.3,0.0,0.04,59,7.4,0.0,0.0,0.0
2024-05-14T04:00,25.2,0.0,0.03,56,5.7,0.0,0.0,0.0
2024-05-14T05:00,24.6,0.0,0.03,59,5.5,0.0,0.0,0.0
2024-05-14T06:00,26.9,0.0,0.03,57,3.8,17.0,42.9,13.0
2024-05-14T07:00,29.7,0.0,0.14,50,5.7,155.0,292.9,80.0
2024-05-14T08:00,32.4,0.0,0.32,40,7.5,354.0,486.1,121.0
2024-05-14T09:00,34.1,0.0,0.48,35,7.1,562.0,592.6,161.0
2024-05-14T10:00,35.8,0.0,0.68,31,12.0,759.0,710.2,166.0
2024-05-14T11:00,35.9,0.0,0.69,30,15.5,724.0,550.3,205.0
2024-05-14T12:00,36.8,0.0,0.75,29,10.8,837.0,595.6,245.0
2024-05-14T13:00,38.2,0.0,0.78,26,10.2,873.0,652.5,231.0
2024-05-14T14:00,35.7,0.0,0.52,29,17.4,415.0,140.1,287.0
2024-05-14T15:00,31.3,1.0,0.29,47,5.0,325.0,142.1,213.0
2024-05-14T16:00,31.8,0.0,0.36,43,13.2,335.0,227.3,195.0
2024-05-14T17:00,32.1,0.0,0.27,41,8.6,268.0,352.3,124.0
2024-05-14T18:00,32.2,0.0,0.09,40,3.3,96.0,210.5,58.0
2024-05-14T19:00,30.0,0.0,0.06,47,6.0,3.0,0.0,3.0
2024-05-14T20:00,30.7,0.0,0.0,44,2.0,0.0,0.0,0.0
2024-05-14T21:00,28.7,0.0,0.04,51,6.1,0.0,0.0,0.0
2024-05-14T22:00,28.3,0.0,0.03,52,5.0,0.0,0.0,0.0
2024-05-14T23:00,28.2,0.0,0.06,53,7.8,0.0,0.0,0.0
2024-05-15T00:00,24.6,0.2,0.09,70,23.0,0.0,0.0,0.0
2024-05-15T01:00,24.5,0.0,0.03,72,8.8,0.0,0.0,0.0
2024-05-15T02:00,24.8,0.0,0.05,71,10.9,0.0,0.0,0.0
2024-05-15T03:00,25.5,0.1,0.07,63,12.4,0.0,0.0,0.0
2024-05-15T04:00,25.5,0.0,0.07,60,12.4,0.0,0.0,0.0
2024-05-15T05:00,25.3,0.0,0.05,58,8.4,0.0,0.0,0.0
2024-05-15T06:00,25.2,0.0,0.03,79,6.6,10.0,0.0,10.0
2024-05-15T07:00,26.2,0.0,0.09,73,6.9,82.0,50.6,69.0
2024-05-15T08:00,28.8,0.0,0.24,58,5.2,303.0,268.8,174.0
2024-05-15T09:00,31.4,0.0,0.4,46,2.5,526.0,484.4,198.0
2024-05-15T10:00,32.3,0.0,0.41,41,6.6,471.0,188.0,314.0
2024-05-15T11:00,34.6,0.0,0.72,34,6.3,892.0,762.3,173.0
2024-05-15T12:00,35.8,0.0,0.76,31,6.9,920.0,719.4,205.0
2024-05-15T13:00,36.7,0.0,0.78,28,8.4,921.0,723.6,209.0
2024-05-15T14:00,36.9,0.0,0.66,28,10.2,721.0,467.2,294.0
2024-05-15T15:00,35.8,0.0,0.61,29,14.7,612.0,473.0,239.0
2024-05-15T16:00,34.6,0.0,0.35,31,8.4,336.0,264.4,173.0
2024-05-15T17:00,34.8,0.0,0.29,32,8.0,276.0,366.2,126.0
2024-05-15T18:00,33.5,0.0,0.17,30,8.7,96.0,214.6,57.0
2024-05-15T19:00,31.2,0.0,0.12,40,10.3,3.0,0.0,3.0
2024-05-15T20:00,29.9,0.0,0.07,48,8.1,0.0,0.0,0.0
2024-05-15T21:00,28.8,0.0,0.04,53,5.6,0.0,0.0,0.0
2024-05-15T22:00,28.2,0.0,0.03,58,5.4,0.0,0.0,0.0
2024-05-15T23:00,27.6,0.0,0.09,58,13.6,0.0,0.0,0.0
2024-05-16T00:00,25.0,0.3,0.02,69,5.9,0.0,0.0,0.0
2024-05-16T01:00,24.5,0.0,0.03,76,8.7,0.0,0.0,0.0
2024-05-16T02:00,24.3,0.0,0.04,76,11.6,0.0,0.0,0.0
2024-05-16T03:00,25.0,0.0,0.02,72,5.5,0.0,0.0,0.0
2024-05-16T04:00,24.6,0.0,0.03,73,7.6,0.0,0.0,0.0
2024-05-16T05:00,24.1,0.0,0.02,76,7.9,0.0,0.0,0.0
2024-05-16T06:00,25.9,0.0,0.02,73,2.7,17.0,31.8,14.0
2024-05-16T07:00,28.3,0.0,0.12,63,3.7,160.0,314.1,79.0
2024-05-16T08:00,31.1,0.0,0.33,49,9.7,375.0,528.6,121.0
2024-05-16T09:00,33.3,0.0,0.49,39,7.9,588.0,651.0,147.0
2024-05-16T10:00,35.0,0.0,0.61,34,4.3,767.0,720.8,165.0
2024-05-16T11:00,36.4,0.0,0.72,30,4.6,881.0,734.8,188.0
2024-05-16T12:00,37.7,0.0,0.78,27,6.3,928.0,745.6,187.0
2024-05-16T13:00,38.1,0.0,0.71,25,5.0,840.0,637.2,213.0
2024-05-16T14:00,38.2,0.0,0.64,24,5.4,739.0,555.8,231.0
2024-05-16T15:00,38.0,0.0,0.59,25,9.2,629.0,524.8,215.0
2024-05-16T16:00,36.8,0.0,0.38,24,7.3,373.0,296.5,190.0
2024-05-16T17:00,29.8,0.0,0.32,53,30.0,208.0,180.3,134.0
2024-05-16T18:00,33.6,0.0,0.22,33,13.1,91.0,180.4,58.0
2024-05-16T19:00,32.6,0.0,0.14,36,11.5,3.0,0.0,3.0
2024-05-16T20:00,31.5,0.0,0.11,42,11.2,0.0,0.0,0.0
2024-05-16T21:00,30.5,0.0,0.08,47,9.3,0.0,0.0,0.0
2024-05-16T22:00,28.0,0.0,0.13,55,18.5,0.0,0.0,0.0
2024-05-16T23:00,28.3,0.0,0.06,54,8.4,0.0,0.0,0.0
2024-05-17T00:00,24.7,0.0,0.08,72,20.5,0.0,0.0,0.0
2024-05-17T01:00,24.6,0.0,0.03,76,9.3,0.0,0.0,0.0
2024-05-17T02:00,24.8,0.0,0.03,77,8.9,0.0,0.0,0.0
2024-05-17T03:00,24.9,0.0,0.03,79,9.5,0.0,0.0,0.0
2024-05-17T04:00,25.0,0.0,0.02,79,7.9,0.0,0.0,0.0
2024-05-17T05:00,25.2,0.0,0.02,77,7.4,0.0,0.0,0.0
2024-05-17T06:00,25.8,0.0,0.05,71,6.8,6.0,0.0,6.0
2024-05-17T07:00,26.3,0.0,0.06,68,4.3,42.0,11.6,39.0
2024-05-17T08:00,27.7,0.0,0.16,64,5.1,187.0,27.0,174.0
2024-05-17T09:00,28.7,0.0,0.25,62,7.4,286.0,29.5,266.0
2024-05-17T10:00,30.1,0.0,0.35,56,4.7,428.0,105.4,340.0
2024-05-17T11:00,33.0,0.0,0.67,47,5.6,856.0,690.3,205.0
2024-05-17T12:00,34.2,0.0,0.73,42,9.9,879.0,659.1,224.0
2024-05-17T13:00,30.1,0.6,0.37,54,19.3,361.0,72.2,290.0
2024-05-17T14:00,32.0,0.2,0.53,48,9.8,638.0,403.7,269.0
2024-05-17T15:00,29.2,0.4,0.5,59,18.8,644.0,537.2,220.0
2024-05-17T16:00,30.2,0.0,0.31,54,10.5,330.0,223.4,192.0
2024-05-17T17:00,30.5,0.0,0.25,50,11.3,241.0,284.4,124.0
2024-05-17T18:00,30.6,0.0,0.16,49,11.7,98.0,217.3,58.0
2024-05-17T19:00,28.9,0.0,0.07,56,8.1,3.0,0.0,3.0
2024-05-17T20:00,27.9,0.0,0.02,62,4.1,0.0,0.0,0.0
2024-05-17T21:00,27.0,0.0,0.03,68,5.8,0.0,0.0,0.0
2024-05-17T22:00,26.6,0.0,0.02,69,4.7,0.0,0.0,0.0
2024-05-17T23:00,26.4,0.0,0.01,69,3.9,0.0,0.0,0.0
2024-05-18T00:00,25.7,0.0,0.01,72,4.5,0.0,0.0,0.0
2024-05-18T01:00,25.2,0.0,0.01,75,5.0,0.0,0.0,0.0
2024-05-18T02:00,24.8,0.0,0.01,78,5.2,0.0,0.0,0.0
2024-05-18T03:00,24.5,0.0,0.01,80,5.1,0.0,0.0,0.0
2024-05-18T04:00,24.2,0.0,0.01,82,4.2,0.0,0.0,0.0
2024-05-18T05:00,24.2,0.0,0.01,82,4.5,0.0,0.0,0.0
2024-05-18T06:00,25.4,0.0,0.03,77,6.6,19.0,42.0,15.0
2024-05-18T07:00,27.7,0.0,0.13,68,5.8,162.0,319.8,79.0
2024-05-18T08:00,29.9,0.0,0.28,58,4.3,369.0,496.3,130.0
2024-05-18T09:00,31.9,0.0,0.44,48,2.5,579.0,622.5,157.0
2024-05-18T10:00,33.5,0.0,0.6,41,6.2,740.0,677.6,174.0
2024-05-18T11:00,34.5,0.0,0.67,37,8.9,794.0,632.0,198.0
2024-05-18T12:00,35.9,0.0,0.77,34,9.2,912.0,725.6,191.0
2024-05-18T13:00,35.8,0.0,0.79,34,14.6,899.0,713.5,197.0
2024-05-18T14:00,33.3,0.1,0.47,41,7.2,541.0,320.5,248.0
2024-05-18T15:00,35.9,0.1,0.6,34,10.7,660.0,599.1,187.0
2024-05-18T16:00,34.2,0.0,0.46,40,13.4,468.0,512.7,151.0
2024-05-18T17:00,33.6,0.0,0.31,42,10.5,300.0,458.5,111.0
2024-05-18T18:00,33.8,0.0,0.17,38,10.3,78.0,134.9,53.0
2024-05-18T19:00,31.1,0.0,0.1,50,9.9,3.0,0.0,3.0
2024-05-18T20:00,30.3,0.0,0.07,53,8.7,0.0,0.0,0.0
2024-05-18T21:00,29.3,0.0,0.07,57,10.5,0.0,0.0,0.0
2024-05-18T22:00,28.2,0.0,0.06,63,10.4,0.0,0.0,0.0
2024-05-18T23:00,27.4,0.0,0.03,67,7.3,0.0,0.0,0.0
2024-05-19T00:00,26.8,0.0,0.04,71,9.4,0.0,0.0,0.0
2024-05-19T01:00,26.4,0.0,0.06,72,13.4,0.0,0.0,0.0
2024-05-19T02:00,25.9,0.0,0.06,74,15.0,0.0,0.0,0.0
2024-05-19T03:00,25.2,0.0,0.04,78,12.3,0.0,0.0,0.0
2024-05-19T04:00,24.6,0.0,0.03,81,11.5,0.0,0.0,0.0
2024-05-19T05:00,24.1,0.0,0.02,84,9.4,0.0,0.0,0.0
2024-05-19T06:00,26.3,0.0,0.05,78,12.8,19.0,41.9,15.0
2024-05-19T07:00,27.6,0.0,0.15,71,14.1,162.0,319.0,79.0
2024-05-19T08:00,29.7,0.0,0.31,62,12.9,375.0,527.0,121.0
2024-05-19T09:00,32.0,0.0,0.48,52,11.1,586.0,648.8,146.0
2024-05-19T10:00,33.9,0.0,0.62,45,6.7,763.0,718.2,163.0
2024-05-19T11:00,35.5,0.0,0.71,39,4.6,880.0,746.6,176.0
2024-05-19T12:00,36.8,0.0,0.76,35,5.2,922.0,741.7,185.0
2024-05-19T13:00,37.0,0.0,0.67,34,6.2,778.0,573.3,214.0
2024-05-19T14:00,37.0,0.0,0.68,34,8.0,784.0,630.0,208.0
2024-05-19T15:00,36.9,0.0,0.56,33,8.4,613.0,540.6,186.0
2024-05-19T16:00,36.3,0.0,0.45,35,10.9,454.0,489.6,151.0
2024-05-19T17:00,33.9,0.2,0.27,39,12.3,178.0,193.6,98.0
2024-05-19T18:00,31.7,0.0,0.16,48,11.2,86.0,182.3,52.0
2024-05-19T19:00,31.4,0.0,0.09,49,8.4,3.0,0.0,3.0
2024-05-19T20:00,30.9,0.0,0.07,52,8.7,0.0,0.0,0.0
2024-05-19T21:00,30.1,0.0,0.07,58,9.4,0.0,0.0,0.0
2024-05-19T22:00,29.5,0.0,0.06,62,9.8,0.0,0.0,0.0
2024-05-19T23:00,28.8,0.0,0.05,65,9.2,0.0,0.0,0.0
2024-05-20T00:00,27.9,0.0,0.04,68,8.7,0.0,0.0,0.0
2024-05-20T01:00,27.6,0.0,0.04,69,9.3,0.0,0.0,0.0
2024-05-20T02:00,27.2,0.0,0.04,70,9.5,0.0,0.0,0.0
2024-05-20T03:00,26.9,0.0,0.05,72,10.8,0.0,0.0,0.0
2024-05-20T04:00,26.6,0.0,0.05,74,13.1,0.0,0.0,0.0
2024-05-20T05:00,26.2,0.0,0.04,77,11.2,0.0,0.0,0.0
2024-05-20T06:00,27.4,0.0,0.05,76,10.7,19.0,41.7,15.0
2024-05-20T07:00,29.1,0.0,0.15,68,10.3,162.0,318.2,79.0
2024-05-20T08:00,31.0,0.0,0.32,58,11.6,372.0,518.3,122.0
2024-05-20T09:00,33.1,0.0,0.49,50,11.3,583.0,641.3,148.0
2024-05-20T10:00,34.9,0.0,0.63,44,8.0,757.0,700.3,172.0
2024-05-20T11:00,36.3,0.0,0.69,40,4.0,839.0,700.0,179.0
2024-05-20T12:00,37.3,0.0,0.72,36,2.4,880.0,690.5,194.0
2024-05-20T13:00,37.8,0.0,0.69,34,1.9,852.0,666.8,196.0
2024-05-20T14:00,37.9,0.0,0.6,32,5.1,700.0,536.9,209.0
2024-05-20T15:00,38.3,0.0,0.59,31,5.4,691.0,642.9,183.0
2024-05-20T16:00,36.4,0.0,0.51,33,16.2,466.0,514.9,147.0
2024-05-20T17:00,30.0,0.1,0.22,56,14.2,180.0,186.0,103.0
2024-05-20T18:00,34.2,0.0,0.11,39,4.3,98.0,229.0,55.0
2024-05-20T19:00,31.7,0.0,0.05,46,4.7,4.0,0.0,4.0
2024-05-20T20:00,31.0,0.0,0.04,49,5.1,0.0,0.0,0.0
2024-05-20T21:00,30.4,0.0,0.05,51,6.8,0.0,0.0,0.0
2024-05-20T22:00,30.0,0.0,0.04,52,5.2,0.0,0.0,0.0
2024-05-20T23:00,28.9,0.0,0.03,58,5.4,0.0,0.0,0.0
2024-05-21T00:00,28.5,0.0,0.03,59,4.8,0.0,0.0,0.0
2024-05-21T01:00,28.4,0.0,0.06,59,9.3,0.0,0.0,0.0
2024-05-21T02:00,28.5,0.0,0.07,56,9.9,0.0,0.0,0.0
2024-05-21T03:00,27.6,0.0,0.06,59,9.4,0.0,0.0,0.0
2024-05-21T04:00,27.0,0.0,0.06,64,10.4,0.0,0.0,0.0
2024-05-21T05:00,26.7,0.0,0.07,66,13.7,0.0,0.0,0.0
2024-05-21T06:00,26.3,0.0,0.04,77,9.4,18.0,31.2,15.0
2024-05-21T07:00,28.2,0.0,0.14,69,9.8,157.0,275.4,85.0
2024-05-21T08:00,30.8,0.0,0.3,57,7.8,373.0,518.0,123.0
2024-05-21T09:00,33.7,0.0,0.45,45,2.9,583.0,638.3,150.0
2024-05-21T10:00,35.9,0.0,0.6,37,1.8,762.0,717.1,163.0
2024-05-21T11:00,37.6,0.0,0.75,31,7.8,880.0,753.1,170.0
2024-05-21T12:00,38.3,0.0,0.77,28,9.9,865.0,653.3,216.0
2024-05-21T13:00,39.2,0.0,0.77,26,10.3,842.0,639.4,213.0
2024-05-21T14:00,39.3,0.0,0.72,25,12.1,744.0,590.4,204.0
2024-05-21T15:00,35.8,0.0,0.67,35,24.9,629.0,571.8,177.0
2024-05-21T16:00,35.4,0.1,0.43,35,13.9,383.0,367.7,155.0
2024-05-21T17:00,33.8,0.0,0.31,42,14.0,254.0,344.6,111.0
2024-05-21T18:00,34.7,0.0,0.19,32,9.6,98.0,222.3,56.0
2024-05-21T19:00,32.1,0.0,0.08,41,7.4,4.0,0.0,4.0
2024-05-21T20:00,31.0,0.0,0.05,46,6.1,0.0,0.0,0.0
2024-05-21T21:00,30.6,0.0,0.04,48,5.5,0.0,0.0,0.0
2024-05-21T22:00,30.8,0.0,0.04,49,5.4,0.0,0.0,0.0
2024-05-21T23:00,30.2,0.0,0.09,48,10.7,0.0,0.0,0.0
2024-05-22T00:00,29.4,0.0,0.07,50,8.8,0.0,0.0,0.0
2024-05-22T01:00,29.2,0.0,0.08,52,10.0,0.0,0.0,0.0
2024-05-22T02:00,28.3,0.0,0.05,57,7.8,0.0,0.0,0.0
2024-05-22T03:00,27.8,0.0,0.06,60,9.1,0.0,0.0,0.0
2024-05-22T04:00,27.6,0.0,0.05,61,9.0,0.0,0.0,0.0
2024-05-22T05:00,27.2,0.0,0.05,64,8.4,0.0,0.0,0.0
2024-05-22T06:00,28.4,0.0,0.07,60,8.9,20.0,41.4,16.0
2024-05-22T07:00,30.6,0.0,0.16,55,7.4,165.0,332.1,78.0
2024-05-22T08:00,32.5,0.0,0.33,48,8.8,378.0,534.2,120.0
2024-05-22T09:00,34.6,0.0,0.5,41,7.3,589.0,654.4,145.0
2024-05-22T10:00,36.4,0.0,0.63,35,4.7,763.0,720.8,161.0
2024-05-22T11:00,37.8,0.0,0.74,32,8.7,843.0,705.5,178.0
2024-05-22T12:00,38.7,0.0,0.78,29,10.5,856.0,654.4,206.0
2024-05-22T13:00,39.5,0.0,0.77,27,10.5,831.0,627.2,214.0
2024-05-22T14:00,39.1,0.0,0.69,26,11.8,703.0,486.5,258.0
2024-05-22T15:00,39.2,0.0,0.6,25,12.5,578.0,491.8,189.0
2024-05-22T16:00,33.0,0.0,0.39,45,22.0,296.0,246.5,143.0
2024-05-22T17:00,34.7,0.0,0.24,36,4.7,268.0,377.5,111.0
2024-05-22T18:00,31.8,0.0,0.16,46,10.5,86.0,173.5,53.0
2024-05-22T19:00,30.8,0.0,0.1,49,10.0,3.0,0.0,3.0
2024-05-22T20:00,30.4,0.0,0.05,51,7.1,0.0,0.0,0.0
2024-05-22T21:00,29.5,0.0,0.02,56,3.6,0.0,0.0,0.0
2024-05-22T22:00,29.9,0.0,0.07,54,9.4,0.0,0.0,0.0
2024-05-22T23:00,29.7,0.0,0.04,54,5.5,0.0,0.0,0.0
2024-05-23T00:00,28.7,0.0,0.04,60,6.4,0.0,0.0,0.0
2024-05-23T01:00,29.0,0.0,0.05,58,8.0,0.0,0.0,0.0
2024-05-23T02:00,29.2,0.0,0.06,57,8.5,0.0,0.0,0.0
2024-05-23T03:00,29.2,0.0,0.04,57,6.3,0.0,0.0,0.0
2024-05-23T04:00,29.2,0.0,0.07,57,10.1,0.0,0.0,0.0
2024-05-23T05:00,28.0,0.0,0.04,61,6.7,0.0,0.0,0.0
2024-05-23T06:00,28.0,0.0,0.04,66,4.6,17.0,31.0,14.0
2024-05-23T07:00,30.1,0.0,0.14,59,6.5,152.0,270.5,81.0
2024-05-23T08:00,32.1,0.0,0.35,51,14.0,360.0,488.5,124.0
2024-05-23T09:00,33.9,0.0,0.5,45,13.1,560.0,591.0,159.0
2024-05-23T10:00,35.8,0.0,0.65,39,10.3,756.0,710.1,163.0
2024-05-23T11:00,37.7,0.0,0.76,34,8.5,880.0,751.3,172.0
2024-05-23T12:00,39.0,0.0,0.83,29,11.2,924.0,741.1,188.0
2024-05-23T13:00,39.9,0.0,0.8,26,9.4,892.0,715.7,188.0
2024-05-23T14:00,41.1,0.0,0.78,23,14.8,766.0,639.5,181.0
2024-05-23T15:00,34.5,0.0,0.44,44,19.4,357.0,212.3,189.0
2024-05-23T16:00,35.3,0.1,0.47,36,15.9,419.0,424.9,155.0
2024-05-23T17:00,34.2,0.0,0.32,40,14.4,241.0,311.9,111.0
2024-05-23T18:00,36.7,0.0,0.14,30,5.8,101.0,224.6,58.0
2024-05-23T19:00,34.2,0.0,0.16,32,11.9,4.0,0.0,4.0
2024-05-23T20:00,32.9,0.0,0.15,38,13.7,0.0,0.0,0.0
2024-05-23T21:00,32.4,0.0,0.12,40,11.9,0.0,0.0,0.0
2024-05-23T22:00,31.9,0.0,0.08,39,8.2,0.0,0.0,0.0
2024-05-23T23:00,30.9,0.0,0.14,43,15.4,0.0,0.0,0.0
2024-05-24T00:00,30.9,0.0,0.16,43,17.6,0.0,0.0,0.0
2024-05-24T01:00,30.5,0.0,0.11,43,11.8,0.0,0.0,0.0
2024-05-24T02:00,30.1,0.0,0.11,44,11.9,0.0,0.0,0.0
2024-05-24T03:00,29.3,0.0,0.08,48,10.0,0.0,0.0,0.0
2024-05-24T04:00,28.6,0.0,0.07,55,9.4,0.0,0.0,0.0
2024-05-24T05:00,28.0,0.0,0.06,62,9.7,0.0,0.0,0.0
2024-05-24T06:00,28.1,0.0,0.05,70,7.6,20.0,41.2,16.0
2024-05-24T07:00,30.3,0.0,0.15,64,7.5,163.0,319.5,79.0
2024-05-24T08:00,33.4,0.0,0.31,50,6.9,363.0,494.5,124.0
2024-05-24T09:00,36.3,0.0,0.49,36,6.9,567.0,594.0,164.0
2024-05-24T10:00,38.7,0.0,0.69,24,12.4,714.0,616.8,199.0
2024-05-24T11:00,40.5,0.0,0.86,19,15.9,862.0,722.8,181.0
2024-05-24T12:00,40.7,0.0,0.83,18,18.4,767.0,547.9,223.0
2024-05-24T13:00,40.8,0.0,0.78,17,15.1,731.0,508.3,231.0
2024-05-24T14:00,41.4,0.0,0.81,17,16.2,773.0,631.7,195.0
2024-05-24T15:00,40.9,0.0,0.73,17,17.9,640.0,567.2,191.0
2024-05-24T16:00,40.6,0.0,0.55,17,15.6,426.0,456.6,142.0
2024-05-24T17:00,39.8,0.0,0.43,18,15.5,267.0,373.5,111.0
2024-05-24T18:00,37.7,0.0,0.21,19,9.3,98.0,218.0,56.0
2024-05-24T19:00,35.4,0.0,0.12,23,7.4,4.0,0.0,4.0
2024-05-24T20:00,36.3,0.0,0.04,21,4.1,0.0,0.0,0.0
2024-05-24T21:00,33.7,0.0,0.2,28,15.9,0.0,0.0,0.0
2024-05-24T22:00,32.6,0.0,0.2,39,19.7,0.0,0.0,0.0
2024-05-24T23:00,32.7,0.0,0.14,40,14.0,0.0,0.0,0.0
2024-05-25T00:00,31.8,0.0,0.14,41,14.5,0.0,0.0,0.0
2024-05-25T01:00,32.8,0.0,0.24,28,20.6,0.0,0.0,0.0
2024-05-25T02:00,32.0,0.0,0.17,31,15.1,0.0,0.0,0.0
2024-05-25T03:00,30.4,0.0,0.11,37,10.6,0.0,0.0,0.0
2024-05-25T04:00,29.4,0.0,0.13,42,13.9,0.0,0.0,0.0
2024-05-25T05:00,28.7,0.0,0.11,45,12.6,0.0,0.0,0.0
2024-05-25T06:00,29.4,0.0,0.11,53,12.2,19.0,41.1,15.0
2024-05-25T07:00,31.2,0.0,0.19,46,10.0,166.0,330.4,79.0
2024-05-25T08:00,33.3,0.0,0.4,36,15.0,379.0,533.6,121.0
2024-05-25T09:00,35.1,0.0,0.54,29,17.4,495.0,361.1,250.0
2024-05-25T10:00,36.9,0.0,0.65,27,16.8,615.0,339.0,332.0
2024-05-25T11:00,38.2,0.0,0.75,25,18.3,709.0,347.1,382.0
2024-05-25T12:00,39.8,0.0,0.88,21,20.4,847.0,522.8,328.0
2024-05-25T13:00,38.5,0.0,0.62,23,19.5,462.0,160.6,304.0
2024-05-25T14:00,39.4,0.0,0.54,22,13.6,427.0,150.8,289.0
2024-05-25T15:00,39.7,0.0,0.56,20,18.5,370.0,133.8,264.0
2024-05-25T16:00,39.5,0.0,0.56,20,19.2,372.0,276.2,200.0
2024-05-25T17:00,38.7,0.0,0.39,21,15.8,193.0,160.0,126.0
2024-05-25T18:00,37.7,0.0,0.22,23,10.4,90.0,170.2,57.0
2024-05-25T19:00,35.8,0.0,0.15,26,9.4,4.0,0.0,4.0
2024-05-25T20:00,34.6,0.0,0.16,29,13.0,0.0,0.0,0.0
2024-05-25T21:00,32.6,0.0,0.16,37,15.2,0.0,0.0,0.0
2024-05-25T22:00,32.3,0.0,0.16,38,15.3,0.0,0.0,0.0
2024-05-25T23:00,30.5,0.0,0.15,44,16.9,0.0,0.0,0.0
2024-05-26T00:00,30.2,0.0,0.12,47,13.7,0.0,0.0,0.0
2024-05-26T01:00,29.4,0.0,0.12,53,16.4,0.0,0.0,0.0
2024-05-26T02:00,28.2,0.0,0.1,62,16.2,0.0,0.0,0.0
2024-05-26T03:00,27.4,0.0,0.08,66,16.2,0.0,0.0,0.0
2024-05-26T04:00,26.9,0.0,0.08,69,16.9,0.0,0.0,0.0
2024-05-26T05:00,26.6,0.0,0.07,70,16.3,0.0,0.0,0.0
2024-05-26T06:00,27.5,0.0,0.08,67,12.7,19.0,20.5,17.0
2024-05-26T07:00,28.9,0.0,0.19,61,16.4,155.0,239.0,92.0
2024-05-26T08:00,31.0,0.0,0.35,53,18.3,351.0,457.0,130.0
2024-05-26T09:00,33.5,0.0,0.55,45,20.1,579.0,611.8,164.0
2024-05-26T10:00,36.0,0.0,0.73,37,20.4,769.0,729.7,160.0
2024-05-26T11:00,38.0,0.0,0.85,32,20.1,892.0,765.6,171.0
2024-05-26T12:00,39.5,0.0,0.92,27,19.9,944.0,771.7,178.0
2024-05-26T13:00,39.8,0.0,0.83,24,19.9,776.0,585.7,200.0
2024-05-26T14:00,38.6,0.0,0.69,27,16.7,643.0,479.7,204.0
2024-05-26T15:00,39.5,0.0,0.56,26,14.1,475.0,335.7,209.0
2024-05-26T16:00,39.3,0.0,0.55,23,17.7,412.0,375.4,178.0
2024-05-26T17:00,38.7,0.0,0.38,23,14.5,224.0,233.6,126.0
2024-05-26T18:00,35.1,0.0,0.22,34,12.5,97.0,210.2,56.0
2024-05-26T19:00,34.1,0.0,0.08,34,5.9,4.0,0.0,4.0
2024-05-26T20:00,33.1,0.0,0.07,38,7.3,0.0,0.0,0.0
2024-05-26T21:00,33.0,0.0,0.17,35,14.8,0.0,0.0,0.0
2024-05-26T22:00,31.6,0.0,0.16,40,16.1,0.0,0.0,0.0
2024-05-26T23:00,30.7,0.0,0.15,48,18.1,0.0,0.0,0.0
2024-05-27T00:00,30.4,0.0,0.17,55,23.9,0.0,0.0,0.0
2024-05-27T01:00,29.5,0.0,0.12,60,18.8,0.0,0.0,0.0
2024-05-27T02:00,28.5,0.0,0.09,63,15.9,0.0,0.0,0.0
2024-05-27T03:00,27.8,0.0,0.07,65,13.7,0.0,0.0,0.0
2024-05-27T04:00,27.2,0.0,0.07,66,13.4,0.0,0.0,0.0
2024-05-27T05:00,26.9,0.0,0.06,67,12.6,0.0,0.0,0.0
2024-05-27T06:00,27.0,0.0,0.08,71,14.9,18.0,41.0,14.0
2024-05-27T07:00,28.6,0.0,0.18,65,16.7,162.0,291.8,85.0
2024-05-27T08:00,31.0,0.0,0.33,57,17.5,343.0,378.4,160.0
2024-05-27T09:00,33.6,0.0,0.51,48,18.7,536.0,477.7,212.0
2024-05-27T10:00,35.6,0.0,0.66,43,18.3,718.0,582.5,232.0
2024-05-27T11:00,37.8,0.0,0.8,36,17.4,856.0,671.2,224.0
2024-05-27T12:00,39.1,0.0,0.86,31,17.8,889.0,635.9,258.0
2024-05-27T13:00,39.5,0.0,0.83,29,17.4,831.0,545.0,295.0
2024-05-27T14:00,39.9,0.0,0.66,26,12.9,633.0,394.4,272.0
2024-05-27T15:00,31.8,0.8,0.36,47,12.0,361.0,150.1,242.0
2024-05-27T16:00,34.0,0.0,0.27,42,7.3,250.0,107.4,183.0
2024-05-27T17:00,35.1,0.0,0.3,39,13.6,208.0,130.8,153.0
2024-05-27T18:00,35.1,0.0,0.22,39,14.1,81.0,61.1,69.0
2024-05-27T19:00,33.6,0.2,0.17,44,15.8,4.0,0.0,4.0
2024-05-27T20:00,32.9,0.0,0.11,46,12.2,0.0,0.0,0.0
2024-05-27T21:00,32.0,0.0,0.12,49,13.9,0.0,0.0,0.0
2024-05-27T22:00,30.3,0.0,0.18,52,24.2,0.0,0.0,0.0
2024-05-27T23:00,29.0,0.0,0.16,54,22.9,0.0,0.0,0.0
2024-05-28T00:00,28.2,0.0,0.13,58,20.8,0.0,0.0,0.0
2024-05-28T01:00,27.1,0.0,0.1,64,19.0,0.0,0.0,0.0
2024-05-28T02:00,26.4,0.0,0.08,70,19.9,0.0,0.0,0.0
2024-05-28T03:00,26.1,0.0,0.07,74,19.4,0.0,0.0,0.0
2024-05-28T04:00,25.9,0.0,0.05,76,14.8,0.0,0.0,0.0
2024-05-28T05:00,25.6,0.0,0.04,79,14.7,0.0,0.0,0.0
2024-05-28T06:00,26.1,0.0,0.07,76,18.1,21.0,40.9,17.0
2024-05-28T07:00,27.5,0.0,0.17,70,19.5,168.0,310.5,86.0
2024-05-28T08:00,29.4,0.0,0.32,61,20.3,357.0,436.3,146.0
2024-05-28T09:00,31.5,0.0,0.48,53,18.7,540.0,530.9,180.0
2024-05-28T10:00,34.4,0.0,0.66,43,16.2,752.0,682.1,183.0
2024-05-28T11:00,36.7,0.0,0.8,36,16.5,889.0,749.0,184.0
2024-05-28T12:00,38.3,0.0,0.88,31,16.9,951.0,773.0,184.0
2024-05-28T13:00,39.6,0.0,0.91,27,18.0,942.0,775.9,179.0
2024-05-28T14:00,40.2,0.0,0.84,24,18.0,817.0,707.9,169.0
2024-05-28T15:00,40.5,0.0,0.7,19,16.8,620.0,552.3,182.0
2024-05-28T16:00,39.2,0.0,0.57,19,19.5,397.0,385.9,156.0
2024-05-28T17:00,38.4,0.0,0.32,20,10.6,216.0,268.2,103.0
2024-05-28T18:00,36.2,0.0,0.18,24,7.7,98.0,207.6,57.0
2024-05-28T19:00,33.2,0.0,0.1,31,6.9,5.0,0.0,5.0
2024-05-28T20:00,33.4,0.0,0.13,32,11.0,0.0,0.0,0.0
2024-05-28T21:00,32.9,0.0,0.18,39,17.2,0.0,0.0,0.0
2024-05-28T22:00,31.8,0.0,0.18,46,20.8,0.0,0.0,0.0
2024-05-28T23:00,30.6,0.0,0.15,48,17.6,0.0,0.0,0.0
2024-05-29T00:00,29.2,0.0,0.13,51,17.3,0.0,0.0,0.0
2024-05-29T01:00,27.9,0.0,0.11,56,16.2,0.0,0.0,0.0
2024-05-29T02:00,26.9,0.0,0.09,62,17.0,0.0,0.0,0.0
2024-05-29T03:00,25.9,0.0,0.08,68,18.0,0.0,0.0,0.0
2024-05-29T04:00,25.0,0.0,0.07,74,18.8,0.0,0.0,0.0
2024-05-29T05:00,24.5,0.0,0.06,76,18.8,0.0,0.0,0.0
2024-05-29T06:00,25.8,0.0,0.08,72,18.4,22.0,51.1,17.0
2024-05-29T07:00,27.2,0.0,0.19,65,20.9,172.0,351.9,79.0
2024-05-29T08:00,29.5,0.0,0.36,57,21.6,389.0,560.4,118.0
2024-05-29T09:00,31.7,0.0,0.52,50,19.6,601.0,677.1,142.0
2024-05-29T10:00,33.9,0.0,0.66,42,14.6,778.0,743.5,158.0
2024-05-29T11:00,35.6,0.0,0.78,38,14.3,901.0,778.9,168.0
2024-05-29T12:00,37.2,0.0,0.84,34,13.1,960.0,794.4,172.0
2024-05-29T13:00,38.6,0.0,0.86,29,12.9,949.0,791.2,171.0
2024-05-29T14:00,39.7,0.0,0.8,25,13.0,855.0,751.4,167.0
2024-05-29T15:00,40.2,0.0,0.62,20,10.4,627.0,583.5,164.0
2024-05-29T16:00,40.4,0.0,0.5,18,8.6,504.0,572.6,146.0
2024-05-29T17:00,39.9,0.0,0.34,18,8.0,315.0,480.7,112.0
2024-05-29T18:00,35.7,0.0,0.14,28,5.5,104.0,231.6,58.0
2024-05-29T19:00,34.7,0.0,0.17,27,12.3,6.0,15.4,5.0
2024-05-29T20:00,33.6,0.0,0.14,28,11.4,0.0,0.0,0.0
2024-05-29T21:00,32.9,0.0,0.13,30,11.3,0.0,0.0,0.0
2024-05-29T22:00,32.8,0.0,0.23,35,22.0,0.0,0.0,0.0
2024-05-29T23:00,31.0,0.0,0.18,45,20.1,0.0,0.0,0.0
2024-05-30T00:00,29.4,0.0,0.15,50,18.8,0.0,0.0,0.0
2024-05-30T01:00,28.2,0.0,0.12,55,17.7,0.0,0.0,0.0
2024-05-30T02:00,27.1,0.0,0.08,63,14.5,0.0,0.0,0.0
2024-05-30T03:00,26.3,0.0,0.06,67,13.3,0.0,0.0,0.0
2024-05-30T04:00,25.6,0.0,0.06,70,13.0,0.0,0.0,0.0
2024-05-30T05:00,25.2,0.0,0.05,72,12.9,0.0,0.0,0.0
2024-05-30T06:00,26.4,0.0,0.07,68,12.3,21.0,51.0,16.0
2024-05-30T07:00,27.5,0.0,0.17,64,13.2,170.0,344.2,79.0
2024-05-30T08:00,29.4,0.0,0.33,56,12.9,385.0,550.1,119.0
2024-05-30T09:00,31.7,0.0,0.5,47,12.6,597.0,669.9,143.0
2024-05-30T10:00,33.9,0.0,0.66,39,12.6,774.0,737.7,159.0
2024-05-30T11:00,35.9,0.0,0.78,33,12.5,897.0,776.0,167.0
2024-05-30T12:00,37.6,0.0,0.85,27,13.1,956.0,790.5,172.0
2024-05-30T13:00,38.7,0.0,0.86,23,13.2,947.0,789.2,171.0
2024-05-30T14:00,39.1,0.0,0.75,21,12.1,790.0,666.1,180.0
2024-05-30T15:00,39.3,0.0,0.62,20,8.7,668.0,624.8,172.0
2024-05-30T16:00,39.3,0.0,0.47,20,7.6,496.0,546.5,154.0
2024-05-30T17:00,38.8,0.0,0.36,19,9.7,308.0,465.5,111.0
2024-05-30T18:00,35.2,0.0,0.15,34,6.6,106.0,230.2,60.0
2024-05-30T19:00,35.6,0.0,0.03,23,2.2,6.0,15.3,5.0
2024-05-30T20:00,32.4,0.0,0.06,31,6.0,0.0,0.0,0.0
2024-05-30T21:00,31.2,0.0,0.06,33,6.0,0.0,0.0,0.0
2024-05-30T22:00,30.0,0.0,0.06,36,6.7,0.0,0.0,0.0
2024-05-30T23:00,31.0,0.0,0.19,33,17.9,0.0,0.0,0.0
2024-05-31T00:00,30.4,0.0,0.17,42,17.9,0.0,0.0,0.0
2024-05-31T01:00,29.2,0.0,0.11,52,14.4,0.0,0.0,0.0
2024-05-31T02:00,28.1,0.0,0.08,56,12.2,0.0,0.0,0.0
2024-05-31T03:00,27.3,0.0,0.06,60,10.1,0.0,0.0,0.0
2024-05-31T04:00,26.7,0.0,0.05,63,9.8,0.0,0.0,0.0
2024-05-31T05:00,26.2,0.0,0.05,66,9.8,0.0,0.0,0.0
2024-05-31T06:00,27.4,0.0,0.08,66,12.7,21.0,51.0,16.0
2024-05-31T07:00,28.6,0.0,0.19,61,16.0,169.0,344.1,78.0
2024-05-31T08:00,30.6,0.0,0.36,50,15.7,382.0,546.1,118.0
2024-05-31T09:00,32.8,0.0,0.54,40,16.1,592.0,664.2,142.0
2024-05-31T10:00,35.1,0.0,0.69,32,14.8,768.0,732.0,158.0
2024-05-31T11:00,37.0,0.0,0.81,26,14.0,892.0,769.8,168.0
2024-05-31T12:00,38.5,0.0,0.86,23,12.5,952.0,786.6,172.0
2024-05-31T13:00,39.5,0.0,0.85,21,11.0,947.0,789.3,171.0
2024-05-31T14:00,39.9,0.0,0.78,20,9.8,860.0,758.9,165.0
2024-05-31T15:00,39.8,0.0,0.66,20,10.0,703.0,677.4,165.0
2024-05-31T16:00,39.3,0.0,0.5,20,9.0,514.0,593.8,142.0
2024-05-31T17:00,38.4,0.0,0.3,20,6.6,281.0,405.6,109.0
2024-05-31T18:00,36.4,0.0,0.16,27,6.4,112.0,248.9,62.0
2024-05-31T19:00,33.7,0.0,0.11,35,8.8,6.0,15.2,5.0
2024-05-31T20:00,32.8,0.0,0.07,37,6.6,0.0,0.0,0.0
2024-05-31T21:00,32.0,0.0,0.06,36,6.4,0.0,0.0,0.0
2024-05-31T22:00,31.1,0.0,0.08,38,8.0,0.0,0.0,0.0
2024-05-31T23:00,30.6,0.0,0.06,37,6.8,0.0,0.0,0.0
2024-06-01T00:00,31.1,0.0,0.19,37,19.1,0.0,0.0,0.0
2024-06-01T01:00,30.3,0.0,0.14,45,15.6,0.0,0.0,0.0
2024-06-01T02:00,29.4,0.0,0.12,51,15.3,0.0,0.0,0.0
2024-06-01T03:00,28.6,0.0,0.1,55,14.0,0.0,0.0,0.0
2024-06-01T04:00,28.0,0.0,0.09,58,13.5,0.0,0.0,0.0
2024-06-01T05:00,27.4,0.0,0.08,60,13.2,0.0,0.0,0.0
2024-06-01T06:00,29.0,0.0,0.1,58,13.2,21.0,51.0,16.0
2024-06-01T07:00,30.3,0.0,0.19,54,11.6,168.0,336.4,79.0
2024-06-01T08:00,32.2,0.0,0.35,46,11.8,378.0,538.0,118.0
2024-06-01T09:00,34.2,0.0,0.53,37,12.7,577.0,618.7,158.0
2024-06-01T10:00,35.9,0.0,0.68,32,12.2,756.0,709.4,165.0
2024-06-01T11:00,37.3,0.0,0.76,29,9.4,874.0,746.6,172.0
2024-06-01T12:00,38.1,0.0,0.76,28,6.9,890.0,707.1,189.0
2024-06-01T13:00,38.8,0.0,0.75,27,5.4,881.0,703.9,189.0
2024-06-01T14:00,38.9,0.0,0.68,27,8.3,755.0,601.5,204.0
2024-06-01T15:00,39.0,0.0,0.59,27,8.9,626.0,536.2,200.0
2024-06-01T16:00,38.0,0.0,0.48,28,11.2,450.0,452.9,166.0
2024-06-01T17:00,36.0,0.1,0.27,32,8.7,214.0,211.8,124.0
2024-06-01T18:00,35.8,0.0,0.17,32,7.3,115.0,262.3,62.0
2024-06-01T19:00,33.4,0.0,0.08,38,6.5,6.0,15.0,5.0
2024-06-01T20:00,32.7,0.0,0.08,39,7.5,0.0,0.0,0.0
2024-06-01T21:00,32.3,0.0,0.06,38,5.9,0.0,0.0,0.0
2024-06-01T22:00,31.2,0.0,0.07,41,7.3,0.0,0.0,0.0
2024-06-01T23:00,32.0,0.0,0.12,38,11.8,0.0,0.0,0.0
2024-06-02T00:00,31.8,0.0,0.13,41,13.0,0.0,0.0,0.0
2024-06-02T01:00,31.0,0.0,0.1,44,11.2,0.0,0.0,0.0
2024-06-02T02:00,30.3,0.0,0.09,46,10.1,0.0,0.0,0.0
2024-06-02T03:00,29.9,0.0,0.08,47,9.1,0.0,0.0,0.0
2024-06-02T04:00,29.2,0.0,0.06,50,7.5,0.0,0.0,0.0
2024-06-02T05:00,28.2,0.0,0.04,57,6.0,0.0,0.0,0.0
2024-06-02T06:00,29.9,0.0,0.09,52,9.5,20.0,51.0,15.0
2024-06-02T07:00,31.0,0.0,0.21,49,12.6,155.0,238.2,92.0
2024-06-02T08:00,32.5,0.0,0.37,44,14.9,360.0,455.4,140.0
2024-06-02T09:00,34.3,0.0,0.51,39,11.7,560.0,556.9,183.0
2024-06-02T10:00,36.0,0.0,0.65,34,10.7,743.0,667.7,187.0
2024-06-02T11:00,37.5,0.0,0.75,32,7.9,875.0,736.2,183.0
2024-06-02T12:00,38.5,0.0,0.73,30,2.3,893.0,652.7,246.0
2024-06-02T13:00,38.8,0.0,0.52,28,1.5,631.0,334.7,302.0
2024-06-02T14:00,30.1,0.2,0.32,60,31.5,235.0,1.1,234.0
2024-06-02T15:00,33.0,0.2,0.4,48,12.6,403.0,176.1,263.0
2024-06-02T16:00,32.0,0.4,0.35,51,14.3,349.0,232.6,203.0
2024-06-02T17:00,31.7,0.4,0.23,50,9.2,216.0,155.0,150.0
2024-06-02T18:00,33.1,0.0,0.1,43,4.6,58.0,14.8,55.0
2024-06-02T19:00,32.1,0.0,0.03,47,1.8,4.0,0.0,4.0
2024-06-02T20:00,31.1,0.0,0.04,49,5.6,0.0,0.0,0.0
2024-06-02T21:00,30.5,0.0,0.03,52,4.6,0.0,0.0,0.0
2024-06-02T22:00,30.7,0.0,0.07,51,8.4,0.0,0.0,0.0
2024-06-02T23:00,29.5,0.2,0.01,56,3.1,0.0,0.0,0.0
2024-06-03T00:00,28.0,0.0,0.05,67,10.2,0.0,0.0,0.0
2024-06-03T01:00,27.0,0.0,0.05,70,12.0,0.0,0.0,0.0
2024-06-03T02:00,25.8,0.0,0.04,77,11.8,0.0,0.0,0.0
2024-06-03T03:00,25.0,0.0,0.02,81,9.1,0.0,0.0,0.0
2024-06-03T04:00,24.9,0.0,0.02,83,8.5,0.0,0.0,0.0
2024-06-03T05:00,25.2,0.0,0.02,81,8.4,0.0,0.0,0.0
2024-06-03T06:00,25.8,0.0,0.07,76,17.7,15.0,0.0,15.0
2024-06-03T07:00,26.9,0.0,0.14,71,17.6,108.0,79.4,87.0
2024-06-03T08:00,28.5,0.0,0.26,63,15.9,275.0,227.8,165.0
2024-06-03T09:00,30.1,0.0,0.35,58,14.8,386.0,187.7,259.0
2024-06-03T10:00,31.7,0.0,0.46,52,13.5,517.0,231.9,324.0
2024-06-03T11:00,33.5,0.0,0.56,45,13.3,625.0,269.3,372.0
2024-06-03T12:00,35.8,0.0,0.75,36,12.0,864.0,603.4,266.0
2024-06-03T13:00,36.4,0.0,0.63,33,7.7,715.0,375.3,346.0
2024-06-03T14:00,37.2,0.0,0.61,30,8.1,676.0,373.2,334.0
2024-06-03T15:00,34.1,0.0,0.5,39,12.1,523.0,347.0,247.0
2024-06-03T16:00,34.1,0.0,0.43,41,11.2,452.0,480.6,150.0
2024-06-03T17:00,34.6,0.0,0.3,39,9.6,279.0,398.3,109.0
2024-06-03T18:00,33.3,0.0,0.18,43,11.1,98.0,190.9,59.0
2024-06-03T19:00,32.0,0.0,0.11,47,10.4,6.0,14.8,5.0
2024-06-03T20:00,31.4,0.0,0.07,50,8.7,0.0,0.0,0.0
2024-06-03T21:00,30.7,0.0,0.09,52,11.2,0.0,0.0,0.0
2024-06-03T22:00,25.0,4.0,0.06,80,22.9,0.0,0.0,0.0
2024-06-03T23:00,25.3,0.0,0.04,76,10.8,0.0,0.0,0.0
2024-06-04T00:00,25.4,0.0,0.01,78,3.6,0.0,0.0,0.0
2024-06-04T01:00,25.3,0.0,0.02,80,6.5,0.0,0.0,0.0
2024-06-04T02:00,25.2,0.0,0.01,81,3.6,0.0,0.0,0.0
2024-06-04T03:00,25.1,0.0,0.01,80,4.7,0.0,0.0,0.0
2024-06-04T04:00,25.1,0.0,0.01,80,6.1,0.0,0.0,0.0
2024-06-04T05:00,25.0,0.0,0.01,82,4.3,0.0,0.0,0.0
2024-06-04T06:00,27.1,0.0,0.03,73,4.7,21.0,40.8,17.0
2024-06-04T07:00,29.0,0.0,0.12,67,5.1,142.0,238.4,79.0
2024-06-04T08:00,30.6,0.0,0.28,59,7.6,341.0,426.9,135.0
2024-06-04T09:00,32.0,0.0,0.46,53,9.0,570.0,595.9,167.0
2024-06-04T10:00,33.3,0.0,0.59,49,7.4,730.0,661.0,180.0
2024-06-04T11:00,34.7,0.0,0.69,44,4.7,855.0,710.1,188.0
2024-06-04T12:00,35.7,0.0,0.78,40,5.5,958.0,767.0,198.0
2024-06-04T13:00,33.6,0.4,0.44,46,9.0,471.0,122.1,351.0
2024-06-04T14:00,27.9,1.4,0.25,72,12.6,290.0,24.0,268.0
2024-06-04T15:00,27.5,0.1,0.27,72,18.8,311.0,47.8,273.0
2024-06-04T16:00,27.4,0.1,0.12,72,6.9,115.0,12.7,107.0
2024-06-04T17:00,27.4,0.2,0.1,74,4.5,94.0,4.7,92.0
2024-06-04T18:00,29.0,0.0,0.14,67,13.8,114.0,228.8,67.0
2024-06-04T19:00,25.9,7.3,0.06,83,21.2,6.0,0.0,6.0
2024-06-04T20:00,24.9,4.5,0.02,87,13.4,0.0,0.0,0.0
2024-06-04T21:00,24.9,0.9,0.02,91,14.1,0.0,0.0,0.0
2024-06-04T22:00,24.8,0.8,0.01,91,12.7,0.0,0.0,0.0
2024-06-04T23:00,24.8,0.1,0.02,89,12.4,0.0,0.0,0.0
2024-06-05T00:00,24.9,0.0,0.01,89,8.3,0.0,0.0,0.0
2024-06-05T01:00,24.7,0.0,0.0,91,5.6,0.0,0.0,0.0
2024-06-05T02:00,24.8,0.0,0.0,92,6.3,0.0,0.0,0.0
2024-06-05T03:00,24.7,0.0,0.01,92,7.6,0.0,0.0,0.0
2024-06-05T04:00,24.7,0.0,0.01,92,8.4,0.0,0.0,0.0
2024-06-05T05:00,24.6,0.0,0.0,92,6.7,0.0,0.0,0.0
2024-06-05T06:00,25.6,0.0,0.02,90,10.2,21.0,30.6,18.0
2024-06-05T07:00,27.2,0.0,0.13,80,12.5,157.0,242.4,93.0
2024-06-05T08:00,28.6,0.1,0.25,73,10.2,327.0,348.4,159.0
2024-06-05T09:00,30.3,0.0,0.43,63,8.5,557.0,585.9,161.0
2024-06-05T10:00,31.5,0.1,0.51,58,10.9,630.0,467.8,241.0
2024-06-05T11:00,33.0,0.0,0.67,52,12.1,835.0,677.3,199.0
2024-06-05T12:00,33.9,0.0,0.72,48,10.9,886.0,653.1,239.0
2024-06-05T13:00,34.3,0.0,0.66,45,9.3,782.0,487.3,303.0
2024-06-05T14:00,30.9,0.9,0.46,60,15.2,546.0,226.9,338.0
2024-06-05T15:00,31.2,0.1,0.35,56,11.0,385.0,200.9,225.0
2024-06-05T16:00,26.4,6.8,0.2,78,6.9,254.0,76.2,206.0
2024-06-05T17:00,25.1,1.0,0.06,90,9.3,48.0,0.0,48.0
2024-06-05T18:00,30.5,0.0,0.1,64,5.1,96.0,145.2,66.0
2024-06-05T19:00,29.0,0.0,0.06,67,10.2,6.0,0.0,6.0
2024-06-05T20:00,28.7,0.0,0.07,70,13.9,0.0,0.0,0.0
2024-06-05T21:00,27.9,0.0,0.06,77,17.3,0.0,0.0,0.0
2024-06-05T22:00,27.0,0.0,0.05,77,14.8,0.0,0.0,0.0
2024-06-05T23:00,26.6,0.0,0.05,73,13.3,0.0,0.0,0.0
2024-06-06T00:00,26.2,0.0,0.05,72,13.4,0.0,0.0,0.0
2024-06-06T01:00,23.7,7.6,0.01,90,11.7,0.0,0.0,0.0
2024-06-06T02:00,23.4,3.5,0.0,92,4.3,0.0,0.0,0.0
2024-06-06T03:00,23.5,0.3,0.0,93,2.5,0.0,0.0,0.0
2024-06-06T04:00,23.5,0.4,0.0,96,6.0,0.0,0.0,0.0
2024-06-06T05:00,23.7,0.2,0.0,95,8.3,0.0,0.0,0.0
2024-06-06T06:00,25.3,0.0,0.03,87,9.5,20.0,30.7,17.0
2024-06-06T07:00,26.0,2.1,0.09,86,1.3,136.0,163.0,93.0
2024-06-06T08:00,25.4,6.7,0.16,87,5.4,229.0,151.5,156.0
2024-06-06T09:00,25.9,0.1,0.1,86,11.3,100.0,1.5,99.0
2024-06-06T10:00,28.7,0.1,0.42,73,9.2,569.0,273.1,342.0
2024-06-06T11:00,30.3,0.1,0.55,65,9.9,728.0,420.8,333.0
2024-06-06T12:00,31.3,0.1,0.6,62,11.8,769.0,407.9,365.0
2024-06-06T13:00,31.9,0.1,0.66,61,12.2,846.0,568.6,287.0
2024-06-06T14:00,30.6,3.3,0.57,65,14.6,754.0,497.3,298.0
2024-06-06T15:00,29.5,1.1,0.35,70,4.2,447.0,177.0,306.0
2024-06-06T16:00,29.2,0.0,0.21,70,9.1,230.0,34.9,208.0
2024-06-06T17:00,29.2,0.0,0.16,69,6.2,172.0,53.5,149.0
2024-06-06T18:00,26.4,2.3,0.05,84,7.2,33.0,0.0,33.0
2024-06-06T19:00,25.4,3.9,0.03,90,9.7,3.0,0.0,3.0
2024-06-06T20:00,24.5,6.3,0.01,94,14.7,0.0,0.0,0.0
2024-06-06T21:00,24.4,6.1,0.0,92,5.5,0.0,0.0,0.0
2024-06-06T22:00,24.4,0.4,0.0,95,8.4,0.0,0.0,0.0
2024-06-06T23:00,24.2,1.7,0.0,95,9.0,0.0,0.0,0.0
2024-06-07T00:00,23.9,0.8,0.0,97,3.7,0.0,0.0,0.0
2024-06-07T01:00,23.7,1.1,0.0,96,10.9,0.0,0.0,0.0
2024-06-07T02:00,23.7,1.5,0.0,95,7.0,0.0,0.0,0.0
2024-06-07T03:00,23.7,0.5,0.0,96,10.5,0.0,0.0,0.0
2024-06-07T04:00,23.8,0.2,0.0,95,8.3,0.0,0.0,0.0
2024-06-07T05:00,23.8,0.1,0.0,95,7.6,0.0,0.0,0.0
2024-06-07T06:00,24.1,0.0,0.02,92,8.7,10.0,0.0,10.0
2024-06-07T07:00,24.8,0.0,0.07,88,11.1,86.0,7.6,84.0
2024-06-07T08:00,26.0,0.0,0.16,81,14.2,196.0,43.6,175.0
2024-06-07T09:00,27.4,0.1,0.26,74,12.5,335.0,106.7,263.0
2024-06-07T10:00,29.3,0.0,0.47,65,10.0,627.0,405.7,290.0
2024-06-07T11:00,30.3,0.0,0.51,60,8.9,654.0,289.9,382.0
2024-06-07T12:00,31.2,0.0,0.56,57,8.0,705.0,296.9,411.0
2024-06-07T13:00,32.0,0.0,0.59,55,7.2,736.0,393.7,349.0
2024-06-07T14:00,32.5,0.0,0.55,54,7.3,684.0,447.0,274.0
2024-06-07T15:00,32.0,0.0,0.41,55,5.2,504.0,260.9,296.0
2024-06-07T16:00,31.8,0.0,0.34,56,5.1,418.0,280.4,241.0
2024-06-07T17:00,28.0,2.8,0.21,74,6.9,277.0,278.7,157.0
2024-06-07T18:00,28.8,0.0,0.1,72,10.9,80.0,124.4,54.0
2024-06-07T19:00,27.6,0.0,0.05,77,11.5,5.0,0.0,5.0
2024-06-07T20:00,26.6,0.0,0.03,84,13.0,0.0,0.0,0.0
2024-06-07T21:00,25.9,0.0,0.03,85,12.3,0.0,0.0,0.0
2024-06-07T22:00,25.3,0.0,0.02,86,12.6,0.0,0.0,0.0
2024-06-07T23:00,24.9,0.0,0.02,88,12.3,0.0,0.0,0.0
2024-06-08T00:00,24.5,0.1,0.02,90,13.9,0.0,0.0,0.0
2024-06-08T01:00,22.3,3.2,0.0,96,5.8,0.0,0.0,0.0
2024-06-08T02:00,23.1,0.1,0.0,94,8.2,0.0,0.0,0.0
2024-06-08T03:00,23.2,0.0,0.0,95,9.1,0.0,0.0,0.0
2024-06-08T04:00,23.0,0.0,0.0,95,6.2,0.0,0.0,0.0
2024-06-08T05:00,23.0,0.0,0.0,95,6.6,0.0,0.0,0.0
2024-06-08T06:00,23.5,0.0,0.01,95,4.6,20.0,30.8,17.0
2024-06-08T07:00,24.9,0.0,0.1,89,4.7,155.0,243.3,91.0
2024-06-08T08:00,26.7,0.0,0.25,79,7.9,363.0,482.4,131.0
2024-06-08T09:00,28.6,0.0,0.41,68,10.0,552.0,554.6,178.0
2024-06-08T10:00,29.8,0.0,0.51,63,7.7,682.0,542.0,232.0
2024-06-08T11:00,30.4,0.0,0.54,62,7.3,697.0,469.1,257.0
2024-06-08T12:00,31.4,0.0,0.66,59,7.6,861.0,637.3,230.0
2024-06-08T13:00,32.1,0.0,0.66,57,6.8,843.0,624.6,229.0
2024-06-08T14:00,31.9,0.0,0.51,56,5.9,639.0,368.4,301.0
2024-06-08T15:00,32.3,0.0,0.36,53,4.7,422.0,190.5,270.0
2024-06-08T16:00,23.2,13.3,0.1,98,22.2,182.0,71.2,137.0
2024-06-08T17:00,23.9,4.6,0.04,94,5.5,31.0,2.3,30.0
2024-06-08T18:00,24.9,0.3,0.05,89,4.7,56.0,33.3,49.0
2024-06-08T19:00,24.8,0.0,0.02,92,4.7,3.0,0.0,3.0
2024-06-08T20:00,24.7,0.0,0.0,94,6.3,0.0,0.0,0.0
2024-06-08T21:00,24.4,0.1,0.0,94,7.9,0.0,0.0,0.0
2024-06-08T22:00,24.2,0.1,0.0,95,8.7,0.0,0.0,0.0
2024-06-08T23:00,24.1,0.1,0.0,95,6.9,0.0,0.0,0.0
2024-06-09T00:00,23.8,0.1,0.0,96,4.5,0.0,0.0,0.0
2024-06-09T01:00,23.6,0.0,0.0,97,4.0,0.0,0.0,0.0
2024-06-09T02:00,23.4,0.0,0.0,97,5.4,0.0,0.0,0.0
2024-06-09T03:00,23.5,0.0,0.0,96,7.3,0.0,0.0,0.0
2024-06-09T04:00,23.2,0.0,0.0,97,5.2,0.0,0.0,0.0
2024-06-09T05:00,23.4,0.0,0.0,97,5.4,0.0,0.0,0.0
2024-06-09T06:00,23.7,0.1,0.02,93,2.9,8.0,0.0,8.0
2024-06-09T07:00,24.2,0.1,0.06,92,5.4,71.0,30.5,63.0
2024-06-09T08:00,25.3,0.1,0.15,87,4.2,202.0,83.3,162.0
2024-06-09T09:00,27.1,0.0,0.31,77,2.6,433.0,332.4,209.0
2024-06-09T10:00,28.4,0.2,0.4,69,5.4,537.0,403.7,202.0
2024-06-09T11:00,28.3,0.2,0.32,70,7.3,397.0,83.2,319.0
2024-06-09T12:00,28.8,4.9,0.52,70,13.4,715.0,377.8,341.0
2024-06-09T13:00,27.3,2.3,0.34,76,3.8,455.0,101.7,355.0
2024-06-09T14:00,27.0,0.5,0.29,79,10.8,384.0,69.7,320.0
2024-06-09T15:00,26.7,0.3,0.26,82,5.4,345.0,106.5,260.0
2024-06-09T16:00,27.1,0.1,0.27,79,5.5,373.0,199.1,247.0
2024-06-09T17:00,27.2,0.0,0.14,77,3.8,177.0,57.8,152.0
2024-06-09T18:00,24.6,9.1,0.05,89,13.5,45.0,9.5,43.0
2024-06-09T19:00,24.2,2.5,0.02,94,6.9,1.0,0.0,1.0
2024-06-09T20:00,23.9,1.9,0.0,94,8.6,0.0,0.0,0.0
2024-06-09T21:00,23.7,1.5,0.0,95,7.8,0.0,0.0,0.0
2024-06-09T22:00,23.6,0.5,0.0,95,3.4,0.0,0.0,0.0
2024-06-09T23:00,23.6,0.1,0.0,95,8.2,0.0,0.0,0.0
2024-06-10T00:00,23.5,0.0,0.0,95,7.6,0.0,0.0,0.0
2024-06-10T01:00,23.5,0.1,0.01,94,11.5,0.0,0.0,0.0
2024-06-10T02:00,23.5,0.2,0.01,94,13.9,0.0,0.0,0.0
2024-06-10T03:00,23.3,0.1,0.01,94,14.0,0.0,0.0,0.0
2024-06-10T04:00,23.2,0.1,0.01,93,12.3,0.0,0.0,0.0
2024-06-10T05:00,23.2,0.2,0.01,93,12.7,0.0,0.0,0.0
2024-06-10T06:00,23.2,0.1,0.02,92,9.3,15.0,10.3,14.0
2024-06-10T07:00,24.5,0.0,0.09,87,14.4,112.0,91.6,88.0
2024-06-10T08:00,25.3,0.1,0.13,86,10.9,158.0,47.9,135.0
2024-06-10T09:00,26.2,0.1,0.18,80,10.4,216.0,25.2,199.0
2024-06-10T10:00,27.4,0.1,0.26,75,8.8,334.0,66.3,279.0
2024-06-10T11:00,28.8,0.1,0.4,70,9.4,525.0,155.8,379.0
2024-06-10T12:00,30.2,0.1,0.51,64,7.6,663.0,304.1,362.0
2024-06-10T13:00,28.1,0.5,0.33,73,11.9,426.0,142.4,286.0
2024-06-10T14:00,24.7,1.0,0.21,92,10.9,305.0,70.8,240.0
2024-06-10T15:00,25.6,0.8,0.29,80,14.0,419.0,185.3,271.0
2024-06-10T16:00,25.7,0.6,0.22,84,12.6,313.0,180.0,199.0
2024-06-10T17:00,25.0,0.3,0.11,86,13.0,128.0,41.5,110.0
2024-06-10T18:00,25.8,0.2,0.07,84,7.6,81.0,98.9,60.0
2024-06-10T19:00,23.6,9.4,0.01,95,7.2,3.0,0.0,3.0
2024-06-10T20:00,23.6,0.4,0.0,94,8.9,0.0,0.0,0.0
2024-06-10T21:00,23.2,4.1,0.01,94,12.4,0.0,0.0,0.0
2024-06-10T22:00,23.3,2.4,0.01,94,10.5,0.0,0.0,0.0
2024-06-10T23:00,23.2,0.9,0.0,95,9.1,0.0,0.0,0.0
2024-06-11T00:00,23.1,0.8,0.0,95,11.0,0.0,0.0,0.0
2024-06-11T01:00,22.9,1.7,0.0,96,11.5,0.0,0.0,0.0
2024-06-11T02:00,22.8,0.7,0.0,96,9.7,0.0,0.0,0.0
2024-06-11T03:00,22.7,0.9,0.0,97,7.3,0.0,0.0,0.0
2024-06-11T04:00,22.5,3.0,0.0,97,6.6,0.0,0.0,0.0
2024-06-11T05:00,22.6,2.0,0.0,96,6.1,0.0,0.0,0.0
2024-06-11T06:00,23.4,1.0,0.02,93,6.7,8.0,0.0,8.0
2024-06-11T07:00,24.0,0.3,0.06,88,12.9,64.0,15.3,60.0
2024-06-11T08:00,24.2,0.8,0.07,89,12.0,72.0,0.0,72.0
2024-06-11T09:00,25.9,0.2,0.21,81,13.0,278.0,75.8,227.0
2024-06-11T10:00,26.0,0.2,0.2,78,13.0,236.0,3.6,233.0
2024-06-11T11:00,26.7,0.1,0.25,75,14.5,310.0,27.8,284.0
2024-06-11T12:00,27.6,0.1,0.34,72,15.3,431.0,82.9,349.0
2024-06-11T13:00,28.3,0.2,0.39,70,14.6,507.0,108.8,400.0
2024-06-11T14:00,28.1,0.1,0.31,70,13.0,383.0,66.4,322.0
2024-06-11T15:00,26.7,5.7,0.34,76,15.3,480.0,257.7,274.0
2024-06-11T16:00,25.7,4.2,0.21,83,10.2,296.0,132.4,212.0
2024-06-11T17:00,25.7,0.2,0.1,83,9.9,115.0,50.6,93.0
2024-06-11T18:00,24.4,6.0,0.07,89,14.1,79.0,74.9,63.0
2024-06-11T19:00,24.0,0.7,0.02,92,7.9,4.0,0.0,4.0
2024-06-11T20:00,23.7,7.0,0.01,92,9.1,0.0,0.0,0.0
2024-06-11T21:00,23.7,6.4,0.0,93,8.1,0.0,0.0,0.0
2024-06-11T22:00,23.4,3.3,0.0,95,7.1,0.0,0.0,0.0
2024-06-11T23:00,23.2,4.5,0.0,95,10.5,0.0,0.0,0.0
2024-06-12T00:00,23.1,2.1,0.0,95,8.0,0.0,0.0,0.0
2024-06-12T01:00,23.4,2.3,0.0,94,7.4,0.0,0.0,0.0
2024-06-12T02:00,23.0,1.9,0.01,95,13.7,0.0,0.0,0.0
2024-06-12T03:00,23.2,0.7,0.01,93,15.2,0.0,0.0,0.0
2024-06-12T04:00,23.0,0.0,0.01,91,13.8,0.0,0.0,0.0
2024-06-12T05:00,22.8,0.0,0.02,89,15.0,0.0,0.0,0.0
2024-06-12T06:00,22.2,0.1,0.03,88,12.6,6.0,0.0,6.0
2024-06-12T07:00,22.8,0.0,0.07,87,9.0,82.0,19.2,77.0
2024-06-12T08:00,23.9,0.0,0.14,83,8.7,186.0,85.6,145.0
2024-06-12T09:00,25.2,0.2,0.27,79,9.4,384.0,226.1,232.0
2024-06-12T10:00,26.3,0.1,0.34,74,14.3,468.0,233.0,275.0
2024-06-12T11:00,27.2,0.1,0.33,71,13.7,431.0,117.5,321.0
2024-06-12T12:00,28.1,0.0,0.39,67,14.4,489.0,84.9,405.0
2024-06-12T13:00,28.7,0.0,0.42,65,11.7,530.0,147.5,385.0
2024-06-12T14:00,29.5,0.0,0.5,64,11.3,661.0,393.0,300.0
2024-06-12T15:00,30.1,0.0,0.51,62,9.9,675.0,615.2,183.0
2024-06-12T16:00,27.4,0.3,0.23,73,14.8,271.0,74.0,224.0
2024-06-12T17:00,25.3,0.3,0.16,80,12.2,210.0,197.5,124.0
2024-06-12T18:00,25.2,0.1,0.07,84,10.5,78.0,116.5,53.0
2024-06-12T19:00,24.8,0.0,0.03,84,11.5,6.0,0.0,6.0
2024-06-12T20:00,24.2,1.2,0.01,88,7.9,0.0,0.0,0.0
2024-06-12T21:00,24.0,0.1,0.01,93,9.2,0.0,0.0,0.0
2024-06-12T22:00,23.5,0.0,0.01,94,11.0,0.0,0.0,0.0
2024-06-12T23:00,23.5,0.0,0.01,93,13.9,0.0,0.0,0.0
2024-06-13T00:00,23.6,0.0,0.01,92,13.3,0.0,0.0,0.0
2024-06-13T01:00,23.5,0.0,0.01,93,14.3,0.0,0.0,0.0
2024-06-13T02:00,23.2,0.0,0.01,95,12.1,0.0,0.0,0.0
2024-06-13T03:00,23.1,0.0,0.0,95,10.5,0.0,0.0,0.0
2024-06-13T04:00,23.0,0.0,0.01,94,11.6,0.0,0.0,0.0
2024-06-13T05:00,22.9,0.0,0.01,93,11.6,0.0,0.0,0.0
2024-06-13T06:00,23.7,0.0,0.02,92,9.0,20.0,31.2,17.0
2024-06-13T07:00,25.2,0.0,0.12,84,13.0,158.0,288.0,83.0
2024-06-13T08:00,26.6,0.0,0.23,78,11.9,323.0,347.2,157.0
2024-06-13T09:00,27.9,0.1,0.35,73,13.0,481.0,424.3,196.0
2024-06-13T10:00,29.1,0.0,0.48,67,12.7,640.0,506.1,221.0
2024-06-13T11:00,30.0,0.1,0.57,64,12.3,754.0,535.2,253.0
2024-06-13T12:00,30.6,0.1,0.63,62,11.9,828.0,571.2,263.0
2024-06-13T13:00,31.0,0.1,0.64,63,11.6,848.0,622.4,236.0
2024-06-13T14:00,29.7,0.5,0.51,67,11.6,673.0,358.1,344.0
2024-06-13T15:00,26.8,2.8,0.25,78,12.1,322.0,106.2,237.0
2024-06-13T16:00,28.0,0.0,0.2,74,5.0,245.0,96.0,184.0
2024-06-13T17:00,25.5,3.5,0.13,83,11.7,152.0,68.8,122.0
2024-06-13T18:00,27.8,0.0,0.1,73,7.7,100.0,88.1,81.0
2024-06-13T19:00,25.4,0.0,0.05,82,18.6,7.0,0.0,7.0
2024-06-13T20:00,23.6,2.9,0.01,92,13.9,0.0,0.0,0.0
2024-06-13T21:00,23.6,0.1,0.02,90,13.1,0.0,0.0,0.0
2024-06-13T22:00,23.2,1.7,0.01,94,11.3,0.0,0.0,0.0
2024-06-13T23:00,23.2,0.8,0.0,95,10.1,0.0,0.0,0.0
2024-06-14T00:00,23.1,0.9,0.0,95,8.7,0.0,0.0,0.0
2024-06-14T01:00,23.0,0.9,0.01,95,12.3,0.0,0.0,0.0
2024-06-14T02:00,22.9,0.4,0.01,95,12.3,0.0,0.0,0.0
2024-06-14T03:00,22.9,0.1,0.01,94,10.9,0.0,0.0,0.0
2024-06-14T04:00,22.9,0.1,0.01,94,12.3,0.0,0.0,0.0
2024-06-14T05:00,23.0,0.1,0.01,94,12.0,0.0,0.0,0.0
2024-06-14T06:00,23.4,0.0,0.02,92,12.6,18.0,20.8,16.0
2024-06-14T07:00,24.0,0.6,0.09,89,11.3,137.0,180.9,90.0
2024-06-14T08:00,24.0,1.5,0.14,88,10.9,195.0,142.4,127.0
2024-06-14T09:00,24.4,3.1,0.15,88,9.0,207.0,47.7,175.0
2024-06-14T10:00,25.4,0.3,0.2,82,13.8,257.0,25.4,236.0
2024-06-14T11:00,26.8,0.2,0.33,76,7.3,449.0,158.2,301.0
2024-06-14T12:00,27.7,0.1,0.37,71,11.2,484.0,146.6,339.0
2024-06-14T13:00,28.5,0.0,0.39,68,12.3,497.0,130.2,369.0
2024-06-14T14:00,29.5,0.1,0.5,67,11.2,656.0,387.3,300.0
2024-06-14T15:00,30.5,0.0,0.51,61,9.7,660.0,576.9,198.0
2024-06-14T16:00,24.6,7.7,0.16,87,11.6,230.0,88.0,174.0
2024-06-14T17:00,24.6,2.4,0.09,89,12.5,106.0,16.0,99.0
2024-06-14T18:00,24.3,4.8,0.03,90,0.7,34.0,32.3,27.0
2024-06-14T19:00,24.3,2.5,0.02,92,2.7,1.0,0.0,1.0
2024-06-14T20:00,24.1,2.0,0.0,94,6.9,0.0,0.0,0.0
2024-06-14T21:00,24.1,1.6,0.0,94,7.6,0.0,0.0,0.0
2024-06-14T22:00,23.9,1.0,0.01,94,10.9,0.0,0.0,0.0
2024-06-14T23:00,23.6,0.5,0.0,94,8.9,0.0,0.0,0.0
2024-06-15T00:00,23.4,0.3,0.0,94,9.4,0.0,0.0,0.0
2024-06-15T01:00,23.2,0.1,0.0,94,9.1,0.0,0.0,0.0
2024-06-15T02:00,22.9,0.1,0.0,95,10.2,0.0,0.0,0.0
2024-06-15T03:00,22.8,0.0,0.0,96,12.2,0.0,0.0,0.0
2024-06-15T04:00,22.7,0.0,0.0,96,11.4,0.0,0.0,0.0
2024-06-15T05:00,22.5,0.0,0.0,96,11.4,0.0,0.0,0.0
2024-06-15T06:00,23.1,0.0,0.02,92,11.4,18.0,10.5,17.0
2024-06-15T07:00,24.0,0.0,0.08,87,12.6,108.0,54.0,94.0
2024-06-15T08:00,25.4,0.0,0.2,80,15.5,284.0,211.8,183.0
2024-06-15T09:00,27.0,0.0,0.34,72,14.8,470.0,347.5,237.0
2024-06-15T10:00,27.8,0.0,0.37,68,14.4,473.0,174.2,329.0
2024-06-15T11:00,28.9,0.0,0.5,64,14.8,669.0,368.8,324.0
2024-06-15T12:00,30.0,0.0,0.62,61,13.0,819.0,532.9,292.0
2024-06-15T13:00,30.5,0.0,0.65,58,11.9,856.0,650.8,216.0
2024-06-15T14:00,30.8,0.0,0.59,58,12.1,758.0,612.3,195.0
2024-06-15T15:00,30.4,0.0,0.51,59,13.3,648.0,575.3,187.0
2024-06-15T16:00,29.9,0.9,0.39,63,11.2,502.0,519.5,171.0
2024-06-15T17:00,28.2,0.5,0.21,70,9.4,261.0,319.6,121.0
2024-06-15T18:00,27.2,0.3,0.09,76,7.9,88.0,142.4,57.0
2024-06-15T19:00,26.7,0.0,0.04,78,8.6,4.0,0.0,4.0
2024-06-15T20:00,25.9,0.0,0.03,82,10.8,0.0,0.0,0.0
2024-06-15T21:00,25.0,0.0,0.02,86,12.0,0.0,0.0,0.0
2024-06-15T22:00,24.6,0.0,0.03,85,15.0,0.0,0.0,0.0
2024-06-15T23:00,24.3,0.0,0.02,87,13.3,0.0,0.0,0.0
2024-06-16T00:00,23.7,0.0,0.02,91,14.2,0.0,0.0,0.0
2024-06-16T01:00,23.3,0.0,0.01,91,11.8,0.0,0.0,0.0
2024-06-16T02:00,23.1,0.0,0.01,91,11.8,0.0,0.0,0.0
2024-06-16T03:00,22.9,0.0,0.01,91,10.1,0.0,0.0,0.0
2024-06-16T04:00,22.6,0.0,0.01,92,9.8,0.0,0.0,0.0
2024-06-16T05:00,22.5,0.0,0.0,93,8.0,0.0,0.0,0.0
2024-06-16T06:00,23.5,0.0,0.02,87,7.3,19.0,21.0,17.0
2024-06-16T07:00,24.7,0.0,0.11,84,7.6,156.0,286.2,82.0
2024-06-16T08:00,26.4,0.0,0.25,77,8.4,363.0,506.2,122.0
2024-06-16T09:00,27.6,0.1,0.38,72,7.4,528.0,510.6,186.0
2024-06-16T10:00,28.7,0.1,0.46,69,7.4,628.0,528.8,191.0
2024-06-16T11:00,29.7,0.1,0.58,68,5.1,782.0,598.8,222.0
2024-06-16T12:00,30.7,0.1,0.59,62,4.1,771.0,414.7,361.0
2024-06-16T13:00,28.2,2.1,0.24,72,3.3,291.0,15.3,276.0
2024-06-16T14:00,27.3,2.7,0.27,75,6.4,344.0,44.6,303.0
2024-06-16T15:00,26.7,0.1,0.2,79,3.3,261.0,62.4,211.0
2024-06-16T16:00,27.5,0.0,0.24,76,3.0,320.0,164.6,215.0
2024-06-16T17:00,27.6,0.0,0.17,75,1.6,232.0,159.5,162.0
2024-06-16T18:00,28.2,0.0,0.09,75,4.0,114.0,214.9,67.0
2024-06-16T19:00,26.6,0.0,0.02,85,6.3,8.0,0.0,8.0
2024-06-16T20:00,26.7,0.0,0.02,80,8.2,0.0,0.0,0.0
2024-06-16T21:00,25.8,1.9,0.03,82,13.5,0.0,0.0,0.0
2024-06-16T22:00,24.8,0.9,0.01,90,11.7,0.0,0.0,0.0
2024-06-16T23:00,23.8,0.4,0.01,94,11.0,0.0,0.0,0.0
2024-06-17T00:00,23.0,0.5,0.01,96,17.7,0.0,0.0,0.0
2024-06-17T01:00,22.7,0.5,0.0,93,3.3,0.0,0.0,0.0
2024-06-17T02:00,22.7,0.0,0.0,94,7.3,0.0,0.0,0.0
2024-06-17T03:00,22.8,0.0,0.0,96,7.6,0.0,0.0,0.0
2024-06-17T04:00,22.9,0.0,0.0,96,9.7,0.0,0.0,0.0
2024-06-17T05:00,22.8,0.0,0.0,96,8.0,0.0,0.0,0.0
2024-06-17T06:00,23.7,0.1,0.02,94,6.9,12.0,0.0,12.0
2024-06-17T07:00,24.7,0.1,0.07,89,10.0,79.0,11.6,76.0
2024-06-17T08:00,25.9,0.1,0.19,82,11.9,258.0,153.5,185.0
2024-06-17T09:00,27.2,0.1,0.26,76,8.1,342.0,89.7,282.0
2024-06-17T10:00,27.8,0.1,0.27,74,7.8,346.0,49.6,305.0
2024-06-17T11:00,29.3,0.1,0.43,69,7.4,562.0,185.1,389.0
2024-06-17T12:00,30.5,0.1,0.63,67,6.4,841.0,599.9,248.0
2024-06-17T13:00,30.9,0.1,0.59,65,4.1,772.0,555.1,226.0
2024-06-17T14:00,30.5,0.2,0.4,65,4.1,508.0,106.5,410.0
2024-06-17T15:00,29.1,0.2,0.25,69,7.2,300.0,46.1,263.0
2024-06-17T16:00,26.9,0.7,0.19,81,7.7,248.0,86.1,193.0
2024-06-17T17:00,26.7,0.0,0.13,82,4.6,164.0,38.7,147.0
2024-06-17T18:00,27.3,0.2,0.07,77,3.3,75.0,45.5,65.0
2024-06-17T19:00,25.0,3.8,0.01,89,2.5,6.0,0.0,6.0
2024-06-17T20:00,24.7,0.9,0.01,90,9.2,0.0,0.0,0.0
2024-06-17T21:00,23.9,6.1,0.0,93,7.9,0.0,0.0,0.0
2024-06-17T22:00,23.8,0.1,0.01,92,11.8,0.0,0.0,0.0
2024-06-17T23:00,23.2,0.2,0.01,93,13.4,0.0,0.0,0.0
2024-06-18T00:00,23.0,0.2,0.0,94,10.4,0.0,0.0,0.0
2024-06-18T01:00,23.0,0.1,0.01,94,12.5,0.0,0.0,0.0
2024-06-18T02:00,22.8,0.0,0.0,96,10.9,0.0,0.0,0.0
2024-06-18T03:00,22.6,0.0,0.0,96,9.8,0.0,0.0,0.0
2024-06-18T04:00,22.6,0.0,0.0,96,8.8,0.0,0.0,0.0
2024-06-18T05:00,22.7,0.0,0.0,96,9.8,0.0,0.0,0.0
2024-06-18T06:00,23.8,0.0,0.02,92,12.0,19.0,31.7,16.0
2024-06-18T07:00,25.1,0.0,0.11,85,14.0,145.0,225.5,87.0
2024-06-18T08:00,26.3,0.0,0.21,78,11.9,293.0,259.1,170.0
2024-06-18T09:00,27.5,0.0,0.31,72,11.9,410.0,236.3,252.0
2024-06-18T10:00,28.3,0.0,0.33,68,12.2,412.0,186.6,258.0
2024-06-18T11:00,29.6,0.1,0.56,65,13.0,757.0,512.6,278.0
2024-06-18T12:00,30.6,0.1,0.66,63,13.0,883.0,668.7,222.0
2024-06-18T13:00,30.8,0.0,0.63,63,12.0,829.0,619.1,220.0
2024-06-18T14:00,31.0,0.1,0.56,59,13.0,715.0,497.7,257.0
2024-06-18T15:00,27.7,2.9,0.2,77,11.9,237.0,14.9,225.0
2024-06-18T16:00,28.6,0.2,0.32,70,10.9,412.0,323.8,205.0
2024-06-18T17:00,28.3,0.0,0.21,72,10.4,266.0,288.3,139.0
2024-06-18T18:00,27.7,0.0,0.1,76,7.6,112.0,163.3,76.0
2024-06-18T19:00,27.1,0.0,0.05,77,10.8,9.0,0.0,9.0
2024-06-18T20:00,26.6,0.0,0.05,74,12.2,0.0,0.0,0.0
2024-06-18T21:00,25.9,0.0,0.04,77,11.6,0.0,0.0,0.0
2024-06-18T22:00,25.8,0.0,0.04,79,13.2,0.0,0.0,0.0
2024-06-18T23:00,25.7,0.0,0.04,80,14.8,0.0,0.0,0.0
2024-06-19T00:00,25.2,0.0,0.03,83,13.9,0.0,0.0,0.0
2024-06-19T01:00,24.7,0.0,0.03,85,14.1,0.0,0.0,0.0
2024-06-19T02:00,24.1,0.0,0.02,88,12.7,0.0,0.0,0.0
2024-06-19T03:00,23.5,0.0,0.01,90,11.7,0.0,0.0,0.0
2024-06-19T04:00,23.2,0.0,0.01,91,12.0,0.0,0.0,0.0
2024-06-19T05:00,22.9,0.0,0.01,92,11.3,0.0,0.0,0.0
2024-06-19T06:00,23.7,0.0,0.04,85,15.8,18.0,31.8,15.0
2024-06-19T07:00,24.9,0.0,0.13,79,19.5,156.0,300.3,79.0
2024-06-19T08:00,26.2,0.0,0.25,73,18.8,322.0,360.7,151.0
2024-06-19T09:00,27.2,0.0,0.33,69,19.1,426.0,262.0,251.0
2024-06-19T10:00,28.3,0.0,0.39,65,18.0,481.0,195.2,320.0
2024-06-19T11:00,28.9,0.1,0.46,63,18.5,594.0,206.6,401.0
2024-06-19T12:00,29.7,0.2,0.59,60,18.4,790.0,515.0,281.0
2024-06-19T13:00,30.0,0.1,0.56,60,17.2,728.0,468.6,267.0
2024-06-19T14:00,28.6,0.9,0.47,69,16.2,631.0,337.8,320.0
2024-06-19T15:00,29.2,0.0,0.34,67,11.9,409.0,145.6,292.0
2024-06-19T16:00,28.4,0.1,0.34,68,16.7,441.0,359.5,211.0
2024-06-19T17:00,27.2,0.6,0.21,74,17.8,239.0,256.0,126.0
2024-06-19T18:00,25.9,0.1,0.08,80,13.5,62.0,81.3,44.0
2024-06-19T19:00,24.7,0.0,0.03,84,10.0,8.0,0.0,8.0
2024-06-19T20:00,24.4,0.0,0.02,87,13.0,0.0,0.0,0.0
2024-06-19T21:00,24.5,0.0,0.03,85,12.7,0.0,0.0,0.0
2024-06-19T22:00,24.6,0.0,0.02,84,11.9,0.0,0.0,0.0
2024-06-19T23:00,24.5,0.0,0.03,85,13.0,0.0,0.0,0.0
2024-06-20T00:00,24.5,0.0,0.03,85,14.5,0.0,0.0,0.0
2024-06-20T01:00,24.2,0.0,0.03,86,14.7,0.0,0.0,0.0
2024-06-20T02:00,23.9,0.0,0.02,87,13.4,0.0,0.0,0.0
2024-06-20T03:00,23.5,0.0,0.02,89,13.0,0.0,0.0,0.0
2024-06-20T04:00,23.2,0.0,0.02,90,13.6,0.0,0.0,0.0
2024-06-20T05:00,23.1,0.0,0.02,90,13.4,0.0,0.0,0.0
2024-06-20T06:00,23.5,0.0,0.04,85,13.0,12.0,10.6,11.0
2024-06-20T07:00,24.2,0.0,0.1,82,20.8,96.0,54.7,82.0
2024-06-20T08:00,25.7,0.0,0.21,76,21.6,256.0,145.7,187.0
2024-06-20T09:00,26.8,0.1,0.26,72,19.7,316.0,92.9,254.0
2024-06-20T10:00,27.3,0.0,0.27,70,20.0,294.0,61.9,243.0
2024-06-20T11:00,28.6,0.0,0.41,64,20.5,506.0,169.2,348.0
2024-06-20T12:00,29.6,0.0,0.57,64,17.9,764.0,475.6,294.0
2024-06-20T13:00,29.5,0.0,0.47,64,15.9,597.0,200.2,400.0
2024-06-20T14:00,30.0,0.0,0.49,62,16.8,617.0,270.4,368.0
2024-06-20T15:00,29.5,0.0,0.45,64,16.8,569.0,375.7,267.0
2024-06-20T16:00,29.5,0.2,0.39,64,14.7,486.0,488.7,173.0
2024-06-20T17:00,25.5,1.5,0.19,81,19.7,260.0,266.9,142.0
2024-06-20T18:00,27.6,0.0,0.15,68,16.9,117.0,211.6,70.0
2024-06-20T19:00,26.0,0.0,0.06,75,14.3,9.0,13.0,8.0
2024-06-20T20:00,25.6,0.0,0.04,80,12.2,0.0,0.0,0.0
2024-06-20T21:00,25.1,0.0,0.03,82,12.3,0.0,0.0,0.0
2024-06-20T22:00,24.6,0.0,0.03,84,12.3,0.0,0.0,0.0
2024-06-20T23:00,24.1,0.0,0.03,87,15.5,0.0,0.0,0.0
2024-06-21T00:00,23.7,0.0,0.02,89,15.8,0.0,0.0,0.0
2024-06-21T01:00,23.5,0.0,0.02,90,13.8,0.0,0.0,0.0
2024-06-21T02:00,23.4,0.0,0.01,91,12.5,0.0,0.0,0.0
2024-06-21T03:00,23.2,0.0,0.01,92,12.4,0.0,0.0,0.0
2024-06-21T04:00,23.2,0.0,0.01,93,10.4,0.0,0.0,0.0
2024-06-21T05:00,23.2,0.0,0.01,94,9.4,0.0,0.0,0.0
2024-06-21T06:00,24.0,0.0,0.03,86,10.9,10.0,0.0,10.0
2024-06-21T07:00,24.5,0.0,0.07,84,12.1,63.0,0.0,63.0
2024-06-21T08:00,25.5,0.1,0.16,80,16.3,183.0,59.2,155.0
2024-06-21T09:00,26.9,0.5,0.33,75,19.1,472.0,365.9,228.0
2024-06-21T10:00,28.2,0.5,0.45,70,18.0,627.0,417.5,283.0
2024-06-21T11:00,29.4,0.2,0.57,64,17.8,781.0,578.4,241.0
2024-06-21T12:00,30.1,0.1,0.62,63,15.2,828.0,591.0,244.0
2024-06-21T13:00,29.5,0.3,0.61,64,18.0,841.0,634.2,217.0
2024-06-21T14:00,29.0,0.1,0.48,69,12.3,651.0,436.4,249.0
2024-06-21T15:00,30.3,0.0,0.35,62,13.0,405.0,203.9,241.0
2024-06-21T16:00,29.7,0.0,0.27,62,15.1,273.0,113.9,200.0
2024-06-21T17:00,28.5,0.0,0.24,66,17.8,258.0,327.5,113.0
2024-06-21T18:00,27.8,0.0,0.12,72,14.1,84.0,53.9,72.0
2024-06-21T19:00,26.7,0.0,0.05,77,11.2,8.0,0.0,8.0
2024-06-21T20:00,26.4,0.0,0.03,79,11.3,0.0,0.0,0.0
2024-06-21T21:00,26.3,0.0,0.04,78,11.7,0.0,0.0,0.0
2024-06-21T22:00,26.2,0.0,0.04,78,12.5,0.0,0.0,0.0
2024-06-21T23:00,26.0,0.0,0.04,78,13.6,0.0,0.0,0.0
2024-06-22T00:00,25.6,0.0,0.05,79,16.0,0.0,0.0,0.0
2024-06-22T01:00,25.0,0.0,0.04,81,14.8,0.0,0.0,0.0
2024-06-22T02:00,24.6,0.0,0.04,82,15.1,0.0,0.0,0.0
2024-06-22T03:00,24.0,0.0,0.03,84,15.2,0.0,0.0,0.0
2024-06-22T04:00,23.7,0.0,0.03,86,15.8,0.0,0.0,0.0
2024-06-22T05:00,23.4,0.0,0.02,88,13.3,0.0,0.0,0.0
2024-06-22T06:00,23.7,0.0,0.03,86,11.2,10.0,0.0,10.0
2024-06-22T07:00,24.4,0.0,0.09,84,11.4,101.0,51.1,88.0
2024-06-22T08:00,25.8,0.0,0.2,76,14.8,265.0,177.9,181.0
2024-06-22T09:00,27.0,0.0,0.28,71,13.3,361.0,102.1,293.0
2024-06-22T10:00,28.1,0.0,0.39,66,11.5,505.0,235.6,311.0
2024-06-22T11:00,29.4,0.0,0.58,60,11.6,771.0,493.9,310.0
2024-06-22T12:00,30.2,0.0,0.61,57,11.6,797.0,518.2,285.0
2024-06-22T13:00,30.7,0.0,0.58,55,11.1,735.0,472.5,270.0
2024-06-22T14:00,30.5,0.0,0.5,54,10.6,613.0,316.9,321.0
2024-06-22T15:00,30.6,0.0,0.49,53,11.0,611.0,453.6,246.0
2024-06-22T16:00,30.0,0.0,0.31,55,10.1,346.0,179.2,231.0
2024-06-22T17:00,29.0,0.0,0.11,65,4.6,98.0,4.5,96.0
2024-06-22T18:00,28.0,0.0,0.08,69,5.2,68.0,17.9,64.0
2024-06-22T19:00,26.7,0.0,0.03,79,4.7,5.0,0.0,5.0
2024-06-22T20:00,26.1,0.0,0.01,84,4.7,0.0,0.0,0.0
2024-06-22T21:00,25.9,0.0,0.01,79,5.4,0.0,0.0,0.0
2024-06-22T22:00,25.6,0.2,0.02,80,7.1,0.0,0.0,0.0
2024-06-22T23:00,25.1,0.1,0.01,83,6.6,0.0,0.0,0.0
2024-06-23T00:00,24.4,0.1,0.02,88,12.4,0.0,0.0,0.0
2024-06-23T01:00,23.3,0.1,0.02,89,13.2,0.0,0.0,0.0
2024-06-23T02:00,23.0,0.2,0.01,90,8.3,0.0,0.0,0.0
2024-06-23T03:00,22.8,0.4,0.0,94,5.2,0.0,0.0,0.0
2024-06-23T04:00,22.8,0.9,0.0,94,10.5,0.0,0.0,0.0
2024-06-23T05:00,22.7,1.1,0.01,95,11.5,0.0,0.0,0.0
2024-06-23T06:00,23.2,0.0,0.02,93,10.3,17.0,21.6,15.0
2024-06-23T07:00,24.5,0.0,0.09,87,13.3,125.0,149.9,87.0
2024-06-23T08:00,25.9,0.1,0.18,80,12.8,245.0,146.4,176.0
2024-06-23T09:00,27.0,0.1,0.27,74,12.2,356.0,181.8,235.0
2024-06-23T10:00,27.5,0.0,0.26,73,7.8,328.0,138.5,214.0
2024-06-23T11:00,27.7,0.1,0.24,72,7.9,281.0,55.7,229.0
2024-06-23T12:00,28.8,0.0,0.34,68,7.0,428.0,116.4,313.0
2024-06-23T13:00,29.7,0.0,0.44,65,7.9,554.0,125.0,431.0
2024-06-23T14:00,30.0,0.0,0.43,63,9.8,541.0,209.4,348.0
2024-06-23T15:00,29.9,0.0,0.39,64,9.5,481.0,193.7,325.0
2024-06-23T16:00,28.4,0.3,0.31,68,11.7,391.0,267.8,219.0
2024-06-23T17:00,27.3,0.2,0.17,76,9.1,201.0,164.4,128.0
2024-06-23T18:00,25.7,0.8,0.08,82,9.1,89.0,107.0,65.0
2024-06-23T19:00,24.0,0.4,0.02,93,6.4,4.0,0.0,4.0
2024-06-23T20:00,23.4,0.0,0.01,94,10.2,0.0,0.0,0.0
2024-06-23T21:00,23.4,0.1,0.0,94,7.8,0.0,0.0,0.0
2024-06-23T22:00,23.4,0.1,0.0,94,10.5,0.0,0.0,0.0
2024-06-23T23:00,23.1,0.0,0.01,93,13.4,0.0,0.0,0.0
2024-06-24T00:00,22.8,0.1,0.0,94,10.1,0.0,0.0,0.0
2024-06-24T01:00,22.9,0.0,0.01,95,12.5,0.0,0.0,0.0
2024-06-24T02:00,22.7,0.0,0.01,94,13.6,0.0,0.0,0.0
2024-06-24T03:00,22.5,0.0,0.01,95,13.0,0.0,0.0,0.0
2024-06-24T04:00,22.5,0.0,0.0,95,11.4,0.0,0.0,0.0
2024-06-24T05:00,22.5,0.0,0.0,95,10.3,0.0,0.0,0.0
2024-06-24T06:00,23.5,0.0,0.02,92,10.5,12.0,10.8,11.0
2024-06-24T07:00,24.3,0.0,0.08,87,11.7,109.0,122.7,78.0
2024-06-24T08:00,25.2,0.0,0.16,82,11.2,213.0,78.6,176.0
2024-06-24T09:00,27.0,0.0,0.36,72,10.9,512.0,484.2,190.0
2024-06-24T10:00,27.8,0.0,0.39,68,10.2,514.0,226.1,328.0
2024-06-24T11:00,28.5,0.0,0.4,66,9.8,517.0,159.7,368.0
2024-06-24T12:00,29.6,0.0,0.54,62,9.2,713.0,308.7,408.0
2024-06-24T13:00,29.8,0.0,0.48,61,9.8,609.0,208.3,404.0
2024-06-24T14:00,30.2,0.0,0.48,61,9.7,602.0,292.8,332.0
2024-06-24T15:00,30.8,0.0,0.49,58,8.8,626.0,476.6,242.0
2024-06-24T16:00,30.3,0.0,0.39,59,10.4,476.0,485.3,164.0
2024-06-24T17:00,29.7,0.0,0.26,63,9.3,305.0,395.7,129.0
2024-06-24T18:00,28.2,0.0,0.1,69,5.8,115.0,209.0,68.0
2024-06-24T19:00,26.8,0.0,0.04,73,7.7,10.0,12.8,9.0
2024-06-24T20:00,26.1,0.0,0.03,76,8.8,0.0,0.0,0.0
2024-06-24T21:00,25.8,0.0,0.04,77,13.4,0.0,0.0,0.0
2024-06-24T22:00,24.7,0.0,0.03,84,13.5,0.0,0.0,0.0
2024-06-24T23:00,23.9,0.0,0.02,89,13.3,0.0,0.0,0.0
2024-06-25T00:00,23.6,0.0,0.01,90,12.0,0.0,0.0,0.0
2024-06-25T01:00,23.5,0.0,0.02,90,13.2,0.0,0.0,0.0
2024-06-25T02:00,23.5,0.0,0.01,91,13.5,0.0,0.0,0.0
2024-06-25T03:00,23.5,0.0,0.01,91,12.5,0.0,0.0,0.0
2024-06-25T04:00,23.6,0.0,0.02,90,13.6,0.0,0.0,0.0
2024-06-25T05:00,23.6,0.0,0.02,89,14.0,0.0,0.0,0.0
2024-06-25T06:00,23.9,0.0,0.03,88,13.8,16.0,21.8,14.0
2024-06-25T07:00,25.1,0.0,0.11,82,16.1,134.0,202.6,83.0
2024-06-25T08:00,26.2,0.1,0.21,77,15.0,272.0,240.5,159.0
2024-06-25T09:00,26.7,0.0,0.22,75,13.2,263.0,39.1,237.0
2024-06-25T10:00,27.4,0.1,0.31,73,14.3,403.0,87.6,331.0
2024-06-25T11:00,29.1,0.1,0.5,66,14.5,671.0,432.1,268.0
2024-06-25T12:00,29.9,0.3,0.58,64,15.6,775.0,560.8,221.0
2024-06-25T13:00,29.7,0.8,0.56,69,14.1,767.0,489.6,285.0
2024-06-25T14:00,29.5,0.1,0.51,67,15.5,686.0,462.9,259.0
2024-06-25T15:00,29.9,0.7,0.43,68,10.5,556.0,419.3,218.0
2024-06-25T16:00,29.6,0.3,0.39,64,17.3,472.0,474.0,167.0
2024-06-25T17:00,28.2,0.1,0.21,73,16.1,231.0,240.2,124.0
2024-06-25T18:00,28.7,0.0,0.13,66,10.7,121.0,235.0,68.0
2024-06-25T19:00,27.5,0.0,0.06,70,10.9,10.0,12.7,9.0
2024-06-25T20:00,26.6,0.0,0.04,77,11.6,0.0,0.0,0.0
2024-06-25T21:00,26.1,0.0,0.03,81,12.2,0.0,0.0,0.0
2024-06-25T22:00,25.3,0.0,0.03,83,14.4,0.0,0.0,0.0
2024-06-25T23:00,24.8,0.0,0.03,86,14.6,0.0,0.0,0.0
2024-06-26T00:00,24.5,0.0,0.02,88,14.1,0.0,0.0,0.0
2024-06-26T01:00,24.2,0.0,0.02,90,15.8,0.0,0.0,0.0
2024-06-26T02:00,24.2,0.0,0.02,89,16.6,0.0,0.0,0.0
2024-06-26T03:00,24.0,0.0,0.02,89,17.3,0.0,0.0,0.0
2024-06-26T04:00,23.9,0.0,0.02,89,15.8,0.0,0.0,0.0
2024-06-26T05:00,23.8,0.0,0.02,90,16.1,0.0,0.0,0.0
2024-06-26T06:00,24.1,0.0,0.03,86,14.8,17.0,32.8,14.0
2024-06-26T07:00,24.9,0.0,0.12,82,20.6,148.0,271.1,80.0
2024-06-26T08:00,26.2,0.1,0.21,76,21.3,254.0,172.7,173.0
2024-06-26T09:00,26.7,0.1,0.23,74,21.2,265.0,57.3,227.0
2024-06-26T10:00,27.6,0.1,0.29,73,17.8,356.0,87.6,284.0
2024-06-26T11:00,28.4,0.2,0.34,70,17.9,412.0,99.8,319.0
2024-06-26T12:00,29.8,0.2,0.54,67,17.1,725.0,428.2,302.0
2024-06-26T13:00,30.6,0.1,0.58,66,18.2,777.0,534.2,251.0
2024-06-26T14:00,28.0,6.7,0.45,76,14.0,644.0,405.3,270.0
2024-06-26T15:00,26.0,2.1,0.18,86,8.0,242.0,71.9,184.0
2024-06-26T16:00,27.8,0.0,0.27,80,14.1,370.0,267.1,198.0
2024-06-26T17:00,26.4,0.6,0.19,82,18.3,255.0,219.7,157.0
2024-06-26T18:00,26.4,0.3,0.11,78,18.7,89.0,123.8,61.0
2024-06-26T19:00,25.9,0.0,0.05,81,14.3,10.0,12.7,9.0
2024-06-26T20:00,25.9,0.0,0.04,82,15.0,0.0,0.0,0.0
2024-06-26T21:00,25.8,0.0,0.04,82,16.6,0.0,0.0,0.0
2024-06-26T22:00,25.7,0.0,0.05,82,19.4,0.0,0.0,0.0
2024-06-26T23:00,25.2,0.0,0.04,83,18.9,0.0,0.0,0.0
2024-06-27T00:00,24.7,0.0,0.04,84,16.8,0.0,0.0,0.0
2024-06-27T01:00,24.5,0.0,0.03,85,17.6,0.0,0.0,0.0
2024-06-27T02:00,24.3,0.0,0.03,86,16.7,0.0,0.0,0.0
2024-06-27T03:00,24.0,0.0,0.02,88,15.3,0.0,0.0,0.0
2024-06-27T04:00,23.7,0.0,0.02,89,14.1,0.0,0.0,0.0
2024-06-27T05:00,23.5,0.0,0.02,90,14.3,0.0,0.0,0.0
2024-06-27T06:00,23.5,0.0,0.03,87,14.5,17.0,22.0,15.0
2024-06-27T07:00,24.6,0.0,0.1,82,20.4,90.0,44.0,79.0
2024-06-27T08:00,25.7,0.2,0.2,77,21.8,254.0,185.8,167.0
2024-06-27T09:00,26.1,0.2,0.24,76,22.5,292.0,69.4,246.0
2024-06-27T10:00,26.2,0.1,0.23,76,21.3,263.0,48.7,223.0
2024-06-27T11:00,26.7,0.0,0.22,74,18.6,238.0,13.9,225.0
2024-06-27T12:00,27.4,0.7,0.28,73,17.1,339.0,45.6,294.0
2024-06-27T13:00,27.7,0.1,0.26,72,14.1,295.0,51.8,244.0
2024-06-27T14:00,28.1,0.1,0.25,73,11.8,296.0,30.3,268.0
2024-06-27T15:00,25.8,3.2,0.33,81,18.5,491.0,343.2,214.0
2024-06-27T16:00,25.1,1.9,0.1,90,11.4,127.0,3.1,125.0
2024-06-27T17:00,25.2,2.2,0.09,91,14.5,121.0,24.6,110.0
2024-06-27T18:00,26.3,0.0,0.12,76,17.5,111.0,154.3,76.0
2024-06-27T19:00,25.7,0.0,0.07,77,20.0,9.0,0.0,9.0
2024-06-27T20:00,25.3,0.0,0.06,77,19.9,0.0,0.0,0.0
2024-06-27T21:00,24.8,0.0,0.06,78,19.8,0.0,0.0,0.0
2024-06-27T22:00,24.2,0.0,0.05,80,18.0,0.0,0.0,0.0
2024-06-27T23:00,24.0,0.0,0.04,82,18.2,0.0,0.0,0.0
2024-06-28T00:00,23.7,0.0,0.04,83,18.5,0.0,0.0,0.0
2024-06-28T01:00,23.6,0.0,0.04,84,18.1,0.0,0.0,0.0
2024-06-28T02:00,23.4,0.0,0.03,85,16.8,0.0,0.0,0.0
2024-06-28T03:00,23.4,0.0,0.03,86,16.1,0.0,0.0,0.0
2024-06-28T04:00,23.5,0.1,0.03,86,18.1,0.0,0.0,0.0
2024-06-28T05:00,23.4,0.1,0.03,87,18.2,0.0,0.0,0.0
2024-06-28T06:00,23.5,0.0,0.04,89,17.1,8.0,0.0,8.0
2024-06-28T07:00,23.8,0.4,0.06,88,16.9,53.0,4.0,52.0
2024-06-28T08:00,24.2,1.7,0.11,88,13.9,135.0,19.3,126.0
2024-06-28T09:00,24.0,1.6,0.1,92,16.3,141.0,4.5,138.0
2024-06-28T10:00,24.6,1.4,0.15,92,15.8,213.0,9.7,205.0
2024-06-28T11:00,26.0,0.3,0.23,83,20.4,315.0,25.8,291.0
2024-06-28T12:00,27.0,0.3,0.27,77,20.3,345.0,28.3,317.0
2024-06-28T13:00,26.7,0.3,0.23,78,17.3,285.0,12.2,273.0
2024-06-28T14:00,26.8,0.1,0.19,78,16.9,210.0,4.3,206.0
2024-06-28T15:00,27.5,0.0,0.24,73,17.9,263.0,38.4,232.0
2024-06-28T16:00,27.0,1.0,0.21,74,19.2,223.0,26.3,206.0
2024-06-28T17:00,24.5,3.2,0.1,91,14.7,130.0,26.8,118.0
2024-06-28T18:00,26.0,0.0,0.09,80,13.7,84.0,79.2,66.0
2024-06-28T19:00,25.4,0.0,0.04,83,11.8,5.0,0.0,5.0
2024-06-28T20:00,25.2,0.0,0.03,84,12.6,0.0,0.0,0.0
2024-06-28T21:00,24.9,0.0,0.02,84,10.9,0.0,0.0,0.0
2024-06-28T22:00,24.7,0.0,0.03,84,12.3,0.0,0.0,0.0
2024-06-28T23:00,24.4,0.0,0.03,85,14.0,0.0,0.0,0.0
2024-06-29T00:00,24.0,0.0,0.03,86,15.7,0.0,0.0,0.0
2024-06-29T01:00,23.7,0.0,0.02,88,16.0,0.0,0.0,0.0
2024-06-29T02:00,23.4,0.0,0.02,89,16.8,0.0,0.0,0.0
2024-06-29T03:00,23.4,0.0,0.02,89,16.7,0.0,0.0,0.0
2024-06-29T04:00,23.6,0.0,0.03,88,17.1,0.0,0.0,0.0
2024-06-29T05:00,23.5,0.0,0.03,88,16.6,0.0,0.0,0.0
2024-06-29T06:00,23.6,0.0,0.03,89,14.3,14.0,11.1,13.0
2024-06-29T07:00,24.8,0.0,0.11,82,18.8,118.0,108.9,91.0
2024-06-29T08:00,25.7,0.1,0.18,78,20.8,221.0,117.9,166.0
2024-06-29T09:00,26.7,0.1,0.27,75,19.2,359.0,198.0,228.0
2024-06-29T10:00,27.0,0.0,0.26,73,20.0,315.0,50.0,274.0
2024-06-29T11:00,28.1,0.3,0.45,70,21.3,610.0,238.3,388.0
2024-06-29T12:00,29.0,0.2,0.56,68,19.2,778.0,482.9,301.0
2024-06-29T13:00,29.6,0.0,0.58,66,18.7,797.0,498.4,306.0
2024-06-29T14:00,30.0,0.0,0.57,65,18.5,777.0,633.2,192.0
2024-06-29T15:00,29.9,0.0,0.47,65,17.7,603.0,386.1,291.0
2024-06-29T16:00,29.3,0.1,0.34,64,18.0,389.0,250.8,227.0
2024-06-29T17:00,28.0,0.1,0.23,71,21.3,256.0,212.1,161.0
2024-06-29T18:00,27.2,0.2,0.13,73,14.8,121.0,197.4,76.0
2024-06-29T19:00,26.1,0.0,0.05,79,13.3,7.0,0.0,7.0
2024-06-29T20:00,25.6,0.0,0.03,82,11.2,0.0,0.0,0.0
2024-06-29T21:00,25.3,0.0,0.02,84,10.2,0.0,0.0,0.0
2024-06-29T22:00,25.2,0.0,0.02,84,11.2,0.0,0.0,0.0
2024-06-29T23:00,24.9,0.0,0.03,85,12.5,0.0,0.0,0.0
2024-06-30T00:00,24.5,0.0,0.03,85,15.3,0.0,0.0,0.0
2024-06-30T01:00,24.2,0.0,0.03,86,16.3,0.0,0.0,0.0
2024-06-30T02:00,23.7,0.0,0.02,88,15.3,0.0,0.0,0.0
2024-06-30T03:00,23.3,0.0,0.02,91,14.8,0.0,0.0,0.0
2024-06-30T04:00,23.1,0.0,0.01,92,14.3,0.0,0.0,0.0
2024-06-30T05:00,23.3,0.0,0.02,91,14.5,0.0,0.0,0.0
2024-06-30T06:00,24.0,0.0,0.04,88,16.0,7.0,0.0,7.0
2024-06-30T07:00,24.5,0.0,0.07,85,16.5,37.0,8.1,35.0
2024-06-30T08:00,25.0,0.0,0.11,83,21.1,85.0,2.1,84.0
2024-06-30T09:00,25.6,0.1,0.13,81,19.6,120.0,0.0,120.0
2024-06-30T10:00,27.1,0.1,0.25,74,20.7,290.0,37.8,259.0
2024-06-30T11:00,27.8,0.0,0.32,71,20.5,398.0,114.9,291.0
2024-06-30T12:00,28.5,0.0,0.42,72,18.1,565.0,263.2,305.0
2024-06-30T13:00,27.1,0.6,0.34,78,17.4,467.0,173.5,296.0
2024-06-30T14:00,27.7,0.3,0.37,74,21.8,513.0,208.8,320.0
2024-06-30T15:00,27.5,0.2,0.29,78,15.9,392.0,141.0,278.0
2024-06-30T16:00,26.2,0.2,0.17,81,15.0,207.0,44.9,178.0
2024-06-30T17:00,26.7,0.2,0.19,82,15.5,261.0,245.3,151.0
2024-06-30T18:00,24.9,0.8,0.07,87,14.3,57.0,21.9,52.0
2024-06-30T19:00,24.0,0.5,0.03,93,13.5,2.0,0.0,2.0
2024-06-30T20:00,23.8,0.8,0.01,94,12.8,0.0,0.0,0.0
2024-06-30T21:00,23.8,1.7,0.01,94,15.0,0.0,0.0,0.0
2024-06-30T22:00,23.6,1.6,0.01,94,16.0,0.0,0.0,0.0
2024-06-30T23:00,23.3,0.7,0.01,94,18.3,0.0,0.0,0.0
2024-07-01T00:00,23.1,0.6,0.01,94,18.8,0.0,0.0,0.0
2024-07-01T01:00,23.1,0.6,0.01,94,19.4,0.0,0.0,0.0
2024-07-01T02:00,23.0,0.3,0.01,94,19.2,0.0,0.0,0.0
2024-07-01T03:00,23.1,0.0,0.02,92,18.9,0.0,0.0,0.0
2024-07-01T04:00,22.9,0.0,0.02,92,19.3,0.0,0.0,0.0
2024-07-01T05:00,22.8,0.0,0.02,92,17.9,0.0,0.0,0.0
2024-07-01T06:00,23.0,0.1,0.03,92,18.9,11.0,0.0,11.0
2024-07-01T07:00,24.2,0.0,0.1,85,21.7,130.0,134.3,97.0
2024-07-01T08:00,24.5,0.0,0.12,84,21.0,125.0,6.5,122.0
2024-07-01T09:00,25.3,0.0,0.17,79,23.8,190.0,25.7,173.0
2024-07-01T10:00,26.7,0.0,0.27,73,25.9,324.0,37.8,293.0
2024-07-01T11:00,26.6,0.0,0.19,74,20.7,178.0,1.1,177.0
2024-07-01T12:00,27.0,0.1,0.23,73,20.3,237.0,21.3,216.0
2024-07-01T13:00,28.3,0.1,0.44,67,24.2,576.0,219.2,360.0
2024-07-01T14:00,28.1,0.1,0.32,69,20.0,374.0,99.5,282.0
2024-07-01T15:00,27.3,0.4,0.24,72,21.6,250.0,45.7,213.0
2024-07-01T16:00,27.3,0.0,0.2,74,16.4,219.0,40.2,193.0
2024-07-01T17:00,27.2,0.0,0.14,73,15.8,107.0,8.9,103.0
2024-07-01T18:00,26.9,0.0,0.14,70,18.7,102.0,122.3,74.0
2024-07-01T19:00,26.5,0.0,0.08,71,17.0,9.0,12.5,8.0
2024-07-01T20:00,26.4,0.0,0.07,72,18.1,0.0,0.0,0.0
2024-07-01T21:00,25.9,0.0,0.07,74,20.4,0.0,0.0,0.0
2024-07-01T22:00,25.2,0.0,0.06,79,21.7,0.0,0.0,0.0
2024-07-01T23:00,24.4,0.0,0.05,83,22.4,0.0,0.0,0.0
2024-07-02T00:00,24.0,0.0,0.04,84,22.7,0.0,0.0,0.0
2024-07-02T01:00,23.7,0.0,0.04,86,22.2,0.0,0.0,0.0
2024-07-02T02:00,23.6,0.0,0.04,86,20.9,0.0,0.0,0.0
2024-07-02T03:00,23.6,0.0,0.04,85,21.1,0.0,0.0,0.0
2024-07-02T04:00,23.3,0.0,0.04,85,22.9,0.0,0.0,0.0
2024-07-02T05:00,23.5,0.0,0.05,84,22.5,0.0,0.0,0.0
2024-07-02T06:00,23.2,0.0,0.05,84,20.4,14.0,11.3,13.0
2024-07-02T07:00,24.0,0.0,0.1,82,17.6,104.0,98.1,80.0
2024-07-02T08:00,25.3,0.0,0.21,75,27.3,255.0,228.6,149.0
2024-07-02T09:00,26.1,0.1,0.27,74,22.2,357.0,185.0,235.0
2024-07-02T10:00,26.7,0.2,0.29,71,26.7,345.0,95.2,267.0
2024-07-02T11:00,27.8,0.2,0.42,68,24.8,554.0,176.2,390.0
2024-07-02T12:00,28.8,0.1,0.52,67,23.5,711.0,391.8,324.0
2024-07-02T13:00,28.6,0.4,0.5,70,23.2,708.0,380.4,333.0
2024-07-02T14:00,25.6,4.6,0.26,86,16.9,391.0,63.8,332.0
2024-07-02T15:00,27.0,0.2,0.25,76,20.1,299.0,163.0,167.0
2024-07-02T16:00,26.9,4.8,0.3,79,22.1,431.0,325.9,220.0
2024-07-02T17:00,25.6,6.6,0.17,83,20.8,226.0,182.4,144.0
2024-07-02T18:00,24.5,1.8,0.06,88,15.2,36.0,0.0,36.0
2024-07-02T19:00,23.8,0.1,0.03,89,15.8,6.0,0.0,6.0
2024-07-02T20:00,23.7,0.0,0.02,90,14.5,0.0,0.0,0.0
2024-07-02T21:00,23.7,0.0,0.01,92,14.6,0.0,0.0,0.0
2024-07-02T22:00,23.4,0.0,0.01,92,13.5,0.0,0.0,0.0
2024-07-02T23:00,23.0,0.0,0.01,93,13.8,0.0,0.0,0.0
2024-07-03T00:00,23.0,0.0,0.01,94,14.8,0.0,0.0,0.0
2024-07-03T01:00,23.0,0.0,0.01,93,15.7,0.0,0.0,0.0
2024-07-03T02:00,22.9,0.0,0.01,92,16.0,0.0,0.0,0.0
2024-07-03T03:00,22.7,0.0,0.01,93,14.8,0.0,0.0,0.0
2024-07-03T04:00,22.7,0.0,0.01,94,14.8,0.0,0.0,0.0
2024-07-03T05:00,22.8,0.0,0.01,92,15.8,0.0,0.0,0.0
2024-07-03T06:00,23.4,0.0,0.03,89,15.4,9.0,0.0,9.0
2024-07-03T07:00,24.4,0.0,0.1,84,18.6,111.0,94.4,88.0
2024-07-03T08:00,25.9,0.0,0.22,76,21.4,287.0,265.7,164.0
2024-07-03T09:00,26.8,0.1,0.31,72,21.1,405.0,212.5,265.0
2024-07-03T10:00,27.9,0.0,0.39,68,21.8,502.0,210.1,330.0
2024-07-03T11:00,29.3,0.0,0.53,62,21.4,703.0,370.7,358.0
2024-07-03T12:00,29.1,0.2,0.47,63,20.9,591.0,234.9,359.0
2024-07-03T13:00,30.4,0.0,0.64,61,19.5,854.0,649.1,214.0
2024-07-03T14:00,30.7,0.0,0.61,60,20.6,793.0,638.7,202.0
2024-07-03T15:00,30.6,0.0,0.55,59,21.3,692.0,641.9,172.0
2024-07-03T16:00,29.7,0.0,0.41,61,21.4,490.0,507.8,161.0
2024-07-03T17:00,29.2,0.0,0.29,64,18.9,317.0,442.3,118.0
2024-07-03T18:00,27.5,0.0,0.14,70,16.2,122.0,230.8,69.0
2024-07-03T19:00,26.5,0.0,0.06,73,13.4,11.0,12.4,10.0
2024-07-03T20:00,25.9,0.0,0.05,76,13.7,0.0,0.0,0.0
2024-07-03T21:00,25.5,0.0,0.04,79,14.8,0.0,0.0,0.0
2024-07-03T22:00,25.4,0.0,0.05,80,17.4,0.0,0.0,0.0
2024-07-03T23:00,24.9,0.0,0.05,80,19.7,0.0,0.0,0.0
2024-07-04T00:00,24.4,0.0,0.04,82,18.7,0.0,0.0,0.0
2024-07-04T01:00,24.0,0.0,0.04,84,18.0,0.0,0.0,0.0
2024-07-04T02:00,23.8,0.0,0.03,86,17.1,0.0,0.0,0.0
2024-07-04T03:00,23.6,0.0,0.03,87,16.6,0.0,0.0,0.0
2024-07-04T04:00,23.3,0.0,0.02,88,16.3,0.0,0.0,0.0
2024-07-04T05:00,23.1,0.0,0.02,88,15.1,0.0,0.0,0.0
2024-07-04T06:00,23.9,0.0,0.03,85,12.4,11.0,11.5,10.0
2024-07-04T07:00,24.3,0.0,0.06,84,14.0,33.0,0.0,33.0
2024-07-04T08:00,25.5,0.1,0.17,79,16.1,207.0,90.9,165.0
2024-07-04T09:00,25.3,1.1,0.17,81,16.9,204.0,59.2,165.0
2024-07-04T10:00,26.8,0.1,0.28,79,16.3,377.0,124.7,275.0
2024-07-04T11:00,28.6,0.0,0.51,69,17.9,718.0,429.9,318.0
2024-07-04T12:00,29.0,0.0,0.5,68,17.1,670.0,299.6,374.0
2024-07-04T13:00,29.6,0.0,0.51,66,18.3,671.0,332.6,343.0
2024-07-04T14:00,29.8,0.0,0.52,65,19.7,676.0,449.4,260.0
2024-07-04T15:00,29.4,0.0,0.45,66,20.5,578.0,445.4,217.0
2024-07-04T16:00,29.0,0.0,0.38,67,22.2,477.0,441.1,191.0
2024-07-04T17:00,27.0,0.1,0.2,74,21.7,202.0,122.1,147.0
2024-07-04T18:00,25.9,0.0,0.11,79,14.8,108.0,121.7,80.0
2024-07-04T19:00,25.5,0.0,0.04,81,14.0,11.0,12.4,10.0
2024-07-04T20:00,25.0,0.0,0.03,83,14.0,0.0,0.0,0.0
2024-07-04T21:00,24.5,0.0,0.03,83,12.0,0.0,0.0,0.0
2024-07-04T22:00,24.7,0.0,0.03,84,12.0,0.0,0.0,0.0
2024-07-04T23:00,24.6,0.0,0.03,85,15.3,0.0,0.0,0.0
2024-07-05T00:00,24.4,0.0,0.03,85,16.4,0.0,0.0,0.0
2024-07-05T01:00,24.0,0.0,0.03,86,16.9,0.0,0.0,0.0
2024-07-05T02:00,23.6,0.0,0.03,88,17.6,0.0,0.0,0.0
2024-07-05T03:00,23.3,0.0,0.02,89,17.1,0.0,0.0,0.0
2024-07-05T04:00,23.4,0.0,0.02,90,15.8,0.0,0.0,0.0
2024-07-05T05:00,23.7,0.0,0.02,89,17.3,0.0,0.0,0.0
2024-07-05T06:00,24.2,0.0,0.04,84,13.3,6.0,0.0,6.0
2024-07-05T07:00,24.6,0.1,0.09,84,19.1,94.0,107.7,68.0
2024-07-05T08:00,25.5,0.1,0.19,80,20.2,257.0,180.0,174.0
2024-07-05T09:00,27.1,0.1,0.35,71,23.8,486.0,462.3,182.0
2024-07-05T10:00,28.3,0.0,0.48,67,23.0,662.0,536.9,223.0
2024-07-05T11:00,29.1,0.0,0.55,67,20.6,760.0,584.7,216.0
2024-07-05T12:00,29.8,0.0,0.6,65,20.9,813.0,545.6,274.0
2024-07-05T13:00,28.9,0.0,0.4,65,20.7,479.0,128.7,352.0
2024-07-05T14:00,28.9,0.1,0.44,66,20.2,567.0,302.3,287.0
2024-07-05T15:00,27.9,0.4,0.37,74,19.5,496.0,298.4,254.0
2024-07-05T16:00,28.2,0.4,0.34,71,21.3,452.0,402.3,191.0
2024-07-05T17:00,26.6,0.6,0.21,79,20.9,270.0,261.8,152.0
2024-07-05T18:00,25.8,0.2,0.11,80,16.8,115.0,182.4,73.0
2024-07-05T19:00,24.8,0.3,0.04,85,16.5,8.0,12.4,7.0
2024-07-05T20:00,24.4,0.5,0.02,88,15.4,0.0,0.0,0.0
2024-07-05T21:00,24.2,0.1,0.02,89,12.2,0.0,0.0,0.0
2024-07-05T22:00,23.9,0.0,0.02,89,15.3,0.0,0.0,0.0
2024-07-05T23:00,23.8,0.0,0.03,88,16.8,0.0,0.0,0.0
2024-07-06T00:00,23.6,0.0,0.03,89,17.8,0.0,0.0,0.0
2024-07-06T01:00,23.3,0.0,0.02,90,18.6,0.0,0.0,0.0
2024-07-06T02:00,23.5,0.0,0.03,89,20.0,0.0,0.0,0.0
2024-07-06T03:00,23.1,0.0,0.02,90,18.0,0.0,0.0,0.0
2024-07-06T04:00,23.4,0.0,0.03,88,17.4,0.0,0.0,0.0
2024-07-06T05:00,23.3,0.0,0.02,89,16.4,0.0,0.0,0.0
2024-07-06T06:00,24.1,0.0,0.05,85,15.5,5.0,0.0,5.0
2024-07-06T07:00,24.6,0.0,0.09,83,20.7,70.0,4.2,69.0
2024-07-06T08:00,25.8,0.1,0.22,77,26.7,285.0,284.6,154.0
2024-07-06T09:00,26.4,0.2,0.29,75,26.4,399.0,255.7,231.0
2024-07-06T10:00,27.8,0.1,0.47,69,26.3,672.0,531.0,238.0
2024-07-06T11:00,27.7,0.4,0.46,68,24.8,639.0,382.7,283.0
2024-07-06T12:00,28.7,0.0,0.51,68,23.0,695.0,457.5,243.0
2024-07-06T13:00,29.1,0.1,0.55,67,22.3,759.0,487.5,278.0
2024-07-06T14:00,29.7,0.2,0.58,64,23.9,784.0,585.1,242.0
2024-07-06T15:00,28.2,0.0,0.3,67,22.0,328.0,53.0,285.0
2024-07-06T16:00,27.7,1.5,0.28,73,21.1,344.0,197.2,216.0
2024-07-06T17:00,24.8,1.9,0.13,89,15.1,190.0,126.4,133.0
2024-07-06T18:00,25.5,0.7,0.07,84,13.9,40.0,8.7,38.0
2024-07-06T19:00,24.8,0.2,0.04,84,13.1,6.0,0.0,6.0
2024-07-06T20:00,24.5,0.0,0.03,85,14.3,0.0,0.0,0.0
2024-07-06T21:00,23.8,0.0,0.03,86,15.4,0.0,0.0,0.0
2024-07-06T22:00,23.2,0.0,0.02,89,14.5,0.0,0.0,0.0
2024-07-06T23:00,23.3,0.0,0.02,90,15.2,0.0,0.0,0.0
2024-07-07T00:00,23.0,0.0,0.01,92,14.9,0.0,0.0,0.0
2024-07-07T01:00,22.9,0.1,0.01,92,13.8,0.0,0.0,0.0
2024-07-07T02:00,22.8,1.8,0.01,93,14.9,0.0,0.0,0.0
2024-07-07T03:00,22.6,0.6,0.01,94,14.3,0.0,0.0,0.0
2024-07-07T04:00,22.6,0.6,0.01,95,14.0,0.0,0.0,0.0
2024-07-07T05:00,22.5,0.2,0.01,94,14.8,0.0,0.0,0.0
2024-07-07T06:00,22.6,0.1,0.02,93,14.2,8.0,0.0,8.0
2024-07-07T07:00,23.0,0.1,0.06,91,16.1,55.0,4.2,54.0
2024-07-07T08:00,23.9,0.1,0.12,85,16.8,153.0,0.0,153.0
2024-07-07T09:00,25.1,0.1,0.18,80,16.6,222.0,21.3,208.0
2024-07-07T10:00,25.3,0.2,0.21,78,18.9,249.0,13.5,238.0
2024-07-07T11:00,26.8,0.2,0.37,74,16.7,518.0,143.0,385.0
2024-07-07T12:00,27.4,0.2,0.4,73,13.2,544.0,146.8,399.0
2024-07-07T13:00,27.5,0.1,0.35,73,13.2,457.0,52.7,405.0
2024-07-07T14:00,28.0,0.1,0.37,70,14.8,471.0,167.3,316.0
2024-07-07T15:00,26.9,1.5,0.28,74,13.7,354.0,124.4,253.0
2024-07-07T16:00,26.6,0.2,0.22,78,8.3,280.0,97.0,217.0
2024-07-07T17:00,26.6,0.1,0.12,78,7.6,136.0,39.9,118.0
2024-07-07T18:00,26.3,0.0,0.07,74,6.7,59.0,34.7,51.0
2024-07-07T19:00,25.6,0.0,0.04,77,8.3,7.0,0.0,7.0
2024-07-07T20:00,25.3,0.0,0.03,78,9.2,0.0,0.0,0.0
2024-07-07T21:00,24.7,0.0,0.03,81,12.0,0.0,0.0,0.0
2024-07-07T22:00,24.0,0.0,0.02,86,12.2,0.0,0.0,0.0
2024-07-07T23:00,23.7,0.0,0.02,87,12.1,0.0,0.0,0.0
2024-07-08T00:00,23.1,0.0,0.02,90,14.6,0.0,0.0,0.0
2024-07-08T01:00,22.8,0.0,0.01,91,11.9,0.0,0.0,0.0
2024-07-08T02:00,22.9,0.1,0.01,90,12.6,0.0,0.0,0.0
2024-07-08T03:00,23.0,0.1,0.01,90,12.8,0.0,0.0,0.0
2024-07-08T04:00,22.8,0.0,0.01,92,10.2,0.0,0.0,0.0
2024-07-08T05:00,22.7,0.0,0.01,94,11.3,0.0,0.0,0.0
2024-07-08T06:00,22.8,1.3,0.02,96,7.1,3.0,0.0,3.0
2024-07-08T07:00,23.3,0.3,0.05,92,11.0,50.0,25.2,44.0
2024-07-08T08:00,24.3,0.2,0.13,87,11.4,183.0,89.4,142.0
2024-07-08T09:00,24.5,0.2,0.12,87,9.7,148.0,19.8,135.0
2024-07-08T10:00,25.1,0.2,0.15,84,10.4,180.0,7.3,174.0
2024-07-08T11:00,25.9,0.1,0.23,79,13.4,303.0,45.2,261.0
2024-07-08T12:00,26.3,0.2,0.29,77,15.1,380.0,32.4,348.0
2024-07-08T13:00,26.9,0.3,0.34,76,12.6,466.0,138.8,329.0
2024-07-08T14:00,25.8,0.4,0.2,79,15.3,249.0,42.1,210.0
2024-07-08T15:00,26.0,0.3,0.2,81,11.7,255.0,60.3,206.0
2024-07-08T16:00,26.7,0.1,0.26,78,10.5,349.0,132.3,263.0
2024-07-08T17:00,26.2,1.0,0.19,77,10.8,258.0,230.3,154.0
2024-07-08T18:00,25.6,0.5,0.08,83,7.5,101.0,108.4,76.0
2024-07-08T19:00,24.8,0.1,0.02,88,5.2,7.0,0.0,7.0
2024-07-08T20:00,24.4,0.0,0.01,90,8.6,0.0,0.0,0.0
2024-07-08T21:00,23.9,0.0,0.01,92,8.8,0.0,0.0,0.0
2024-07-08T22:00,23.5,0.0,0.0,94,10.3,0.0,0.0,0.0
2024-07-08T23:00,23.2,0.0,0.0,95,10.7,0.0,0.0,0.0
2024-07-09T00:00,22.9,0.0,0.0,96,10.6,0.0,0.0,0.0
2024-07-09T01:00,22.7,0.0,0.0,96,11.8,0.0,0.0,0.0
2024-07-09T02:00,22.7,0.1,0.01,95,13.2,0.0,0.0,0.0
2024-07-09T03:00,22.9,0.1,0.0,95,10.1,0.0,0.0,0.0
2024-07-09T04:00,22.9,0.0,0.0,95,8.7,0.0,0.0,0.0
2024-07-09T05:00,22.7,0.0,0.0,96,8.5,0.0,0.0,0.0
2024-07-09T06:00,23.2,0.0,0.02,90,9.8,7.0,0.0,7.0
2024-07-09T07:00,24.2,0.0,0.1,84,16.3,129.0,185.5,85.0
2024-07-09T08:00,25.4,0.0,0.21,78,16.3,295.0,292.8,161.0
2024-07-09T09:00,26.3,0.1,0.29,74,15.7,394.0,212.2,255.0
2024-07-09T10:00,27.5,0.0,0.45,69,14.8,626.0,442.3,265.0
2024-07-09T11:00,28.2,0.0,0.45,65,13.1,594.0,230.2,380.0
2024-07-09T12:00,28.3,0.0,0.42,65,12.1,545.0,109.3,437.0
2024-07-09T13:00,28.6,0.2,0.51,65,12.2,680.0,352.5,332.0
2024-07-09T14:00,29.5,0.1,0.56,61,12.3,752.0,527.3,263.0
2024-07-09T15:00,29.3,0.2,0.42,62,12.0,535.0,306.5,286.0
2024-07-09T16:00,29.1,0.1,0.34,62,12.3,410.0,223.0,265.0
2024-07-09T17:00,28.1,0.0,0.19,67,13.0,189.0,57.6,163.0
2024-07-09T18:00,26.3,0.1,0.11,75,12.5,100.0,69.3,84.0
2024-07-09T19:00,25.6,0.1,0.05,78,14.5,9.0,0.0,9.0
2024-07-09T20:00,24.1,0.1,0.03,85,14.3,0.0,0.0,0.0
2024-07-09T21:00,24.0,0.0,0.02,87,14.5,0.0,0.0,0.0
2024-07-09T22:00,23.9,0.0,0.03,86,14.1,0.0,0.0,0.0
2024-07-09T23:00,23.6,0.0,0.03,86,14.1,0.0,0.0,0.0
2024-07-10T00:00,23.3,0.0,0.03,86,14.3,0.0,0.0,0.0
2024-07-10T01:00,23.2,0.0,0.03,85,14.3,0.0,0.0,0.0
2024-07-10T02:00,22.8,0.0,0.02,87,13.7,0.0,0.0,0.0
2024-07-10T03:00,22.7,0.0,0.02,87,13.7,0.0,0.0,0.0
2024-07-10T04:00,22.6,0.0,0.02,88,12.6,0.0,0.0,0.0
2024-07-10T05:00,22.7,0.0,0.02,87,11.9,0.0,0.0,0.0
2024-07-10T06:00,22.7,0.0,0.03,87,14.4,11.0,0.0,11.0
2024-07-10T07:00,23.5,0.0,0.09,83,16.7,91.0,50.8,79.0
2024-07-10T08:00,24.9,0.0,0.2,76,18.7,257.0,194.8,168.0
2024-07-10T09:00,26.2,0.1,0.3,71,14.8,402.0,239.8,245.0
2024-07-10T10:00,27.1,0.1,0.4,69,15.9,553.0,332.2,282.0
2024-07-10T11:00,27.9,0.2,0.46,65,15.5,616.0,307.6,330.0
2024-07-10T12:00,28.9,0.1,0.57,61,14.4,774.0,508.0,272.0
2024-07-10T13:00,29.5,0.2,0.56,59,14.5,727.0,477.0,256.0
2024-07-10T14:00,29.9,0.3,0.61,57,14.3,800.0,622.0,223.0
2024-07-10T15:00,29.5,0.2,0.51,60,15.2,662.0,582.1,189.0
2024-07-10T16:00,27.8,0.3,0.27,72,13.3,343.0,255.2,177.0
2024-07-10T17:00,27.0,0.1,0.19,75,12.7,224.0,201.4,133.0
2024-07-10T18:00,26.9,0.3,0.1,76,7.0,118.0,221.1,67.0
2024-07-10T19:00,25.8,0.3,0.02,82,6.3,10.0,12.4,9.0
2024-07-10T20:00,24.1,1.2,0.02,88,11.2,0.0,0.0,0.0
2024-07-10T21:00,23.2,0.2,0.01,92,16.6,0.0,0.0,0.0
2024-07-10T22:00,22.9,0.6,0.01,95,13.2,0.0,0.0,0.0
2024-07-10T23:00,23.1,0.2,0.0,95,8.3,0.0,0.0,0.0
2024-07-11T00:00,22.9,0.0,0.0,96,7.0,0.0,0.0,0.0
2024-07-11T01:00,22.8,0.0,0.0,96,10.2,0.0,0.0,0.0
2024-07-11T02:00,22.8,0.0,0.01,94,12.7,0.0,0.0,0.0
2024-07-11T03:00,22.6,0.0,0.0,95,12.0,0.0,0.0,0.0
2024-07-11T04:00,22.6,0.0,0.0,96,10.9,0.0,0.0,0.0
2024-07-11T05:00,22.7,0.0,0.0,95,11.4,0.0,0.0,0.0
2024-07-11T06:00,22.5,0.0,0.01,93,12.4,12.0,12.0,11.0
2024-07-11T07:00,23.5,0.0,0.09,87,17.9,125.0,204.1,77.0
2024-07-11T08:00,24.6,0.0,0.18,81,17.8,247.0,234.6,140.0
2024-07-11T09:00,26.1,0.0,0.3,73,17.2,419.0,258.4,250.0
2024-07-11T10:00,27.0,0.1,0.35,70,16.9,459.0,132.4,351.0
2024-07-11T11:00,27.9,0.3,0.42,66,16.7,548.0,205.5,357.0
2024-07-11T12:00,29.2,0.4,0.61,62,17.4,836.0,618.3,225.0
2024-07-11T13:00,29.1,0.3,0.55,63,18.4,739.0,460.7,284.0
2024-07-11T14:00,29.0,0.3,0.49,67,17.1,664.0,423.6,271.0
2024-07-11T15:00,29.2,0.0,0.45,65,17.7,584.0,451.5,217.0
2024-07-11T16:00,26.7,0.7,0.32,77,17.2,453.0,364.3,216.0
2024-07-11T17:00,25.8,0.7,0.18,79,17.7,229.0,214.6,132.0
2024-07-11T18:00,24.4,4.0,0.07,88,9.7,93.0,117.1,66.0
2024-07-11T19:00,23.8,0.2,0.02,92,10.5,11.0,12.4,10.0
2024-07-11T20:00,23.9,0.1,0.02,90,15.8,0.0,0.0,0.0
2024-07-11T21:00,23.2,0.0,0.02,92,17.8,0.0,0.0,0.0
2024-07-11T22:00,22.8,0.2,0.01,92,16.3,0.0,0.0,0.0
2024-07-11T23:00,22.9,0.2,0.01,92,13.7,0.0,0.0,0.0
2024-07-12T00:00,22.9,0.1,0.01,93,12.9,0.0,0.0,0.0
2024-07-12T01:00,22.7,0.0,0.01,94,13.7,0.0,0.0,0.0
2024-07-12T02:00,22.7,0.0,0.01,94,14.7,0.0,0.0,0.0
2024-07-12T03:00,22.5,0.0,0.01,95,14.0,0.0,0.0,0.0
2024-07-12T04:00,22.5,0.0,0.01,95,12.6,0.0,0.0,0.0
2024-07-12T05:00,22.5,0.0,0.01,94,13.9,0.0,0.0,0.0
2024-07-12T06:00,22.9,0.0,0.02,90,13.6,10.0,0.0,10.0
2024-07-12T07:00,24.0,0.0,0.09,84,18.7,93.0,64.1,78.0
2024-07-12T08:00,24.4,0.1,0.1,82,16.2,93.0,0.0,93.0
2024-07-12T09:00,25.2,0.2,0.18,79,17.5,223.0,53.6,188.0
2024-07-12T10:00,25.5,0.3,0.22,81,15.6,295.0,73.6,235.0
2024-07-12T11:00,27.2,0.3,0.41,77,14.6,590.0,238.8,368.0
2024-07-12T12:00,28.3,0.2,0.44,70,16.6,595.0,244.9,353.0
2024-07-12T13:00,26.1,3.0,0.33,79,17.5,476.0,177.1,301.0
2024-07-12T14:00,27.7,0.3,0.36,75,14.0,479.0,193.9,299.0
2024-07-12T15:00,25.9,1.0,0.25,82,14.2,352.0,91.0,278.0
2024-07-12T16:00,27.2,0.2,0.27,77,15.5,370.0,153.7,270.0
2024-07-12T17:00,26.0,0.0,0.18,83,16.4,254.0,170.4,177.0
2024-07-12T18:00,24.3,1.4,0.05,91,11.9,49.0,17.4,45.0
2024-07-12T19:00,23.6,0.7,0.02,94,15.6,9.0,0.0,9.0
2024-07-12T20:00,23.8,0.2,0.01,91,13.4,0.0,0.0,0.0
2024-07-12T21:00,23.7,0.1,0.01,92,14.7,0.0,0.0,0.0
2024-07-12T22:00,23.5,0.2,0.01,92,15.5,0.0,0.0,0.0
2024-07-12T23:00,23.0,0.6,0.01,93,16.5,0.0,0.0,0.0
2024-07-13T00:00,22.7,0.0,0.01,95,15.3,0.0,0.0,0.0
2024-07-13T01:00,22.7,0.0,0.01,94,15.9,0.0,0.0,0.0
2024-07-13T02:00,22.8,0.1,0.01,94,15.6,0.0,0.0,0.0
2024-07-13T03:00,22.7,0.4,0.0,96,13.4,0.0,0.0,0.0
2024-07-13T04:00,22.8,0.3,0.01,95,14.9,0.0,0.0,0.0
2024-07-13T05:00,22.8,0.1,0.01,94,14.7,0.0,0.0,0.0
2024-07-13T06:00,23.2,0.0,0.03,90,15.5,9.0,0.0,9.0
2024-07-13T07:00,24.2,0.0,0.09,84,19.9,89.0,30.0,82.0
2024-07-13T08:00,25.1,0.0,0.16,79,22.4,178.0,33.0,163.0
2024-07-13T09:00,26.0,0.0,0.25,75,23.5,312.0,90.3,253.0
2024-07-13T10:00,26.7,0.1,0.35,73,24.4,473.0,171.8,333.0
2024-07-13T11:00,26.8,0.0,0.31,72,22.4,385.0,48.4,340.0
2024-07-13T12:00,27.6,0.3,0.42,72,21.7,577.0,246.9,333.0
2024-07-13T13:00,27.7,0.5,0.47,69,23.1,654.0,297.5,360.0
2024-07-13T14:00,28.4,0.5,0.45,68,22.5,597.0,336.1,285.0
2024-07-13T15:00,27.6,0.1,0.33,75,16.9,434.0,156.2,307.0
2024-07-13T16:00,26.3,3.7,0.24,79,20.9,325.0,102.9,258.0
2024-07-13T17:00,24.5,5.2,0.14,87,17.8,194.0,101.8,148.0
2024-07-13T18:00,25.5,0.1,0.1,83,15.9,113.0,134.7,82.0
2024-07-13T19:00,24.8,0.0,0.05,82,17.0,10.0,0.0,10.0
2024-07-13T20:00,24.5,0.0,0.03,84,15.4,0.0,0.0,0.0
2024-07-13T21:00,24.5,0.0,0.03,85,17.3,0.0,0.0,0.0
2024-07-13T22:00,24.2,0.0,0.03,85,17.9,0.0,0.0,0.0
2024-07-13T23:00,23.8,0.0,0.03,87,16.7,0.0,0.0,0.0
2024-07-14T00:00,23.7,0.2,0.03,87,18.3,0.0,0.0,0.0
2024-07-14T01:00,23.6,0.1,0.03,88,20.8,0.0,0.0,0.0
2024-07-14T02:00,23.1,2.3,0.02,92,19.4,0.0,0.0,0.0
2024-07-14T03:00,23.0,3.2,0.02,93,20.5,0.0,0.0,0.0
2024-07-14T04:00,22.9,1.4,0.02,93,21.3,0.0,0.0,0.0
2024-07-14T05:00,22.8,0.5,0.02,92,18.4,0.0,0.0,0.0
2024-07-14T06:00,22.8,0.0,0.02,92,14.8,11.0,12.3,10.0
2024-07-14T07:00,23.9,0.0,0.09,87,19.4,102.0,60.3,88.0
2024-07-14T08:00,25.5,0.0,0.21,79,23.4,280.0,224.8,178.0
2024-07-14T09:00,26.9,0.0,0.31,73,20.2,421.0,291.2,231.0
2024-07-14T10:00,26.3,0.3,0.25,77,18.2,308.0,51.6,266.0
2024-07-14T11:00,27.8,0.0,0.35,72,16.9,462.0,103.3,366.0
2024-07-14T12:00,27.3,0.4,0.36,71,18.1,466.0,144.7,323.0
2024-07-14T13:00,28.3,0.1,0.47,72,17.5,646.0,275.2,374.0
2024-07-14T14:00,26.0,2.6,0.26,78,20.3,345.0,24.8,322.0
2024-07-14T15:00,25.1,2.3,0.15,86,14.8,197.0,13.5,186.0
2024-07-14T16:00,25.0,0.2,0.11,88,16.2,126.0,0.0,126.0
2024-07-14T17:00,24.8,0.4,0.09,88,15.9,106.0,0.0,106.0
2024-07-14T18:00,23.5,4.0,0.03,96,6.9,25.0,8.7,23.0
2024-07-14T19:00,23.8,0.9,0.02,95,8.3,2.0,0.0,2.0
2024-07-14T20:00,23.3,2.1,0.0,96,12.3,0.0,0.0,0.0
2024-07-14T21:00,23.0,1.3,0.0,95,12.3,0.0,0.0,0.0
2024-07-14T22:00,23.1,0.8,0.0,95,10.9,0.0,0.0,0.0
2024-07-14T23:00,23.0,0.7,0.0,96,11.7,0.0,0.0,0.0
2024-07-15T00:00,22.8,0.9,0.01,96,15.4,0.0,0.0,0.0
2024-07-15T01:00,22.8,0.8,0.01,96,15.2,0.0,0.0,0.0
2024-07-15T02:00,22.8,0.5,0.0,96,14.3,0.0,0.0,0.0
2024-07-15T03:00,22.7,0.1,0.01,95,15.3,0.0,0.0,0.0
2024-07-15T04:00,22.6,0.0,0.01,94,13.4,0.0,0.0,0.0
2024-07-15T05:00,22.7,0.1,0.01,94,14.1,0.0,0.0,0.0
2024-07-15T06:00,22.8,0.1,0.02,93,11.7,9.0,0.0,9.0
2024-07-15T07:00,23.2,0.3,0.05,92,13.8,48.0,0.0,48.0
2024-07-15T08:00,23.6,0.5,0.07,91,13.5,69.0,0.0,69.0
2024-07-15T09:00,24.7,0.2,0.17,85,16.6,238.0,47.5,207.0
2024-07-15T10:00,26.0,0.1,0.25,79,14.3,328.0,58.9,280.0
2024-07-15T11:00,26.6,0.0,0.24,75,15.4,294.0,33.4,263.0
2024-07-15T12:00,27.6,0.0,0.35,70,16.1,451.0,72.8,379.0
2024-07-15T13:00,27.9,0.1,0.34,70,15.9,420.0,37.4,383.0
2024-07-15T14:00,28.3,0.0,0.34,67,17.9,406.0,61.4,349.0
2024-07-15T15:00,24.9,3.8,0.09,89,10.6,95.0,3.7,92.0
2024-07-15T16:00,24.7,1.9,0.04,92,6.7,33.0,0.0,33.0
2024-07-15T17:00,24.6,4.2,0.05,93,9.2,39.0,0.0,39.0
2024-07-15T18:00,24.8,0.0,0.06,89,6.1,76.0,30.5,69.0
2024-07-15T19:00,24.1,0.0,0.02,92,7.4,6.0,0.0,6.0
2024-07-15T20:00,23.9,0.0,0.0,93,7.4,0.0,0.0,0.0
2024-07-15T21:00,23.6,1.0,0.01,95,11.4,0.0,0.0,0.0
2024-07-15T22:00,23.2,2.0,0.01,95,12.4,0.0,0.0,0.0
2024-07-15T23:00,23.1,0.2,0.01,95,12.8,0.0,0.0,0.0
2024-07-16T00:00,23.0,0.0,0.01,94,11.8,0.0,0.0,0.0
2024-07-16T01:00,22.8,0.0,0.0,96,11.2,0.0,0.0,0.0
2024-07-16T02:00,22.7,0.1,0.0,96,9.5,0.0,0.0,0.0
2024-07-16T03:00,22.8,0.3,0.0,97,10.0,0.0,0.0,0.0
2024-07-16T04:00,22.8,0.4,0.0,96,10.3,0.0,0.0,0.0
2024-07-16T05:00,22.8,0.6,0.0,96,12.8,0.0,0.0,0.0
2024-07-16T06:00,22.7,10.2,0.02,96,14.0,1.0,0.0,1.0
2024-07-16T07:00,22.8,9.5,0.02,96,14.5,6.0,0.0,6.0
2024-07-16T08:00,23.0,8.0,0.04,96,14.1,35.0,0.0,35.0
2024-07-16T09:00,23.1,6.9,0.03,95,12.7,22.0,0.0,22.0
2024-07-16T10:00,23.3,5.3,0.04,95,10.5,37.0,0.0,37.0
2024-07-16T11:00,23.8,4.1,0.08,93,11.5,103.0,0.0,103.0
2024-07-16T12:00,24.7,2.0,0.19,91,14.7,286.0,15.2,271.0
2024-07-16T13:00,25.0,0.8,0.2,89,14.8,283.0,37.4,246.0
2024-07-16T14:00,26.9,0.1,0.36,77,16.7,506.0,249.7,274.0
2024-07-16T15:00,26.7,0.0,0.29,77,17.1,390.0,119.2,293.0
2024-07-16T16:00,27.3,0.0,0.33,73,18.4,452.0,370.2,211.0
2024-07-16T17:00,26.8,0.0,0.16,76,13.4,181.0,55.4,156.0
2024-07-16T18:00,25.0,0.0,0.09,83,12.7,102.0,78.6,84.0
2024-07-16T19:00,24.5,0.0,0.04,84,13.0,8.0,0.0,8.0
2024-07-16T20:00,24.4,0.0,0.04,83,18.9,0.0,0.0,0.0
2024-07-16T21:00,24.1,0.0,0.04,83,17.1,0.0,0.0,0.0
2024-07-16T22:00,23.7,0.0,0.03,85,16.3,0.0,0.0,0.0
2024-07-16T23:00,23.4,0.0,0.03,86,15.4,0.0,0.0,0.0
2024-07-17T00:00,23.1,0.0,0.02,88,14.9,0.0,0.0,0.0
2024-07-17T01:00,22.8,0.0,0.02,90,13.7,0.0,0.0,0.0
2024-07-17T02:00,22.6,0.0,0.01,91,14.8,0.0,0.0,0.0
2024-07-17T03:00,22.5,0.0,0.01,91,14.3,0.0,0.0,0.0
2024-07-17T04:00,22.5,0.1,0.02,90,15.6,0.0,0.0,0.0
2024-07-17T05:00,22.5,0.2,0.02,90,14.3,0.0,0.0,0.0
2024-07-17T06:00,22.3,0.0,0.03,89,12.1,7.0,0.0,7.0
2024-07-17T07:00,22.8,0.0,0.06,87,13.2,62.0,21.8,57.0
2024-07-17T08:00,23.6,0.7,0.12,83,16.9,143.0,35.4,127.0
2024-07-17T09:00,23.8,0.1,0.11,84,12.9,118.0,12.3,110.0
2024-07-17T10:00,24.9,0.3,0.19,79,17.2,226.0,16.0,213.0
2024-07-17T11:00,25.4,1.2,0.19,81,12.2,243.0,7.5,236.0
2024-07-17T12:00,25.7,0.7,0.29,81,18.2,411.0,91.0,321.0
2024-07-17T13:00,26.1,0.5,0.35,80,15.3,501.0,124.4,378.0
2024-07-17T14:00,27.0,0.4,0.4,77,19.0,587.0,251.8,353.0
2024-07-17T15:00,27.4,0.2,0.33,78,18.0,454.0,156.0,327.0
2024-07-17T16:00,25.8,5.9,0.26,82,17.3,389.0,175.1,275.0
2024-07-17T17:00,25.6,0.7,0.11,84,16.5,113.0,11.1,108.0
2024-07-17T18:00,25.2,0.0,0.08,85,6.9,111.0,140.0,79.0
2024-07-17T19:00,24.3,0.0,0.02,89,6.3,9.0,0.0,9.0
2024-07-17T20:00,24.1,0.1,0.02,88,13.9,0.0,0.0,0.0
2024-07-17T21:00,23.2,0.2,0.01,91,12.8,0.0,0.0,0.0
2024-07-17T22:00,22.8,0.5,0.01,94,12.6,0.0,0.0,0.0
2024-07-17T23:00,22.6,1.9,0.0,96,12.0,0.0,0.0,0.0
2024-07-18T00:00,22.5,3.3,0.0,97,9.5,0.0,0.0,0.0
2024-07-18T01:00,22.6,2.0,0.0,97,10.2,0.0,0.0,0.0
2024-07-18T02:00,22.7,2.5,0.0,96,13.2,0.0,0.0,0.0
2024-07-18T03:00,22.6,3.5,0.01,96,15.5,0.0,0.0,0.0
2024-07-18T04:00,22.5,6.2,0.01,95,13.4,0.0,0.0,0.0
2024-07-18T05:00,22.5,9.7,0.01,95,14.5,0.0,0.0,0.0
2024-07-18T06:00,22.9,1.8,0.02,96,11.8,3.0,0.0,3.0
2024-07-18T07:00,23.2,1.2,0.04,95,11.8,33.0,0.0,33.0
2024-07-18T08:00,23.5,0.5,0.06,95,12.5,75.0,6.7,72.0
2024-07-18T09:00,24.1,0.2,0.11,90,16.5,148.0,15.4,138.0
2024-07-18T10:00,25.2,0.3,0.21,86,18.7,297.0,43.0,262.0
2024-07-18T11:00,25.9,0.1,0.24,82,19.5,325.0,36.6,291.0
2024-07-18T12:00,27.0,0.0,0.33,77,20.5,450.0,50.6,400.0
2024-07-18T13:00,26.9,1.1,0.39,78,20.5,578.0,232.6,348.0
2024-07-18T14:00,26.0,2.4,0.34,81,20.3,515.0,267.9,266.0
2024-07-18T15:00,26.0,0.9,0.26,81,24.5,379.0,120.4,281.0
2024-07-18T16:00,25.1,0.5,0.12,86,19.9,130.0,7.7,125.0
2024-07-18T17:00,24.8,0.3,0.08,89,18.1,76.0,0.0,76.0
2024-07-18T18:00,25.1,0.8,0.09,85,13.4,104.0,114.0,78.0
2024-07-18T19:00,23.3,1.6,0.02,93,15.2,7.0,0.0,7.0
2024-07-18T20:00,23.4,0.7,0.01,92,13.7,0.0,0.0,0.0
2024-07-18T21:00,23.6,0.0,0.02,91,14.8,0.0,0.0,0.0
2024-07-18T22:00,23.3,0.0,0.01,92,15.2,0.0,0.0,0.0
2024-07-18T23:00,23.2,0.1,0.01,93,15.3,0.0,0.0,0.0
2024-07-19T00:00,22.8,0.4,0.01,94,17.0,0.0,0.0,0.0
2024-07-19T01:00,22.8,0.1,0.01,94,16.3,0.0,0.0,0.0
2024-07-19T02:00,22.8,0.2,0.01,94,11.8,0.0,0.0,0.0
2024-07-19T03:00,22.8,0.5,0.01,95,16.1,0.0,0.0,0.0
2024-07-19T04:00,22.8,0.6,0.01,95,16.3,0.0,0.0,0.0
2024-07-19T05:00,22.8,0.2,0.01,95,14.5,0.0,0.0,0.0
2024-07-19T06:00,22.4,1.4,0.02,95,14.2,1.0,0.0,1.0
2024-07-19T07:00,22.6,0.9,0.04,95,12.0,32.0,0.0,32.0
2024-07-19T08:00,24.2,0.4,0.15,87,13.5,224.0,111.1,174.0
2024-07-19T09:00,24.7,0.1,0.17,85,17.4,237.0,7.7,232.0
2024-07-19T10:00,26.1,0.1,0.31,78,20.2,452.0,202.8,287.0
2024-07-19T11:00,27.6,0.1,0.46,74,19.8,671.0,347.7,348.0
2024-07-19T12:00,26.6,1.0,0.46,75,24.9,704.0,324.6,383.0
2024-07-19T13:00,26.9,0.1,0.36,78,22.2,519.0,188.0,333.0
2024-07-19T14:00,26.3,2.1,0.26,77,22.8,324.0,59.2,269.0
2024-07-19T15:00,25.1,2.1,0.13,90,19.1,179.0,6.1,174.0
2024-07-19T16:00,25.5,0.4,0.15,85,21.5,187.0,50.7,154.0
2024-07-19T17:00,25.7,0.1,0.16,82,17.8,202.0,53.2,178.0
2024-07-19T18:00,24.1,0.4,0.06,88,16.6,40.0,0.0,40.0
2024-07-19T19:00,23.7,0.1,0.04,89,15.4,4.0,0.0,4.0
2024-07-19T20:00,23.3,0.7,0.02,91,15.5,0.0,0.0,0.0
2024-07-19T21:00,23.1,0.2,0.01,93,11.6,0.0,0.0,0.0
2024-07-19T22:00,23.2,0.1,0.01,92,13.2,0.0,0.0,0.0
2024-07-19T23:00,23.0,0.0,0.01,92,16.0,0.0,0.0,0.0
2024-07-20T00:00,22.9,0.0,0.02,92,16.4,0.0,0.0,0.0
2024-07-20T01:00,22.7,0.0,0.02,92,16.8,0.0,0.0,0.0
2024-07-20T02:00,22.8,0.0,0.02,92,17.2,0.0,0.0,0.0
2024-07-20T03:00,22.8,0.0,0.02,92,17.6,0.0,0.0,0.0
2024-07-20T04:00,22.9,0.0,0.02,91,17.9,0.0,0.0,0.0
2024-07-20T05:00,23.1,0.1,0.02,91,17.3,0.0,0.0,0.0
2024-07-20T06:00,23.0,0.1,0.03,91,17.0,3.0,0.0,3.0
2024-07-20T07:00,23.2,0.7,0.04,91,14.5,24.0,0.0,24.0
2024-07-20T08:00,23.2,1.6,0.05,93,14.1,45.0,0.0,45.0
2024-07-20T09:00,23.3,1.5,0.06,93,13.7,60.0,0.0,60.0
2024-07-20T10:00,23.5,1.7,0.07,93,15.5,81.0,0.0,81.0
2024-07-20T11:00,23.8,1.6,0.09,92,17.4,115.0,0.0,115.0
2024-07-20T12:00,23.9,2.0,0.09,92,16.9,101.0,0.0,101.0
2024-07-20T13:00,23.8,2.8,0.09,91,18.7,109.0,0.0,109.0
2024-07-20T14:00,24.4,2.2,0.12,90,16.7,151.0,0.0,151.0
2024-07-20T15:00,24.2,1.2,0.09,91,18.7,99.0,0.0,99.0
2024-07-20T16:00,24.3,0.8,0.12,90,23.0,159.0,1.5,158.0
2024-07-20T17:00,24.0,1.7,0.06,91,25.2,47.0,0.0,47.0
2024-07-20T18:00,23.3,0.8,0.05,91,16.8,31.0,0.0,31.0
2024-07-20T19:00,23.0,0.5,0.03,92,18.0,3.0,0.0,3.0
2024-07-20T20:00,22.9,2.0,0.02,92,18.6,0.0,0.0,0.0
2024-07-20T21:00,22.8,1.3,0.02,92,20.9,0.0,0.0,0.0
2024-07-20T22:00,22.6,0.9,0.02,92,20.7,0.0,0.0,0.0
2024-07-20T23:00,22.5,0.8,0.02,93,19.9,0.0,0.0,0.0
2024-07-21T00:00,22.4,0.7,0.01,93,19.7,0.0,0.0,0.0
2024-07-21T01:00,22.3,0.3,0.01,94,18.6,0.0,0.0,0.0
2024-07-21T02:00,22.3,0.2,0.01,94,19.8,0.0,0.0,0.0
2024-07-21T03:00,22.3,0.2,0.01,94,18.6,0.0,0.0,0.0
2024-07-21T04:00,22.4,0.1,0.01,93,16.6,0.0,0.0,0.0
2024-07-21T05:00,22.6,0.1,0.01,93,17.1,0.0,0.0,0.0
2024-07-21T06:00,22.4,0.0,0.02,93,11.5,7.0,0.0,7.0
2024-07-21T07:00,22.8,0.0,0.05,92,15.0,46.0,8.9,44.0
2024-07-21T08:00,23.8,0.0,0.12,87,18.2,162.0,26.8,150.0
2024-07-21T09:00,25.3,0.0,0.23,79,22.2,309.0,110.9,237.0
2024-07-21T10:00,26.3,0.1,0.3,73,25.4,392.0,98.4,312.0
2024-07-21T11:00,26.7,0.0,0.34,73,25.4,459.0,151.8,318.0
2024-07-21T12:00,26.1,0.1,0.27,76,24.4,347.0,22.2,325.0
2024-07-21T13:00,25.7,0.4,0.23,82,21.2,305.0,16.2,289.0
2024-07-21T14:00,26.2,0.3,0.27,77,22.1,365.0,25.8,341.0
2024-07-21T15:00,25.6,0.3,0.2,82,20.1,247.0,17.2,233.0
2024-07-21T16:00,24.9,1.1,0.13,88,20.6,167.0,10.8,160.0
2024-07-21T17:00,24.2,0.7,0.07,90,20.7,70.0,0.0,70.0
2024-07-21T18:00,23.7,0.1,0.05,90,16.2,34.0,0.0,34.0
2024-07-21T19:00,23.1,0.5,0.02,94,15.5,4.0,0.0,4.0
2024-07-21T20:00,23.0,0.3,0.01,94,15.6,0.0,0.0,0.0
2024-07-21T21:00,23.0,0.4,0.01,95,14.8,0.0,0.0,0.0
2024-07-21T22:00,23.2,0.7,0.01,93,15.1,0.0,0.0,0.0
2024-07-21T23:00,23.0,0.7,0.01,94,15.5,0.0,0.0,0.0
2024-07-22T00:00,22.8,1.4,0.01,94,16.6,0.0,0.0,0.0
2024-07-22T01:00,22.6,2.7,0.01,94,19.7,0.0,0.0,0.0
2024-07-22T02:00,22.5,2.8,0.01,93,18.8,0.0,0.0,0.0
2024-07-22T03:00,22.5,3.3,0.01,93,19.5,0.0,0.0,0.0
2024-07-22T04:00,22.5,4.1,0.01,93,19.2,0.0,0.0,0.0
2024-07-22T05:00,22.5,2.7,0.01,93,18.6,0.0,0.0,0.0
2024-07-22T06:00,22.4,0.7,0.02,94,14.8,5.0,0.0,5.0
2024-07-22T07:00,22.9,0.2,0.05,92,16.7,51.0,4.5,50.0
2024-07-22T08:00,24.0,0.0,0.13,86,20.4,164.0,49.1,142.0
2024-07-22T09:00,24.3,0.2,0.13,86,16.1,157.0,6.2,153.0
2024-07-22T10:00,24.5,0.5,0.13,86,17.1,158.0,0.0,158.0
2024-07-22T11:00,24.9,0.1,0.17,83,19.8,216.0,4.3,212.0
2024-07-22T12:00,25.1,0.2,0.21,82,22.0,275.0,12.1,263.0
2024-07-22T13:00,25.2,0.1,0.16,83,18.6,185.0,5.1,180.0
2024-07-22T14:00,26.1,0.1,0.27,78,26.3,370.0,50.5,323.0
2024-07-22T15:00,26.3,0.1,0.26,78,23.7,342.0,54.0,298.0
2024-07-22T16:00,25.8,0.1,0.22,79,25.1,286.0,73.8,238.0
2024-07-22T17:00,24.7,0.0,0.1,84,17.6,105.0,0.0,105.0
2024-07-22T18:00,23.9,0.2,0.06,88,19.5,27.0,8.9,25.0
2024-07-22T19:00,23.5,1.0,0.03,90,20.3,6.0,0.0,6.0
2024-07-22T20:00,23.2,0.7,0.02,92,16.9,0.0,0.0,0.0
2024-07-22T21:00,23.2,0.1,0.02,91,18.8,0.0,0.0,0.0
2024-07-22T22:00,23.2,0.1,0.02,91,17.1,0.0,0.0,0.0
2024-07-22T23:00,23.2,0.0,0.02,91,18.5,0.0,0.0,0.0
2024-07-23T00:00,23.2,0.3,0.02,91,17.8,0.0,0.0,0.0
2024-07-23T01:00,23.0,0.6,0.02,92,19.0,0.0,0.0,0.0
2024-07-23T02:00,23.0,1.6,0.02,92,21.7,0.0,0.0,0.0
2024-07-23T03:00,23.1,0.0,0.02,92,21.5,0.0,0.0,0.0
2024-07-23T04:00,23.1,0.5,0.02,91,19.2,0.0,0.0,0.0
2024-07-23T05:00,23.2,1.2,0.02,91,20.9,0.0,0.0,0.0
2024-07-23T06:00,23.0,0.1,0.03,92,15.5,4.0,0.0,4.0
2024-07-23T07:00,23.2,0.4,0.05,94,15.3,61.0,4.5,60.0
2024-07-23T08:00,24.1,0.2,0.12,88,19.7,152.0,13.4,146.0
2024-07-23T09:00,24.1,0.1,0.1,88,18.2,102.0,0.0,102.0
2024-07-23T10:00,24.7,0.2,0.16,85,18.8,210.0,2.5,208.0
2024-07-23T11:00,24.7,0.2,0.17,85,20.3,213.0,8.6,205.0
2024-07-23T12:00,25.4,0.2,0.19,83,19.1,244.0,2.0,242.0
2024-07-23T13:00,25.5,0.2,0.23,82,21.5,303.0,33.3,270.0
2024-07-23T14:00,25.5,0.1,0.2,81,22.0,239.0,15.1,225.0
2024-07-23T15:00,26.0,0.1,0.24,78,26.6,309.0,24.6,289.0
2024-07-23T16:00,25.4,0.1,0.16,81,20.5,178.0,20.0,165.0
2024-07-23T17:00,25.0,0.1,0.12,82,21.5,122.0,13.4,116.0
2024-07-23T18:00,23.5,0.5,0.04,92,18.6,23.0,0.0,23.0
2024-07-23T19:00,23.4,0.5,0.03,92,18.4,2.0,0.0,2.0
2024-07-23T20:00,23.3,0.3,0.02,91,19.0,0.0,0.0,0.0
2024-07-23T21:00,23.4,0.1,0.02,90,19.7,0.0,0.0,0.0
2024-07-23T22:00,23.4,0.1,0.02,90,20.8,0.0,0.0,0.0
2024-07-23T23:00,23.2,0.1,0.02,90,21.2,0.0,0.0,0.0
2024-07-24T00:00,22.9,0.3,0.02,91,21.9,0.0,0.0,0.0
2024-07-24T01:00,22.6,0.6,0.01,93,19.4,0.0,0.0,0.0
2024-07-24T02:00,22.6,2.0,0.01,93,18.1,0.0,0.0,0.0
2024-07-24T03:00,22.6,1.2,0.01,94,20.5,0.0,0.0,0.0
2024-07-24T04:00,22.5,1.8,0.01,93,19.7,0.0,0.0,0.0
2024-07-24T05:00,22.4,1.1,0.02,93,20.5,0.0,0.0,0.0
2024-07-24T06:00,22.3,0.8,0.02,95,15.3,3.0,0.0,3.0
2024-07-24T07:00,22.7,1.4,0.04,93,17.6,34.0,0.0,34.0
2024-07-24T08:00,22.9,1.3,0.06,93,16.6,72.0,0.0,72.0
2024-07-24T09:00,22.8,5.3,0.06,93,18.2,58.0,0.0,58.0
2024-07-24T10:00,22.8,2.3,0.06,93,20.1,62.0,0.0,62.0
2024-07-24T11:00,23.2,1.3,0.09,92,21.1,120.0,0.0,120.0
2024-07-24T12:00,23.6,1.0,0.12,91,21.6,165.0,1.0,164.0
2024-07-24T13:00,23.5,1.1,0.09,91,20.7,110.0,0.0,110.0
2024-07-24T14:00,24.0,1.0,0.12,90,19.1,163.0,1.1,162.0
2024-07-24T15:00,23.9,1.3,0.1,91,22.7,131.0,0.0,131.0
2024-07-24T16:00,23.8,2.0,0.09,91,21.9,112.0,0.0,112.0
2024-07-24T17:00,23.6,1.0,0.08,90,24.0,81.0,0.0,81.0
2024-07-24T18:00,23.3,0.8,0.04,92,16.6,27.0,0.0,27.0
2024-07-24T19:00,23.1,0.9,0.03,92,16.9,2.0,0.0,2.0
2024-07-24T20:00,22.9,0.9,0.01,93,16.9,0.0,0.0,0.0
2024-07-24T21:00,22.7,1.8,0.01,94,17.6,0.0,0.0,0.0
2024-07-24T22:00,22.6,1.8,0.01,94,19.8,0.0,0.0,0.0
2024-07-24T23:00,22.6,1.7,0.01,94,18.8,0.0,0.0,0.0
2024-07-25T00:00,22.5,1.5,0.01,94,18.0,0.0,0.0,0.0
2024-07-25T01:00,22.6,1.7,0.01,94,19.7,0.0,0.0,0.0
2024-07-25T02:00,22.6,1.4,0.02,93,21.1,0.0,0.0,0.0
2024-07-25T03:00,22.6,2.7,0.02,93,20.8,0.0,0.0,0.0
2024-07-25T04:00,22.5,1.5,0.02,93,21.1,0.0,0.0,0.0
2024-07-25T05:00,22.5,2.2,0.02,93,23.0,0.0,0.0,0.0
2024-07-25T06:00,22.6,3.0,0.03,93,17.4,2.0,0.0,2.0
2024-07-25T07:00,22.6,3.3,0.03,94,15.8,18.0,0.0,18.0
2024-07-25T08:00,22.8,3.3,0.05,94,16.1,49.0,0.0,49.0
2024-07-25T09:00,23.1,4.9,0.09,94,18.0,124.0,17.0,113.0
2024-07-25T10:00,23.1,5.5,0.07,93,16.4,86.0,12.3,76.0
2024-07-25T11:00,23.0,7.2,0.08,92,20.5,101.0,1.1,100.0
2024-07-25T12:00,23.3,3.5,0.11,91,21.6,141.0,1.0,140.0
2024-07-25T13:00,23.6,1.8,0.14,92,23.2,216.0,3.0,213.0
2024-07-25T14:00,23.5,2.0,0.09,91,23.6,108.0,0.0,108.0
2024-07-25T15:00,23.7,0.9,0.11,91,27.5,143.0,8.6,136.0
2024-07-25T16:00,23.6,0.6,0.1,90,28.8,124.0,6.2,120.0
2024-07-25T17:00,23.2,0.9,0.07,92,24.9,64.0,4.5,62.0
2024-07-25T18:00,23.1,0.1,0.06,90,19.0,48.0,0.0,48.0
2024-07-25T19:00,22.8,0.2,0.03,91,16.8,3.0,0.0,3.0
2024-07-25T20:00,22.5,0.6,0.01,93,17.9,0.0,0.0,0.0
2024-07-25T21:00,22.4,0.9,0.02,93,19.9,0.0,0.0,0.0
2024-07-25T22:00,22.3,0.6,0.03,90,21.6,0.0,0.0,0.0
2024-07-25T23:00,22.3,0.3,0.03,88,23.8,0.0,0.0,0.0
2024-07-26T00:00,22.1,0.2,0.03,88,23.9,0.0,0.0,0.0
2024-07-26T01:00,21.9,0.2,0.03,88,23.8,0.0,0.0,0.0
2024-07-26T02:00,21.7,0.1,0.03,87,23.2,0.0,0.0,0.0
2024-07-26T03:00,21.8,0.1,0.03,87,22.4,0.0,0.0,0.0
2024-07-26T04:00,22.1,0.0,0.04,87,22.7,0.0,0.0,0.0
2024-07-26T05:00,22.2,0.0,0.03,87,21.4,0.0,0.0,0.0
2024-07-26T06:00,22.2,0.0,0.04,86,21.1,5.0,0.0,5.0
2024-07-26T07:00,22.8,0.0,0.07,86,21.4,60.0,27.3,54.0
2024-07-26T08:00,24.1,0.0,0.17,81,20.6,222.0,211.4,128.0
2024-07-26T09:00,25.9,0.0,0.31,71,28.1,426.0,273.7,249.0
2024-07-26T10:00,27.3,0.0,0.42,63,32.8,543.0,280.8,315.0
2024-07-26T11:00,27.1,0.2,0.39,68,26.1,510.0,225.0,301.0
2024-07-26T12:00,26.3,0.1,0.33,74,25.3,442.0,53.6,389.0
2024-07-26T13:00,25.7,0.0,0.18,77,22.0,176.0,3.0,173.0
2024-07-26T14:00,27.1,0.0,0.31,75,21.6,407.0,139.8,277.0
2024-07-26T15:00,27.8,0.3,0.43,71,24.5,604.0,373.6,300.0
2024-07-26T16:00,26.2,0.0,0.21,77,22.6,236.0,43.1,208.0
2024-07-26T17:00,26.0,0.0,0.17,79,19.7,203.0,129.7,145.0
2024-07-26T18:00,24.4,0.0,0.08,82,20.8,29.0,4.5,28.0
2024-07-26T19:00,24.2,0.0,0.07,80,21.4,4.0,0.0,4.0
2024-07-26T20:00,23.9,0.0,0.05,81,21.0,0.0,0.0,0.0
2024-07-26T21:00,23.8,0.0,0.05,81,20.8,0.0,0.0,0.0
2024-07-26T22:00,23.5,0.0,0.04,83,20.4,0.0,0.0,0.0
2024-07-26T23:00,23.3,0.2,0.04,85,19.2,0.0,0.0,0.0
2024-07-27T00:00,23.2,0.2,0.03,87,19.9,0.0,0.0,0.0
2024-07-27T01:00,23.0,0.1,0.03,89,21.3,0.0,0.0,0.0
2024-07-27T02:00,23.0,0.0,0.03,89,20.3,0.0,0.0,0.0
2024-07-27T03:00,23.0,0.0,0.03,89,19.7,0.0,0.0,0.0
2024-07-27T04:00,22.9,0.0,0.03,88,19.9,0.0,0.0,0.0
2024-07-27T05:00,23.1,0.0,0.03,87,19.8,0.0,0.0,0.0
2024-07-27T06:00,23.0,0.1,0.05,85,18.1,4.0,0.0,4.0
2024-07-27T07:00,23.2,0.3,0.06,87,18.0,33.0,0.0,33.0
2024-07-27T08:00,23.9,0.1,0.11,85,22.8,110.0,2.3,109.0
2024-07-27T09:00,24.1,0.2,0.11,85,22.1,103.0,3.1,101.0
2024-07-27T10:00,24.3,0.2,0.12,86,17.9,135.0,0.0,135.0
2024-07-27T11:00,24.3,0.2,0.11,86,21.1,108.0,1.1,107.0
2024-07-27T12:00,25.0,0.6,0.17,84,22.4,201.0,2.0,199.0
2024-07-27T13:00,24.0,1.1,0.12,90,22.0,161.0,0.0,161.0
2024-07-27T14:00,24.4,0.6,0.14,87,23.1,180.0,5.4,175.0
2024-07-27T15:00,24.4,0.3,0.12,86,21.6,124.0,0.0,124.0
2024-07-27T16:00,24.3,0.3,0.09,87,22.1,86.0,0.0,86.0
2024-07-27T17:00,24.1,0.2,0.07,86,21.4,47.0,0.0,47.0
2024-07-27T18:00,23.6,0.2,0.05,89,13.8,23.0,0.0,23.0
2024-07-27T19:00,23.4,0.1,0.04,89,17.4,2.0,0.0,2.0
2024-07-27T20:00,23.3,0.1,0.02,90,17.4,0.0,0.0,0.0
2024-07-27T21:00,23.2,0.2,0.03,89,19.4,0.0,0.0,0.0
2024-07-27T22:00,22.7,0.3,0.02,92,17.9,0.0,0.0,0.0
2024-07-27T23:00,22.5,0.2,0.01,93,18.2,0.0,0.0,0.0
2024-07-28T00:00,22.6,0.1,0.02,92,19.0,0.0,0.0,0.0
2024-07-28T01:00,22.5,0.2,0.01,94,17.4,0.0,0.0,0.0
2024-07-28T02:00,22.5,0.3,0.01,94,18.1,0.0,0.0,0.0
2024-07-28T03:00,22.4,0.3,0.01,94,17.7,0.0,0.0,0.0
2024-07-28T04:00,22.4,0.3,0.01,94,17.8,0.0,0.0,0.0
2024-07-28T05:00,22.4,0.5,0.01,94,17.4,0.0,0.0,0.0
2024-07-28T06:00,22.5,1.5,0.03,93,18.0,2.0,0.0,2.0
2024-07-28T07:00,22.6,2.1,0.03,94,15.5,20.0,0.0,20.0
2024-07-28T08:00,23.2,3.1,0.08,93,18.2,106.0,6.8,103.0
2024-07-28T09:00,23.8,1.0,0.13,91,21.7,198.0,35.6,175.0
2024-07-28T10:00,23.8,0.4,0.11,89,20.3,138.0,1.2,137.0
2024-07-28T11:00,25.0,0.1,0.19,84,19.2,259.0,34.5,227.0
2024-07-28T12:00,25.7,0.0,0.23,78,23.1,291.0,14.1,277.0
2024-07-28T13:00,25.9,0.0,0.24,80,22.3,309.0,37.4,272.0
2024-07-28T14:00,26.6,0.0,0.25,75,23.5,298.0,38.7,262.0
2024-07-28T15:00,26.8,0.0,0.24,74,21.4,272.0,40.6,239.0
2024-07-28T16:00,26.6,0.0,0.21,75,22.6,234.0,61.7,194.0
2024-07-28T17:00,25.8,0.0,0.13,79,16.8,133.0,11.2,128.0
2024-07-28T18:00,25.2,0.0,0.09,79,15.0,81.0,31.8,74.0
2024-07-28T19:00,24.4,0.0,0.04,82,15.1,8.0,13.4,7.0
2024-07-28T20:00,23.8,0.0,0.03,85,15.5,0.0,0.0,0.0
2024-07-28T21:00,23.8,0.0,0.04,84,17.7,0.0,0.0,0.0
2024-07-28T22:00,23.5,0.0,0.03,87,17.7,0.0,0.0,0.0
2024-07-28T23:00,23.1,0.0,0.02,90,16.3,0.0,0.0,0.0
2024-07-29T00:00,23.0,0.0,0.02,90,16.4,0.0,0.0,0.0
2024-07-29T01:00,23.1,0.0,0.02,89,17.6,0.0,0.0,0.0
2024-07-29T02:00,23.0,0.0,0.02,89,16.9,0.0,0.0,0.0
2024-07-29T03:00,23.0,0.0,0.02,89,18.2,0.0,0.0,0.0
2024-07-29T04:00,22.9,0.0,0.02,90,16.1,0.0,0.0,0.0
2024-07-29T05:00,22.8,0.0,0.02,90,16.3,0.0,0.0,0.0
2024-07-29T06:00,23.0,0.0,0.03,90,14.0,3.0,0.0,3.0
2024-07-29T07:00,23.6,0.1,0.06,87,15.3,43.0,13.8,40.0
2024-07-29T08:00,24.2,0.0,0.1,85,12.9,115.0,4.5,113.0
2024-07-29T09:00,25.2,0.0,0.16,80,15.2,196.0,34.1,174.0
2024-07-29T10:00,25.3,0.2,0.18,79,17.3,203.0,8.6,196.0
2024-07-29T11:00,25.4,0.2,0.2,81,16.9,257.0,63.5,198.0
2024-07-29T12:00,25.7,0.1,0.26,80,20.3,359.0,40.4,319.0
2024-07-29T13:00,27.7,0.1,0.58,74,18.5,870.0,618.2,258.0
2024-07-29T14:00,28.6,0.0,0.48,68,21.7,646.0,402.3,272.0
2024-07-29T15:00,26.9,0.8,0.27,77,16.8,345.0,118.1,249.0
2024-07-29T16:00,27.0,0.1,0.28,72,18.4,355.0,211.6,218.0
2024-07-29T17:00,27.2,0.0,0.2,75,16.6,235.0,236.1,130.0
2024-07-29T18:00,26.0,0.0,0.1,77,10.6,102.0,187.6,61.0
2024-07-29T19:00,25.0,0.0,0.04,81,11.0,6.0,0.0,6.0
2024-07-29T20:00,24.2,0.0,0.02,85,8.7,0.0,0.0,0.0
2024-07-29T21:00,23.5,0.0,0.01,89,9.4,0.0,0.0,0.0
2024-07-29T22:00,23.4,0.0,0.01,91,8.9,0.0,0.0,0.0
2024-07-29T23:00,23.8,0.0,0.02,88,11.4,0.0,0.0,0.0
2024-07-30T00:00,23.8,0.0,0.02,88,13.6,0.0,0.0,0.0
2024-07-30T01:00,23.5,0.0,0.02,89,12.9,0.0,0.0,0.0
2024-07-30T02:00,23.2,0.0,0.01,91,11.8,0.0,0.0,0.0
2024-07-30T03:00,23.0,0.0,0.01,92,12.5,0.0,0.0,0.0
2024-07-30T04:00,22.8,0.0,0.01,92,12.5,0.0,0.0,0.0
2024-07-30T05:00,22.8,0.0,0.01,91,11.6,0.0,0.0,0.0
2024-07-30T06:00,22.6,0.0,0.01,93,13.5,7.0,0.0,7.0
2024-07-30T07:00,23.8,0.0,0.08,87,16.9,104.0,148.4,72.0
2024-07-30T08:00,25.1,0.0,0.17,80,17.9,227.0,108.6,179.0
2024-07-30T09:00,26.5,0.1,0.31,74,19.0,421.0,296.0,230.0
2024-07-30T10:00,27.0,0.1,0.29,72,17.9,352.0,87.5,281.0
2024-07-30T11:00,28.5,0.0,0.51,69,17.2,707.0,481.3,260.0
2024-07-30T12:00,29.4,0.0,0.63,67,17.9,881.0,652.8,235.0
2024-07-30T13:00,29.3,0.1,0.56,68,18.3,772.0,477.8,299.0
2024-07-30T14:00,28.9,0.5,0.51,67,19.7,703.0,435.7,298.0
2024-07-30T15:00,28.3,0.7,0.39,73,16.7,526.0,386.5,212.0
2024-07-30T16:00,28.7,0.0,0.4,68,19.8,524.0,576.7,151.0
2024-07-30T17:00,26.9,0.7,0.2,79,14.7,264.0,310.9,126.0
2024-07-30T18:00,25.9,0.0,0.1,82,11.8,115.0,156.4,81.0
2024-07-30T19:00,25.3,0.0,0.04,82,15.0,8.0,0.0,8.0
2024-07-30T20:00,24.3,0.0,0.02,86,13.2,0.0,0.0,0.0
2024-07-30T21:00,23.4,0.0,0.02,89,15.0,0.0,0.0,0.0
2024-07-30T22:00,23.2,0.1,0.01,91,12.6,0.0,0.0,0.0
2024-07-30T23:00,23.0,0.1,0.01,93,12.1,0.0,0.0,0.0
2024-07-31T00:00,22.8,0.0,0.01,93,10.3,0.0,0.0,0.0
2024-07-31T01:00,22.8,0.0,0.01,93,11.1,0.0,0.0,0.0
2024-07-31T02:00,22.9,0.0,0.01,93,12.6,0.0,0.0,0.0
2024-07-31T03:00,22.8,0.0,0.01,93,13.8,0.0,0.0,0.0
2024-07-31T04:00,22.9,0.0,0.01,92,13.7,0.0,0.0,0.0
2024-07-31T05:00,23.0,0.0,0.01,92,13.6,0.0,0.0,0.0
2024-07-31T06:00,22.8,0.0,0.02,92,11.5,6.0,0.0,6.0
2024-07-31T07:00,23.8,0.0,0.08,86,14.8,91.0,79.2,74.0
2024-07-31T08:00,24.4,0.0,0.12,85,15.5,150.0,0.0,150.0
2024-07-31T09:00,25.2,0.0,0.18,81,15.5,221.0,31.0,201.0
2024-07-31T10:00,26.3,0.2,0.28,77,17.3,372.0,90.0,299.0
2024-07-31T11:00,27.2,0.3,0.39,73,19.5,541.0,243.4,315.0
2024-07-31T12:00,28.1,0.2,0.46,72,18.7,637.0,205.1,434.0
2024-07-31T13:00,28.1,0.1,0.45,73,16.9,620.0,227.3,395.0
2024-07-31T14:00,29.0,0.1,0.42,69,19.2,549.0,207.7,356.0
2024-07-31T15:00,25.2,4.8,0.22,87,13.0,309.0,32.0,283.0
2024-07-31T16:00,27.1,0.1,0.26,80,15.5,349.0,157.9,247.0
2024-07-31T17:00,26.6,0.0,0.18,78,18.4,209.0,117.4,157.0
2024-07-31T18:00,25.2,0.2,0.08,83,15.5,78.0,50.9,67.0
2024-07-31T19:00,24.0,0.1,0.03,87,9.4,5.0,0.0,5.0
2024-07-31T20:00,23.4,0.2,0.01,92,13.6,0.0,0.0,0.0
2024-07-31T21:00,23.2,0.8,0.01,92,11.5,0.0,0.0,0.0
2024-07-31T22:00,23.1,0.1,0.01,93,10.2,0.0,0.0,0.0
2024-07-31T23:00,23.0,0.0,0.01,94,10.8,0.0,0.0,0.0
2024-08-01T00:00,23.2,0.0,0.01,93,14.1,0.0,0.0,0.0
2024-08-01T01:00,23.2,0.0,0.01,93,14.6,0.0,0.0,0.0
2024-08-01T02:00,22.9,0.0,0.01,94,14.5,0.0,0.0,0.0
2024-08-01T03:00,22.8,0.0,0.01,94,14.4,0.0,0.0,0.0
2024-08-01T04:00,22.8,0.0,0.01,93,14.0,0.0,0.0,0.0
2024-08-01T05:00,22.7,0.0,0.01,93,12.7,0.0,0.0,0.0
2024-08-01T06:00,22.9,0.0,0.02,92,12.2,3.0,0.0,3.0
2024-08-01T07:00,23.5,0.0,0.05,89,12.2,47.0,14.0,44.0
2024-08-01T08:00,24.3,0.0,0.11,84,17.6,115.0,20.4,106.0
2024-08-01T09:00,25.6,0.1,0.19,79,17.1,241.0,37.2,217.0
2024-08-01T10:00,27.0,0.0,0.34,75,17.6,460.0,231.8,272.0
2024-08-01T11:00,26.7,0.4,0.36,74,20.5,490.0,207.8,297.0
2024-08-01T12:00,26.5,1.0,0.32,77,19.7,443.0,144.5,300.0
2024-08-01T13:00,27.0,0.4,0.3,78,17.4,391.0,63.7,328.0
2024-08-01T14:00,25.9,1.8,0.29,80,19.6,405.0,106.6,306.0
2024-08-01T15:00,26.8,0.2,0.23,81,11.8,300.0,115.8,206.0
2024-08-01T16:00,24.2,6.1,0.16,91,22.4,259.0,60.4,220.0
2024-08-01T17:00,24.1,2.3,0.05,92,14.6,34.0,0.0,34.0
2024-08-01T18:00,23.8,0.4,0.04,92,12.2,39.0,0.0,39.0
2024-08-01T19:00,23.6,0.1,0.02,93,10.8,5.0,0.0,5.0
2024-08-01T20:00,23.5,0.1,0.01,93,12.4,0.0,0.0,0.0
2024-08-01T21:00,23.5,0.1,0.01,93,14.2,0.0,0.0,0.0
2024-08-01T22:00,23.5,0.1,0.01,91,14.5,0.0,0.0,0.0
2024-08-01T23:00,23.3,0.1,0.02,91,15.5,0.0,0.0,0.0
2024-08-02T00:00,23.1,0.1,0.01,92,15.2,0.0,0.0,0.0
2024-08-02T01:00,22.9,0.0,0.01,94,14.7,0.0,0.0,0.0
2024-08-02T02:00,22.7,0.0,0.01,94,16.3,0.0,0.0,0.0
2024-08-02T03:00,22.7,0.1,0.01,92,15.8,0.0,0.0,0.0
2024-08-02T04:00,22.6,0.1,0.01,92,16.3,0.0,0.0,0.0
2024-08-02T05:00,22.4,0.1,0.01,93,15.8,0.0,0.0,0.0
2024-08-02T06:00,22.6,0.0,0.02,93,13.5,5.0,0.0,5.0
2024-08-02T07:00,23.2,0.0,0.06,91,17.1,68.0,18.8,64.0
2024-08-02T08:00,24.5,0.0,0.16,84,20.8,219.0,106.7,172.0
2024-08-02T09:00,25.4,0.2,0.25,79,21.1,356.0,149.0,260.0
2024-08-02T10:00,23.9,1.6,0.22,89,23.0,363.0,148.0,243.0
2024-08-02T11:00,24.4,0.7,0.16,86,18.2,204.0,34.5,172.0
2024-08-02T12:00,24.9,0.6,0.23,86,17.2,337.0,44.5,293.0
2024-08-02T13:00,25.7,0.1,0.28,80,19.2,401.0,92.0,310.0
2024-08-02T14:00,26.2,0.1,0.3,78,21.5,418.0,52.8,369.0
2024-08-02T15:00,25.9,0.3,0.19,81,18.2,239.0,13.6,228.0
2024-08-02T16:00,23.5,3.4,0.09,93,17.6,117.0,3.1,115.0
2024-08-02T17:00,24.4,0.3,0.08,88,18.9,77.0,0.0,77.0
2024-08-02T18:00,24.2,0.1,0.07,88,16.1,82.0,32.8,75.0
2024-08-02T19:00,23.6,0.1,0.03,89,15.9,6.0,0.0,6.0
2024-08-02T20:00,23.3,0.0,0.02,90,14.3,0.0,0.0,0.0
2024-08-02T21:00,23.3,0.0,0.01,92,15.3,0.0,0.0,0.0
2024-08-02T22:00,23.3,0.0,0.02,91,17.4,0.0,0.0,0.0
2024-08-02T23:00,23.2,0.0,0.02,90,17.4,0.0,0.0,0.0
2024-08-03T00:00,22.8,0.0,0.02,91,16.1,0.0,0.0,0.0
2024-08-03T01:00,22.7,0.0,0.02,91,17.6,0.0,0.0,0.0
2024-08-03T02:00,22.6,0.0,0.02,91,17.8,0.0,0.0,0.0
2024-08-03T03:00,22.6,0.0,0.02,90,17.9,0.0,0.0,0.0
2024-08-03T04:00,22.5,0.0,0.02,90,17.4,0.0,0.0,0.0
2024-08-03T05:00,22.4,0.0,0.02,90,16.1,0.0,0.0,0.0
2024-08-03T06:00,22.6,0.0,0.03,88,15.3,5.0,0.0,5.0
2024-08-03T07:00,23.8,0.0,0.09,83,19.5,75.0,28.3,69.0
2024-08-03T08:00,24.2,0.1,0.13,82,21.8,153.0,25.0,142.0
2024-08-03T09:00,24.6,0.1,0.15,82,22.9,173.0,17.1,162.0
2024-08-03T10:00,25.5,0.1,0.22,78,24.2,262.0,16.0,249.0
2024-08-03T11:00,26.1,0.2,0.31,75,26.5,423.0,115.2,316.0
2024-08-03T12:00,25.6,0.2,0.24,80,20.9,325.0,33.3,292.0
2024-08-03T13:00,26.3,0.1,0.28,76,23.2,362.0,29.3,333.0
2024-08-03T14:00,26.1,0.1,0.21,79,14.0,251.0,23.7,229.0
2024-08-03T15:00,27.0,0.1,0.23,75,14.7,272.0,27.1,250.0
2024-08-03T16:00,26.2,0.1,0.19,79,14.0,228.0,63.7,187.0
2024-08-03T17:00,25.7,0.1,0.21,77,20.6,271.0,309.5,135.0
2024-08-03T18:00,25.0,0.0,0.09,80,16.0,74.0,28.4,68.0
2024-08-03T19:00,24.5,0.0,0.05,81,16.9,4.0,0.0,4.0
2024-08-03T20:00,24.1,0.0,0.04,83,16.9,0.0,0.0,0.0
2024-08-03T21:00,23.7,0.0,0.03,85,16.4,0.0,0.0,0.0
2024-08-03T22:00,23.7,0.0,0.03,85,15.5,0.0,0.0,0.0
2024-08-03T23:00,23.3,0.6,0.03,88,17.3,0.0,0.0,0.0
2024-08-04T00:00,22.7,0.8,0.02,90,17.5,0.0,0.0,0.0
2024-08-04T01:00,22.5,0.0,0.02,90,16.7,0.0,0.0,0.0
2024-08-04T02:00,22.4,0.1,0.02,90,17.0,0.0,0.0,0.0
2024-08-04T03:00,22.2,0.1,0.02,91,17.1,0.0,0.0,0.0
2024-08-04T04:00,22.2,0.1,0.02,91,16.3,0.0,0.0,0.0
2024-08-04T05:00,22.3,0.0,0.02,91,17.1,0.0,0.0,0.0
2024-08-04T06:00,22.5,0.0,0.03,92,16.3,3.0,0.0,3.0
2024-08-04T07:00,22.9,0.1,0.05,91,14.8,51.0,0.0,51.0
2024-08-04T08:00,24.1,0.1,0.12,86,18.7,158.0,47.8,137.0
2024-08-04T09:00,24.2,0.4,0.15,86,21.2,195.0,31.1,175.0
2024-08-04T10:00,24.6,0.5,0.19,86,18.2,269.0,12.3,259.0
2024-08-04T11:00,24.3,1.2,0.13,89,19.8,176.0,0.0,176.0
2024-08-04T12:00,24.0,3.0,0.13,92,18.0,188.0,0.0,188.0
2024-08-04T13:00,23.9,6.4,0.1,91,17.9,120.0,0.0,120.0
2024-08-04T14:00,24.1,2.1,0.1,92,16.2,119.0,0.0,119.0
2024-08-04T15:00,25.0,1.7,0.24,84,19.8,354.0,48.2,315.0
2024-08-04T16:00,23.9,1.5,0.13,90,18.1,181.0,12.4,173.0
2024-08-04T17:00,24.3,2.3,0.09,88,16.3,108.0,25.1,97.0
2024-08-04T18:00,23.6,0.4,0.04,92,11.7,21.0,0.0,21.0
2024-08-04T19:00,23.8,0.1,0.03,89,13.2,1.0,0.0,1.0
2024-08-04T20:00,23.6,0.0,0.02,88,14.7,0.0,0.0,0.0
2024-08-04T21:00,23.1,0.0,0.02,90,13.6,0.0,0.0,0.0
2024-08-04T22:00,22.7,0.0,0.01,92,11.0,0.0,0.0,0.0
2024-08-04T23:00,22.5,0.0,0.01,94,13.0,0.0,0.0,0.0
2024-08-05T00:00,22.3,0.0,0.01,93,14.5,0.0,0.0,0.0
2024-08-05T01:00,22.2,0.0,0.01,93,15.1,0.0,0.0,0.0
2024-08-05T02:00,22.0,0.0,0.01,94,15.8,0.0,0.0,0.0
2024-08-05T03:00,21.9,0.0,0.01,94,15.9,0.0,0.0,0.0
2024-08-05T04:00,21.8,0.0,0.01,94,14.9,0.0,0.0,0.0
2024-08-05T05:00,21.7,0.0,0.01,94,13.7,0.0,0.0,0.0
2024-08-05T06:00,22.3,0.0,0.02,92,15.4,6.0,0.0,6.0
2024-08-05T07:00,23.5,0.0,0.09,87,17.1,115.0,228.1,67.0
2024-08-05T08:00,24.8,0.1,0.18,80,20.0,234.0,196.0,148.0
2024-08-05T09:00,25.2,0.2,0.21,80,18.7,279.0,143.0,187.0
2024-08-05T10:00,26.1,0.1,0.27,75,19.3,344.0,81.4,278.0
2024-08-05T11:00,27.4,0.1,0.44,70,20.7,611.0,330.7,304.0
2024-08-05T12:00,28.3,0.1,0.52,66,21.0,721.0,432.6,293.0
2024-08-05T13:00,28.7,0.0,0.53,65,18.1,714.0,433.7,285.0
2024-08-05T14:00,29.1,0.0,0.53,65,16.1,712.0,507.7,241.0
2024-08-05T15:00,24.1,2.1,0.35,90,15.2,588.0,464.6,212.0
2024-08-05T16:00,26.6,0.3,0.27,83,8.8,378.0,225.9,233.0
2024-08-05T17:00,27.0,0.1,0.23,74,15.3,298.0,347.9,146.0
2024-08-05T18:00,24.7,0.1,0.08,86,11.6,92.0,124.8,66.0
2024-08-05T19:00,23.8,0.3,0.03,88,12.7,5.0,0.0,5.0
2024-08-05T20:00,23.5,0.0,0.01,90,11.6,0.0,0.0,0.0
2024-08-05T21:00,23.2,0.1,0.01,92,12.2,0.0,0.0,0.0
2024-08-05T22:00,23.0,0.8,0.01,93,15.5,0.0,0.0,0.0
2024-08-05T23:00,22.5,3.2,0.01,95,13.8,0.0,0.0,0.0
2024-08-06T00:00,22.4,0.5,0.0,96,13.2,0.0,0.0,0.0
2024-08-06T01:00,22.2,1.1,0.0,97,11.0,0.0,0.0,0.0
2024-08-06T02:00,22.3,1.0,0.0,96,10.8,0.0,0.0,0.0
2024-08-06T03:00,22.3,0.2,0.0,96,9.1,0.0,0.0,0.0
2024-08-06T04:00,22.3,0.5,0.0,96,12.0,0.0,0.0,0.0
2024-08-06T05:00,22.4,0.3,0.0,96,12.5,0.0,0.0,0.0
2024-08-06T06:00,22.5,0.0,0.01,95,10.0,6.0,0.0,6.0
2024-08-06T07:00,23.5,0.2,0.08,88,14.7,103.0,138.4,74.0
2024-08-06T08:00,24.0,0.1,0.14,87,17.3,202.0,123.2,148.0
2024-08-06T09:00,25.3,0.3,0.27,80,19.2,410.0,312.6,209.0
2024-08-06T10:00,26.5,0.2,0.44,75,20.6,661.0,477.7,274.0
2024-08-06T11:00,27.1,0.2,0.46,71,20.2,668.0,356.6,337.0
2024-08-06T12:00,27.4,0.0,0.48,69,20.3,671.0,264.8,409.0
2024-08-06T13:00,27.6,0.1,0.48,70,19.2,679.0,250.8,431.0
2024-08-06T14:00,27.9,0.1,0.49,71,17.3,690.0,399.0,320.0
2024-08-06T15:00,27.3,3.8,0.4,75,15.3,566.0,343.8,288.0
2024-08-06T16:00,27.2,0.1,0.21,74,13.8,248.0,53.1,214.0
2024-08-06T17:00,26.3,0.1,0.13,78,13.7,129.0,20.7,120.0
2024-08-06T18:00,24.5,1.1,0.08,84,15.2,84.0,58.1,72.0
2024-08-06T19:00,23.2,1.1,0.01,93,8.0,4.0,0.0,4.0
2024-08-06T20:00,23.4,0.3,0.01,93,9.8,0.0,0.0,0.0
2024-08-06T21:00,23.1,0.2,0.01,93,9.1,0.0,0.0,0.0
2024-08-06T22:00,22.9,0.2,0.01,93,10.9,0.0,0.0,0.0
2024-08-06T23:00,22.8,0.0,0.01,93,12.4,0.0,0.0,0.0
2024-08-07T00:00,22.6,0.0,0.01,93,13.3,0.0,0.0,0.0
2024-08-07T01:00,22.4,0.0,0.01,93,12.2,0.0,0.0,0.0
2024-08-07T02:00,22.2,0.0,0.01,94,12.2,0.0,0.0,0.0
2024-08-07T03:00,22.2,0.0,0.01,94,12.6,0.0,0.0,0.0
2024-08-07T04:00,22.3,0.0,0.01,94,11.6,0.0,0.0,0.0
2024-08-07T05:00,22.2,0.0,0.01,94,11.3,0.0,0.0,0.0
2024-08-07T06:00,22.3,0.2,0.02,93,11.3,1.0,0.0,1.0
2024-08-07T07:00,22.5,0.0,0.04,93,11.3,25.0,0.0,25.0
2024-08-07T08:00,23.5,0.0,0.09,88,13.7,115.0,4.6,113.0
2024-08-07T09:00,24.2,0.0,0.12,84,14.0,142.0,18.7,130.0
2024-08-07T10:00,25.2,0.1,0.23,79,15.8,299.0,54.3,255.0
2024-08-07T11:00,27.3,0.0,0.42,74,14.6,598.0,230.5,384.0
2024-08-07T12:00,28.3,0.0,0.42,68,12.9,549.0,183.0,368.0
2024-08-07T13:00,27.7,0.1,0.25,69,13.1,280.0,21.2,259.0
2024-08-07T14:00,26.9,0.5,0.32,73,10.5,415.0,143.5,282.0
2024-08-07T15:00,28.0,0.0,0.47,72,9.7,659.0,540.9,222.0
2024-08-07T16:00,25.1,1.1,0.28,82,12.5,412.0,384.5,166.0
2024-08-07T17:00,25.5,0.3,0.13,81,5.8,163.0,133.6,105.0
2024-08-07T18:00,24.6,0.3,0.06,85,8.7,66.0,9.8,64.0
2024-08-07T19:00,23.6,0.0,0.03,88,11.4,3.0,0.0,3.0
2024-08-07T20:00,23.0,0.1,0.01,90,11.2,0.0,0.0,0.0
2024-08-07T21:00,22.7,0.2,0.01,93,10.8,0.0,0.0,0.0
2024-08-07T22:00,22.6,0.1,0.01,94,11.0,0.0,0.0,0.0
2024-08-07T23:00,22.4,0.1,0.0,95,11.4,0.0,0.0,0.0
2024-08-08T00:00,22.4,0.0,0.01,95,12.6,0.0,0.0,0.0
2024-08-08T01:00,22.4,0.0,0.01,94,12.8,0.0,0.0,0.0
2024-08-08T02:00,22.4,0.0,0.01,94,13.0,0.0,0.0,0.0
2024-08-08T03:00,22.3,0.0,0.01,94,11.9,0.0,0.0,0.0
2024-08-08T04:00,22.1,0.0,0.01,93,12.2,0.0,0.0,0.0
2024-08-08T05:00,21.8,0.0,0.01,93,11.2,0.0,0.0,0.0
2024-08-08T06:00,21.8,0.0,0.01,93,10.8,7.0,0.0,7.0
2024-08-08T07:00,23.1,0.0,0.07,89,12.3,113.0,163.5,79.0
2024-08-08T08:00,24.8,0.0,0.21,81,14.3,314.0,391.2,143.0
2024-08-08T09:00,25.9,0.1,0.27,75,16.6,370.0,199.2,242.0
2024-08-08T10:00,26.5,0.1,0.27,72,15.6,324.0,70.4,267.0
2024-08-08T11:00,27.7,0.1,0.41,67,15.0,544.0,214.4,345.0
2024-08-08T12:00,28.7,0.2,0.59,64,15.0,820.0,484.3,341.0
2024-08-08T13:00,29.1,0.1,0.58,62,13.7,778.0,528.1,256.0
2024-08-08T14:00,28.8,0.1,0.53,63,13.5,706.0,427.5,310.0
2024-08-08T15:00,28.7,0.1,0.42,62,13.8,540.0,379.2,234.0
2024-08-08T16:00,28.1,0.0,0.32,64,12.3,387.0,267.8,216.0
2024-08-08T17:00,27.4,0.0,0.19,70,9.1,230.0,185.0,150.0
2024-08-08T18:00,25.3,0.0,0.07,80,3.9,94.0,108.5,72.0
2024-08-08T19:00,24.6,0.0,0.01,82,3.5,5.0,0.0,5.0
2024-08-08T20:00,23.5,0.0,0.0,89,5.2,0.0,0.0,0.0
2024-08-08T21:00,23.0,0.0,0.0,91,5.6,0.0,0.0,0.0
2024-08-08T22:00,22.9,0.0,0.0,89,4.3,0.0,0.0,0.0
2024-08-08T23:00,23.0,0.0,0.01,88,6.0,0.0,0.0,0.0
2024-08-09T00:00,23.2,0.0,0.01,87,5.3,0.0,0.0,0.0
2024-08-09T01:00,22.4,0.0,0.0,93,5.7,0.0,0.0,0.0
2024-08-09T02:00,22.6,0.0,0.01,93,9.8,0.0,0.0,0.0
2024-08-09T03:00,22.6,0.0,0.01,92,10.1,0.0,0.0,0.0
2024-08-09T04:00,22.4,0.0,0.01,91,9.5,0.0,0.0,0.0
2024-08-09T05:00,22.1,0.0,0.01,91,9.4,0.0,0.0,0.0
2024-08-09T06:00,22.2,0.0,0.01,93,10.1,6.0,14.7,5.0
2024-08-09T07:00,23.4,0.0,0.08,86,12.3,117.0,231.7,69.0
2024-08-09T08:00,24.7,0.0,0.18,80,10.9,259.0,231.3,158.0
2024-08-09T09:00,26.0,0.1,0.32,74,10.8,454.0,344.2,233.0
2024-08-09T10:00,27.4,0.1,0.48,68,11.5,674.0,522.4,251.0
2024-08-09T11:00,27.8,0.4,0.51,67,14.0,719.0,469.8,283.0
2024-08-09T12:00,28.0,0.4,0.54,67,14.6,756.0,496.5,265.0
2024-08-09T13:00,28.7,0.4,0.57,70,15.5,804.0,489.8,320.0
2024-08-09T14:00,28.4,0.5,0.51,66,17.7,695.0,460.1,269.0
2024-08-09T15:00,28.3,0.6,0.4,71,17.7,531.0,315.1,277.0
2024-08-09T16:00,26.7,1.3,0.23,78,11.6,291.0,117.7,216.0
2024-08-09T17:00,26.3,0.1,0.13,77,11.0,131.0,62.7,104.0
2024-08-09T18:00,25.1,0.0,0.09,79,10.2,104.0,189.2,66.0
2024-08-09T19:00,24.3,0.0,0.03,82,10.2,5.0,0.0,5.0
2024-08-09T20:00,23.7,0.0,0.02,85,9.1,0.0,0.0,0.0
2024-08-09T21:00,23.3,0.0,0.01,88,7.2,0.0,0.0,0.0
2024-08-09T22:00,22.8,0.0,0.0,92,5.4,0.0,0.0,0.0
2024-08-09T23:00,22.7,0.0,0.0,92,7.6,0.0,0.0,0.0
2024-08-10T00:00,22.4,0.0,0.01,92,9.3,0.0,0.0,0.0
2024-08-10T01:00,22.1,0.0,0.0,93,8.3,0.0,0.0,0.0
2024-08-10T02:00,21.8,0.0,0.0,94,8.7,0.0,0.0,0.0
2024-08-10T03:00,21.7,0.0,0.0,95,8.0,0.0,0.0,0.0
2024-08-10T04:00,21.5,0.0,0.0,95,9.0,0.0,0.0,0.0
2024-08-10T05:00,21.3,0.0,0.0,96,9.1,0.0,0.0,0.0
2024-08-10T06:00,21.9,0.0,0.01,93,8.8,6.0,14.8,5.0
2024-08-10T07:00,23.3,0.0,0.08,86,13.7,113.0,232.6,65.0
2024-08-10T08:00,24.7,0.0,0.21,80,14.3,310.0,392.1,139.0
2024-08-10T09:00,26.0,0.1,0.31,73,13.8,436.0,306.9,239.0
2024-08-10T10:00,27.3,0.1,0.47,69,13.4,670.0,563.2,214.0
2024-08-10T11:00,27.8,0.2,0.51,67,12.3,711.0,463.4,281.0
2024-08-10T12:00,29.1,0.2,0.64,62,11.9,873.0,658.5,222.0
2024-08-10T13:00,29.7,0.2,0.63,59,11.3,840.0,632.8,215.0
2024-08-10T14:00,29.5,0.1,0.55,59,13.4,719.0,499.4,257.0
2024-08-10T15:00,27.9,0.2,0.41,69,16.3,555.0,429.7,209.0
2024-08-10T16:00,28.1,0.2,0.33,71,13.1,440.0,419.7,173.0
2024-08-10T17:00,27.7,0.1,0.23,72,11.6,292.0,412.3,115.0
2024-08-10T18:00,26.1,0.0,0.09,75,8.0,105.0,241.4,57.0
2024-08-10T19:00,25.3,0.0,0.03,77,8.3,4.0,0.0,4.0
2024-08-10T20:00,24.9,0.0,0.04,79,12.3,0.0,0.0,0.0
2024-08-10T21:00,24.1,0.0,0.03,83,12.4,0.0,0.0,0.0
2024-08-10T22:00,23.7,0.0,0.02,86,12.0,0.0,0.0,0.0
2024-08-10T23:00,23.8,0.0,0.02,86,11.2,0.0,0.0,0.0
2024-08-11T00:00,23.5,0.0,0.01,87,10.1,0.0,0.0,0.0
2024-08-11T01:00,23.1,0.0,0.01,89,9.8,0.0,0.0,0.0
2024-08-11T02:00,22.6,0.0,0.01,92,9.9,0.0,0.0,0.0
2024-08-11T03:00,22.6,0.0,0.01,91,10.8,0.0,0.0,0.0
2024-08-11T04:00,22.5,0.0,0.01,91,8.6,0.0,0.0,0.0
2024-08-11T05:00,21.9,0.0,0.0,93,8.0,0.0,0.0,0.0
2024-08-11T06:00,21.5,0.0,0.0,94,7.5,6.0,0.0,6.0
2024-08-11T07:00,22.7,0.0,0.08,87,11.8,124.0,287.0,65.0
2024-08-11T08:00,24.3,0.0,0.2,79,15.7,299.0,365.0,140.0
2024-08-11T09:00,25.3,0.0,0.27,74,16.3,360.0,115.3,286.0
2024-08-11T10:00,26.4,0.0,0.33,72,13.8,445.0,114.9,352.0
2024-08-11T11:00,26.8,0.4,0.39,70,14.7,529.0,129.3,409.0
2024-08-11T12:00,27.9,0.4,0.57,66,15.4,799.0,546.3,259.0
2024-08-11T13:00,28.1,0.1,0.47,67,14.3,640.0,255.2,388.0
2024-08-11T14:00,28.4,0.3,0.47,69,13.4,633.0,339.6,319.0
2024-08-11T15:00,27.6,0.4,0.38,68,16.5,505.0,274.8,284.0
2024-08-11T16:00,27.7,0.0,0.29,70,12.9,360.0,256.8,197.0
2024-08-11T17:00,27.9,0.0,0.23,69,10.9,279.0,346.2,131.0
2024-08-11T18:00,26.4,0.0,0.1,74,10.4,108.0,203.3,68.0
2024-08-11T19:00,25.3,0.0,0.03,79,7.6,4.0,0.0,4.0
2024-08-11T20:00,24.3,0.0,0.01,86,4.8,0.0,0.0,0.0
2024-08-11T21:00,24.3,0.2,0.01,85,4.7,0.0,0.0,0.0
2024-08-11T22:00,24.1,0.1,0.01,86,5.5,0.0,0.0,0.0
2024-08-11T23:00,24.0,0.1,0.01,86,7.7,0.0,0.0,0.0
2024-08-12T00:00,23.3,0.0,0.01,90,6.0,0.0,0.0,0.0
2024-08-12T01:00,22.9,0.0,0.01,90,7.9,0.0,0.0,0.0
2024-08-12T02:00,22.5,0.0,0.0,92,7.2,0.0,0.0,0.0
2024-08-12T03:00,22.2,0.0,0.0,94,6.8,0.0,0.0,0.0
2024-08-12T04:00,21.8,0.0,0.0,96,5.5,0.0,0.0,0.0
2024-08-12T05:00,21.5,0.0,0.0,96,5.7,0.0,0.0,0.0
2024-08-12T06:00,22.2,0.0,0.0,94,7.4,6.0,0.0,6.0
2024-08-12T07:00,23.2,0.0,0.07,89,11.5,116.0,229.4,69.0
2024-08-12T08:00,24.6,0.0,0.2,81,13.8,299.0,353.9,145.0
2024-08-12T09:00,25.7,0.1,0.26,75,12.7,360.0,138.8,271.0
2024-08-12T10:00,26.9,0.2,0.43,70,11.5,599.0,386.8,286.0
2024-08-12T11:00,28.0,0.1,0.54,66,9.8,741.0,567.1,215.0
2024-08-12T12:00,29.0,0.1,0.62,62,10.5,848.0,616.3,239.0
2024-08-12T13:00,29.8,0.2,0.62,59,11.1,820.0,619.1,209.0
2024-08-12T14:00,29.7,0.2,0.53,59,13.1,691.0,481.7,246.0
2024-08-12T15:00,29.2,0.0,0.47,63,14.6,620.0,465.6,246.0
2024-08-12T16:00,28.5,0.1,0.35,66,15.3,436.0,353.7,212.0
2024-08-12T17:00,27.3,0.1,0.21,73,12.8,252.0,239.6,150.0
2024-08-12T18:00,26.3,0.0,0.08,77,5.5,104.0,236.4,58.0
2024-08-12T19:00,25.1,0.0,0.02,83,5.5,4.0,0.0,4.0
2024-08-12T20:00,24.8,0.0,0.01,84,7.1,0.0,0.0,0.0
2024-08-12T21:00,24.3,0.0,0.01,86,7.1,0.0,0.0,0.0
2024-08-12T22:00,23.6,0.0,0.0,90,4.6,0.0,0.0,0.0
2024-08-12T23:00,23.5,0.0,0.0,91,4.9,0.0,0.0,0.0
2024-08-13T00:00,23.2,0.0,0.0,92,5.2,0.0,0.0,0.0
2024-08-13T01:00,23.1,0.0,0.01,92,7.6,0.0,0.0,0.0
2024-08-13T02:00,22.8,0.0,0.01,92,7.9,0.0,0.0,0.0
2024-08-13T03:00,22.6,0.0,0.0,93,7.3,0.0,0.0,0.0
2024-08-13T04:00,22.5,0.0,0.0,94,6.3,0.0,0.0,0.0
2024-08-13T05:00,22.3,0.0,0.0,95,6.9,0.0,0.0,0.0
2024-08-13T06:00,23.4,0.0,0.02,89,8.0,3.0,0.0,3.0
2024-08-13T07:00,23.9,0.0,0.06,87,8.5,57.0,39.2,49.0
2024-08-13T08:00,24.7,0.0,0.12,83,8.7,152.0,36.8,136.0
2024-08-13T09:00,25.6,0.0,0.2,81,5.9,273.0,92.0,214.0
2024-08-13T10:00,26.7,0.0,0.33,77,5.4,455.0,185.4,305.0
2024-08-13T11:00,27.6,0.0,0.45,73,6.1,616.0,276.0,360.0
2024-08-13T12:00,28.6,0.0,0.57,70,5.9,777.0,435.3,347.0
2024-08-13T13:00,29.4,0.0,0.62,68,6.6,836.0,579.9,264.0
2024-08-13T14:00,29.4,0.1,0.52,66,5.7,694.0,470.1,260.0
2024-08-13T15:00,29.6,0.1,0.5,66,6.0,673.0,610.8,183.0
2024-08-13T16:00,29.2,0.0,0.36,68,7.6,474.0,506.4,154.0
2024-08-13T17:00,28.7,0.1,0.23,69,7.1,294.0,424.6,114.0
2024-08-13T18:00,28.3,0.0,0.07,72,1.1,106.0,259.9,56.0
2024-08-13T19:00,25.8,0.0,0.02,81,6.1,4.0,0.0,4.0
2024-08-13T20:00,25.0,0.0,0.01,85,6.6,0.0,0.0,0.0
2024-08-13T21:00,24.4,0.0,0.01,88,6.8,0.0,0.0,0.0
2024-08-13T22:00,24.5,0.0,0.01,87,4.9,0.0,0.0,0.0
2024-08-13T23:00,23.7,0.0,0.0,91,2.6,0.0,0.0,0.0
2024-08-14T00:00,23.4,0.0,0.0,92,2.9,0.0,0.0,0.0
2024-08-14T01:00,24.0,0.0,0.0,87,1.6,0.0,0.0,0.0
2024-08-14T02:00,23.8,0.0,0.0,89,2.5,0.0,0.0,0.0
2024-08-14T03:00,22.9,0.0,0.0,94,4.6,0.0,0.0,0.0
2024-08-14T04:00,23.4,0.0,0.0,90,1.5,0.0,0.0,0.0
2024-08-14T05:00,22.4,0.0,0.0,96,3.1,0.0,0.0,0.0
2024-08-14T06:00,23.3,0.0,0.0,92,4.1,5.0,15.2,4.0
2024-08-14T07:00,24.8,0.0,0.07,87,4.7,116.0,245.9,66.0
2024-08-14T08:00,26.1,0.0,0.2,82,6.1,290.0,327.1,148.0
2024-08-14T09:00,27.4,0.2,0.37,75,4.7,523.0,532.2,182.0
2024-08-14T10:00,28.3,0.2,0.49,70,2.7,667.0,572.4,204.0
2024-08-14T11:00,29.0,0.1,0.57,67,1.1,765.0,563.0,243.0
2024-08-14T12:00,29.8,0.1,0.61,64,1.8,804.0,575.1,236.0
2024-08-14T13:00,30.4,0.2,0.67,62,3.3,885.0,681.6,213.0
2024-08-14T14:00,30.2,0.0,0.51,63,0.8,677.0,384.9,322.0
2024-08-14T15:00,30.1,0.0,0.43,63,4.0,560.0,319.6,304.0
2024-08-14T16:00,28.9,0.3,0.19,68,1.6,243.0,30.1,224.0
2024-08-14T17:00,28.6,0.0,0.14,70,2.5,174.0,61.6,148.0
2024-08-14T18:00,25.7,0.0,0.05,88,2.8,77.0,31.6,71.0
2024-08-14T19:00,24.8,0.0,0.01,93,4.0,3.0,0.0,3.0
2024-08-14T20:00,24.6,0.0,0.0,94,4.8,0.0,0.0,0.0
2024-08-14T21:00,24.6,0.2,0.0,94,4.0,0.0,0.0,0.0
2024-08-14T22:00,24.8,0.0,0.0,92,3.6,0.0,0.0,0.0
2024-08-14T23:00,25.0,0.0,0.0,92,2.3,0.0,0.0,0.0
2024-08-15T00:00,24.2,0.0,0.0,96,2.2,0.0,0.0,0.0
2024-08-15T01:00,24.1,0.0,0.0,97,3.1,0.0,0.0,0.0
2024-08-15T02:00,23.9,0.2,0.0,96,4.8,0.0,0.0,0.0
2024-08-15T03:00,23.4,0.0,0.0,96,7.1,0.0,0.0,0.0
2024-08-15T04:00,23.2,0.0,0.0,93,4.3,0.0,0.0,0.0
2024-08-15T05:00,22.7,0.0,0.0,96,3.8,0.0,0.0,0.0
2024-08-15T06:00,23.3,0.0,0.01,94,4.7,4.0,0.0,4.0
2024-08-15T07:00,24.1,0.0,0.05,92,5.1,76.0,44.4,67.0
2024-08-15T08:00,25.3,0.0,0.16,88,5.4,235.0,214.4,142.0
2024-08-15T09:00,26.8,0.0,0.33,83,4.4,472.0,432.5,195.0
2024-08-15T10:00,28.3,0.0,0.5,75,2.9,691.0,591.1,213.0
2024-08-15T11:00,28.2,0.1,0.34,73,2.0,440.0,71.2,374.0
2024-08-15T12:00,28.4,0.2,0.3,72,3.6,386.0,46.6,340.0
2024-08-15T13:00,28.4,0.5,0.27,73,4.3,331.0,38.6,293.0
2024-08-15T14:00,27.2,1.9,0.3,77,6.7,397.0,138.9,269.0
2024-08-15T15:00,26.2,1.0,0.28,84,10.4,390.0,127.5,288.0
2024-08-15T16:00,26.3,0.3,0.21,85,2.2,293.0,79.5,243.0
2024-08-15T17:00,26.4,0.0,0.12,82,5.0,156.0,61.9,130.0
2024-08-15T18:00,26.1,0.4,0.04,84,1.6,53.0,42.6,45.0
2024-08-15T19:00,25.2,0.0,0.01,91,3.3,2.0,0.0,2.0
2024-08-15T20:00,24.9,0.0,0.0,93,4.3,0.0,0.0,0.0
2024-08-15T21:00,24.7,0.0,0.0,92,6.1,0.0,0.0,0.0
2024-08-15T22:00,24.4,0.0,0.0,93,5.4,0.0,0.0,0.0
2024-08-15T23:00,23.9,0.0,0.0,95,4.1,0.0,0.0,0.0
2024-08-16T00:00,23.4,0.0,0.0,97,4.9,0.0,0.0,0.0
2024-08-16T01:00,23.3,0.0,0.0,97,3.3,0.0,0.0,0.0
2024-08-16T02:00,23.2,0.0,0.0,98,3.9,0.0,0.0,0.0
2024-08-16T03:00,23.1,0.0,0.0,98,3.6,0.0,0.0,0.0
2024-08-16T04:00,23.0,0.0,0.0,98,4.5,0.0,0.0,0.0
2024-08-16T05:00,22.9,0.0,0.0,98,4.6,0.0,0.0,0.0
2024-08-16T06:00,23.8,0.0,0.0,96,4.0,5.0,0.0,5.0
2024-08-16T07:00,24.6,0.0,0.06,93,4.7,98.0,94.1,79.0
2024-08-16T08:00,25.9,0.0,0.19,86,5.8,284.0,279.3,163.0
2024-08-16T09:00,27.2,0.0,0.36,81,4.4,506.0,503.0,184.0
2024-08-16T10:00,28.2,0.0,0.46,76,3.7,628.0,445.3,268.0
2024-08-16T11:00,29.2,0.1,0.52,70,3.8,693.0,380.9,340.0
2024-08-16T12:00,28.9,0.1,0.32,69,5.6,392.0,59.8,333.0
2024-08-16T13:00,29.1,0.1,0.28,68,5.2,335.0,39.6,296.0
2024-08-16T14:00,28.1,1.0,0.2,72,3.2,243.0,35.8,210.0
2024-08-16T15:00,25.6,0.5,0.12,87,8.8,141.0,10.0,133.0
2024-08-16T16:00,25.2,1.6,0.11,88,3.1,140.0,11.2,133.0
2024-08-16T17:00,24.8,0.1,0.1,88,8.7,120.0,14.3,114.0
2024-08-16T18:00,24.8,0.1,0.04,90,2.5,47.0,0.0,47.0
2024-08-16T19:00,24.2,0.0,0.02,93,5.4,1.0,0.0,1.0
2024-08-16T20:00,23.9,0.1,0.0,94,3.6,0.0,0.0,0.0
2024-08-16T21:00,23.9,0.2,0.0,95,4.1,0.0,0.0,0.0
2024-08-16T22:00,23.6,0.2,0.0,96,3.4,0.0,0.0,0.0
2024-08-16T23:00,23.5,0.2,0.0,97,2.6,0.0,0.0,0.0
2024-08-17T00:00,23.3,0.1,0.0,97,3.7,0.0,0.0,0.0
2024-08-17T01:00,23.2,0.2,0.0,97,5.1,0.0,0.0,0.0
2024-08-17T02:00,23.2,0.2,0.0,98,2.9,0.0,0.0,0.0
2024-08-17T03:00,22.9,0.1,0.0,98,2.9,0.0,0.0,0.0
2024-08-17T04:00,22.8,1.2,0.0,96,10.5,0.0,0.0,0.0
2024-08-17T05:00,23.1,0.5,0.0,95,2.7,0.0,0.0,0.0
2024-08-17T06:00,22.9,0.1,0.01,96,5.7,3.0,0.0,3.0
2024-08-17T07:00,23.2,0.0,0.04,94,2.6,49.0,9.9,47.0
2024-08-17T08:00,24.1,0.0,0.12,89,4.4,166.0,71.6,135.0
2024-08-17T09:00,25.2,0.2,0.24,84,5.0,336.0,112.5,264.0
2024-08-17T10:00,26.8,0.3,0.45,79,4.3,634.0,517.2,216.0
2024-08-17T11:00,28.1,0.1,0.59,76,3.4,813.0,669.2,193.0
2024-08-17T12:00,28.4,0.1,0.45,72,4.2,606.0,252.4,357.0
2024-08-17T13:00,28.5,0.0,0.26,71,4.3,322.0,6.1,316.0
2024-08-17T14:00,24.1,5.8,0.29,91,14.7,474.0,157.7,329.0
2024-08-17T15:00,25.1,0.2,0.16,87,5.4,217.0,26.3,196.0
2024-08-17T16:00,26.2,0.1,0.22,82,4.9,310.0,167.8,205.0
2024-08-17T17:00,26.5,0.0,0.14,81,3.4,191.0,168.2,121.0
2024-08-17T18:00,25.5,2.5,0.06,85,2.4,79.0,142.0,53.0
2024-08-17T19:00,24.6,0.0,0.01,92,3.9,2.0,0.0,2.0
2024-08-17T20:00,24.7,0.0,0.0,91,1.8,0.0,0.0,0.0
2024-08-17T21:00,23.9,0.0,0.0,96,2.9,0.0,0.0,0.0
2024-08-17T22:00,23.9,0.0,0.0,96,3.2,0.0,0.0,0.0
2024-08-17T23:00,23.8,0.0,0.0,96,0.4,0.0,0.0,0.0
2024-08-18T00:00,23.4,0.0,0.0,98,6.1,0.0,0.0,0.0
2024-08-18T01:00,23.2,0.9,0.0,98,1.9,0.0,0.0,0.0
2024-08-18T02:00,23.1,0.2,0.0,98,0.7,0.0,0.0,0.0
2024-08-18T03:00,22.7,2.0,0.0,99,7.1,0.0,0.0,0.0
2024-08-18T04:00,22.7,5.5,0.0,98,4.9,0.0,0.0,0.0
2024-08-18T05:00,22.8,1.8,0.0,98,6.2,0.0,0.0,0.0
2024-08-18T06:00,22.9,0.1,0.01,93,2.5,2.0,0.0,2.0
2024-08-18T07:00,23.4,0.0,0.05,91,5.0,65.0,20.0,61.0
2024-08-18T08:00,24.6,0.0,0.19,88,2.7,286.0,349.3,135.0
2024-08-18T09:00,26.3,0.0,0.33,80,4.9,471.0,380.0,228.0
2024-08-18T10:00,27.3,0.1,0.32,76,5.1,432.0,108.9,344.0
2024-08-18T11:00,27.9,0.0,0.35,73,5.7,455.0,77.7,383.0
2024-08-18T12:00,28.7,0.1,0.48,71,5.8,647.0,277.9,373.0
2024-08-18T13:00,29.2,0.0,0.49,69,4.7,642.0,234.9,411.0
2024-08-18T14:00,29.1,0.0,0.42,71,1.9,553.0,164.4,402.0
2024-08-18T15:00,29.2,0.0,0.39,71,2.2,523.0,237.4,334.0
2024-08-18T16:00,28.9,0.0,0.29,72,1.3,392.0,211.5,260.0
2024-08-18T17:00,27.0,0.5,0.14,80,1.3,187.0,33.8,173.0
2024-08-18T18:00,25.0,0.0,0.05,87,2.4,67.0,77.5,53.0
2024-08-18T19:00,24.6,0.0,0.0,91,1.8,2.0,0.0,2.0
2024-08-18T20:00,24.3,0.0,0.0,92,5.2,0.0,0.0,0.0
2024-08-18T21:00,24.1,0.0,0.0,94,5.3,0.0,0.0,0.0
2024-08-18T22:00,23.8,0.0,0.0,96,4.1,0.0,0.0,0.0
2024-08-18T23:00,23.3,0.0,0.0,98,4.6,0.0,0.0,0.0
2024-08-19T00:00,23.6,0.0,0.0,96,2.9,0.0,0.0,0.0
2024-08-19T01:00,23.0,0.0,0.0,98,2.5,0.0,0.0,0.0
2024-08-19T02:00,22.3,0.0,0.0,100,5.0,0.0,0.0,0.0
2024-08-19T03:00,22.5,0.0,0.0,99,3.9,0.0,0.0,0.0
2024-08-19T04:00,22.6,0.0,0.0,99,3.4,0.0,0.0,0.0
2024-08-19T05:00,22.5,0.0,0.0,100,4.2,0.0,0.0,0.0
2024-08-19T06:00,23.3,0.0,0.0,96,4.3,4.0,0.0,4.0
2024-08-19T07:00,24.2,0.0,0.07,92,2.6,113.0,220.2,69.0
2024-08-19T08:00,25.5,0.0,0.19,87,0.4,284.0,305.6,152.0
2024-08-19T09:00,26.6,0.0,0.38,83,0.4,530.0,572.6,164.0
2024-08-19T10:00,27.6,0.1,0.45,79,4.4,626.0,480.3,238.0
2024-08-19T11:00,28.6,0.1,0.5,74,1.5,672.0,382.3,318.0
2024-08-19T12:00,28.6,0.1,0.39,73,1.1,510.0,85.2,426.0
2024-08-19T13:00,29.0,0.2,0.4,72,4.3,519.0,114.0,407.0
2024-08-19T14:00,28.8,0.2,0.36,73,1.8,464.0,172.2,306.0
2024-08-19T15:00,28.0,1.8,0.21,75,7.1,247.0,69.2,192.0
2024-08-19T16:00,24.6,3.7,0.08,92,6.2,88.0,4.8,85.0
2024-08-19T17:00,24.3,1.0,0.07,94,3.9,84.0,2.4,83.0
2024-08-19T18:00,24.1,9.0,0.02,93,1.5,17.0,0.0,17.0
2024-08-19T19:00,23.7,11.5,0.01,96,4.4,0.0,0.0,0.0
2024-08-19T20:00,23.3,13.4,0.0,96,5.2,0.0,0.0,0.0
2024-08-19T21:00,23.1,8.0,0.0,96,5.0,0.0,0.0,0.0
2024-08-19T22:00,23.2,8.3,0.0,97,5.1,0.0,0.0,0.0
2024-08-19T23:00,23.2,3.8,0.0,97,1.4,0.0,0.0,0.0
2024-08-20T00:00,23.0,0.4,0.0,98,5.0,0.0,0.0,0.0
2024-08-20T01:00,22.9,0.0,0.0,98,2.6,0.0,0.0,0.0
2024-08-20T02:00,22.4,0.0,0.0,99,4.1,0.0,0.0,0.0
2024-08-20T03:00,22.0,0.0,0.0,99,3.9,0.0,0.0,0.0
2024-08-20T04:00,22.7,0.0,0.0,98,3.3,0.0,0.0,0.0
2024-08-20T05:00,22.2,0.0,0.0,99,2.1,0.0,0.0,0.0
2024-08-20T06:00,22.4,0.0,0.0,98,4.0,4.0,0.0,4.0
2024-08-20T07:00,23.2,0.0,0.05,93,5.9,65.0,30.1,59.0
2024-08-20T08:00,23.8,0.0,0.09,89,8.2,106.0,4.6,104.0
2024-08-20T09:00,24.6,0.1,0.14,86,9.1,186.0,28.2,168.0
2024-08-20T10:00,25.6,0.1,0.24,80,8.0,327.0,63.2,276.0
2024-08-20T11:00,26.2,0.0,0.25,77,6.3,322.0,71.3,256.0
2024-08-20T12:00,26.8,0.0,0.31,75,5.4,415.0,116.7,300.0
2024-08-20T13:00,28.3,0.1,0.58,69,3.3,793.0,540.7,262.0
2024-08-20T14:00,28.7,0.1,0.46,67,6.0,615.0,319.6,322.0
2024-08-20T15:00,28.7,0.1,0.36,67,6.8,472.0,248.3,275.0
2024-08-20T16:00,28.2,0.1,0.27,69,6.9,338.0,172.5,231.0
2024-08-20T17:00,27.3,0.1,0.17,73,7.8,212.0,170.8,142.0
2024-08-20T18:00,26.0,0.7,0.05,86,2.7,77.0,165.1,48.0
2024-08-20T19:00,25.1,0.1,0.01,90,4.2,2.0,0.0,2.0
2024-08-20T20:00,24.8,0.0,0.0,91,3.7,0.0,0.0,0.0
2024-08-20T21:00,24.2,0.2,0.0,95,3.8,0.0,0.0,0.0
2024-08-20T22:00,23.5,1.7,0.0,97,7.7,0.0,0.0,0.0
2024-08-20T23:00,23.3,1.6,0.0,97,6.8,0.0,0.0,0.0
2024-08-21T00:00,23.0,0.1,0.0,96,7.6,0.0,0.0,0.0
2024-08-21T01:00,22.7,0.1,0.0,97,6.0,0.0,0.0,0.0
2024-08-21T02:00,22.5,0.0,0.0,98,3.7,0.0,0.0,0.0
2024-08-21T03:00,22.2,0.0,0.0,98,3.7,0.0,0.0,0.0
2024-08-21T04:00,22.0,0.0,0.0,99,2.9,0.0,0.0,0.0
2024-08-21T05:00,22.2,0.0,0.0,98,1.8,0.0,0.0,0.0
2024-08-21T06:00,22.5,0.0,0.0,97,5.2,5.0,0.0,5.0
2024-08-21T07:00,23.9,0.0,0.07,92,5.3,111.0,216.7,68.0
2024-08-21T08:00,25.9,0.0,0.22,84,8.6,332.0,517.4,109.0
2024-08-21T09:00,27.5,0.1,0.37,74,12.2,530.0,579.4,160.0
2024-08-21T10:00,28.4,0.2,0.46,70,13.2,635.0,494.3,236.0
2024-08-21T11:00,29.5,0.2,0.6,66,11.6,816.0,635.5,228.0
2024-08-21T12:00,30.0,0.1,0.63,63,13.0,849.0,626.6,232.0
2024-08-21T13:00,30.3,0.1,0.61,64,12.6,821.0,592.0,240.0
2024-08-21T14:00,30.4,0.0,0.61,64,11.2,815.0,654.2,216.0
2024-08-21T15:00,29.6,0.3,0.49,70,11.0,666.0,586.0,202.0
2024-08-21T16:00,29.2,0.2,0.31,71,7.4,398.0,284.5,222.0
2024-08-21T17:00,29.0,0.0,0.21,71,7.6,260.0,309.2,134.0
2024-08-21T18:00,27.0,0.1,0.06,83,4.1,80.0,98.2,63.0
2024-08-21T19:00,26.1,0.0,0.01,86,5.6,2.0,0.0,2.0
2024-08-21T20:00,25.6,0.0,0.0,88,4.8,0.0,0.0,0.0
2024-08-21T21:00,25.0,0.0,0.0,92,4.3,0.0,0.0,0.0
2024-08-21T22:00,24.7,0.0,0.01,93,9.4,0.0,0.0,0.0
2024-08-21T23:00,24.1,1.0,0.01,94,13.2,0.0,0.0,0.0
2024-08-22T00:00,23.4,0.7,0.01,95,13.6,0.0,0.0,0.0
2024-08-22T01:00,22.9,0.0,0.0,96,11.0,0.0,0.0,0.0
2024-08-22T02:00,22.7,0.0,0.0,95,10.9,0.0,0.0,0.0
2024-08-22T03:00,22.4,0.0,0.0,96,6.4,0.0,0.0,0.0
2024-08-22T04:00,22.0,0.0,0.0,98,3.6,0.0,0.0,0.0
2024-08-22T05:00,21.9,0.0,0.0,98,3.9,0.0,0.0,0.0
2024-08-22T06:00,22.6,0.0,0.0,95,6.6,4.0,0.0,4.0
2024-08-22T07:00,23.6,0.0,0.07,89,8.2,98.0,121.3,74.0
2024-08-22T08:00,24.9,0.0,0.17,83,9.1,243.0,162.6,173.0
2024-08-22T09:00,26.0,0.1,0.27,79,12.4,374.0,142.6,283.0
2024-08-22T10:00,27.0,0.1,0.32,75,13.2,428.0,111.5,338.0
2024-08-22T11:00,27.3,0.3,0.37,75,14.7,505.0,171.9,346.0
2024-08-22T12:00,28.4,0.4,0.54,70,14.7,764.0,464.4,307.0
2024-08-22T13:00,29.3,0.1,0.63,66,14.1,870.0,656.8,226.0
2024-08-22T14:00,29.6,0.1,0.53,65,13.7,708.0,441.8,304.0
2024-08-22T15:00,29.5,0.1,0.46,64,15.8,602.0,501.1,206.0
2024-08-22T16:00,28.7,0.1,0.36,68,16.3,463.0,468.7,174.0
2024-08-22T17:00,28.2,0.0,0.2,71,12.4,236.0,204.9,153.0
2024-08-22T18:00,26.6,0.0,0.09,74,11.6,65.0,64.6,54.0
2024-08-22T19:00,26.0,0.0,0.05,75,11.1,1.0,0.0,1.0
2024-08-22T20:00,25.8,0.0,0.05,76,14.2,0.0,0.0,0.0
2024-08-22T21:00,25.1,0.0,0.04,78,14.5,0.0,0.0,0.0
2024-08-22T22:00,24.5,0.0,0.03,82,14.2,0.0,0.0,0.0
2024-08-22T23:00,24.3,0.0,0.03,84,16.0,0.0,0.0,0.0
2024-08-23T00:00,24.2,0.0,0.03,84,16.2,0.0,0.0,0.0
2024-08-23T01:00,23.9,0.0,0.03,85,17.1,0.0,0.0,0.0
2024-08-23T02:00,23.3,0.0,0.03,87,16.4,0.0,0.0,0.0
2024-08-23T03:00,23.1,0.0,0.03,88,16.6,0.0,0.0,0.0
2024-08-23T04:00,22.9,0.0,0.02,88,16.8,0.0,0.0,0.0
2024-08-23T05:00,22.9,0.0,0.02,88,16.7,0.0,0.0,0.0
2024-08-23T06:00,22.8,0.0,0.02,89,14.8,4.0,0.0,4.0
2024-08-23T07:00,23.7,0.0,0.08,85,18.7,78.0,45.6,69.0
2024-08-23T08:00,24.8,0.0,0.16,79,24.0,184.0,46.5,164.0
2024-08-23T09:00,25.7,0.0,0.22,76,23.1,269.0,43.9,241.0
2024-08-23T10:00,26.4,0.0,0.26,76,18.9,331.0,28.5,308.0
2024-08-23T11:00,26.9,0.0,0.28,75,18.9,357.0,32.5,327.0
2024-08-23T12:00,27.7,0.2,0.38,71,20.1,503.0,113.9,391.0
2024-08-23T13:00,28.1,0.0,0.4,68,19.2,521.0,140.9,383.0
2024-08-23T14:00,28.1,0.1,0.4,71,16.2,531.0,188.3,359.0
2024-08-23T15:00,27.0,3.9,0.31,79,12.4,424.0,194.0,271.0
2024-08-23T16:00,25.8,0.3,0.14,83,15.6,165.0,1.6,164.0
2024-08-23T17:00,24.9,0.6,0.13,85,15.8,161.0,74.5,131.0
2024-08-23T18:00,24.7,0.9,0.06,87,11.9,73.0,136.2,50.0
2024-08-23T19:00,24.2,0.2,0.02,90,12.3,1.0,0.0,1.0
2024-08-23T20:00,23.6,0.1,0.02,91,14.1,0.0,0.0,0.0
2024-08-23T21:00,23.0,0.4,0.01,95,11.5,0.0,0.0,0.0
2024-08-23T22:00,23.0,0.3,0.0,95,10.5,0.0,0.0,0.0
2024-08-23T23:00,23.0,0.3,0.0,94,10.7,0.0,0.0,0.0
2024-08-24T00:00,22.7,0.7,0.0,95,11.0,0.0,0.0,0.0
2024-08-24T01:00,23.0,0.4,0.01,95,12.3,0.0,0.0,0.0
2024-08-24T02:00,23.0,0.2,0.01,94,15.0,0.0,0.0,0.0
2024-08-24T03:00,22.8,0.2,0.01,94,15.8,0.0,0.0,0.0
2024-08-24T04:00,22.9,0.1,0.01,93,17.8,0.0,0.0,0.0
2024-08-24T05:00,22.7,0.1,0.01,94,18.2,0.0,0.0,0.0
2024-08-24T06:00,22.3,0.5,0.02,95,18.0,2.0,0.0,2.0
2024-08-24T07:00,22.6,0.4,0.04,94,17.8,35.0,0.0,35.0
2024-08-24T08:00,23.6,0.8,0.11,89,21.2,152.0,23.3,142.0
2024-08-24T09:00,24.1,0.4,0.16,86,19.7,214.0,11.0,207.0
2024-08-24T10:00,23.1,4.4,0.11,92,20.1,152.0,0.0,152.0
2024-08-24T11:00,23.5,2.1,0.1,92,18.0,139.0,0.0,139.0
2024-08-24T12:00,25.3,0.3,0.3,84,19.8,459.0,74.3,386.0
2024-08-24T13:00,26.6,0.2,0.42,76,22.6,627.0,204.4,427.0
2024-08-24T14:00,27.2,0.2,0.46,75,21.7,688.0,383.8,338.0
2024-08-24T15:00,25.9,1.3,0.26,80,20.2,354.0,123.2,257.0
2024-08-24T16:00,23.7,2.4,0.09,90,19.5,110.0,31.0,91.0
2024-08-24T17:00,23.1,2.4,0.04,94,18.1,35.0,0.0,35.0
2024-08-24T18:00,23.5,0.1,0.05,89,19.2,16.0,0.0,16.0
2024-08-24T19:00,23.1,0.1,0.03,90,20.2,0.0,0.0,0.0
2024-08-24T20:00,22.9,0.3,0.02,90,20.3,0.0,0.0,0.0
2024-08-24T21:00,22.6,1.0,0.02,93,18.7,0.0,0.0,0.0
2024-08-24T22:00,22.5,1.5,0.02,93,19.7,0.0,0.0,0.0
2024-08-24T23:00,22.4,1.1,0.01,93,20.3,0.0,0.0,0.0
2024-08-25T00:00,22.3,0.9,0.01,94,19.8,0.0,0.0,0.0
2024-08-25T01:00,22.0,2.1,0.01,94,19.4,0.0,0.0,0.0
2024-08-25T02:00,21.7,0.9,0.01,95,19.2,0.0,0.0,0.0
2024-08-25T03:00,21.6,0.3,0.01,95,18.6,0.0,0.0,0.0
2024-08-25T04:00,21.9,0.1,0.01,93,18.6,0.0,0.0,0.0
2024-08-25T05:00,22.0,0.0,0.01,93,18.0,0.0,0.0,0.0
2024-08-25T06:00,21.7,0.3,0.03,93,18.7,1.0,0.0,1.0
2024-08-25T07:00,21.9,0.1,0.04,93,17.4,23.0,0.0,23.0
2024-08-25T08:00,22.7,0.2,0.1,90,18.4,126.0,9.3,122.0
2024-08-25T09:00,22.9,2.1,0.14,92,17.8,220.0,26.7,203.0
2024-08-25T10:00,22.5,3.9,0.08,93,19.6,97.0,0.0,97.0
2024-08-25T11:00,23.0,0.9,0.11,91,20.9,153.0,1.1,152.0
2024-08-25T12:00,24.2,0.1,0.19,84,20.6,252.0,23.4,229.0
2024-08-25T13:00,24.9,0.9,0.24,83,16.7,336.0,35.8,301.0
2024-08-25T14:00,25.1,0.8,0.34,78,21.9,517.0,160.3,371.0
2024-08-25T15:00,24.2,0.5,0.13,85,20.5,157.0,0.0,157.0
2024-08-25T16:00,23.6,0.6,0.14,88,21.1,189.0,9.8,183.0
2024-08-25T17:00,23.1,0.6,0.08,92,16.8,105.0,7.5,102.0
2024-08-25T18:00,22.9,0.4,0.04,92,18.4,31.0,0.0,31.0
2024-08-25T19:00,22.8,0.3,0.03,92,18.0,0.0,0.0,0.0
2024-08-25T20:00,22.9,0.3,0.02,92,17.4,0.0,0.0,0.0
2024-08-25T21:00,22.6,0.4,0.02,92,17.9,0.0,0.0,0.0
2024-08-25T22:00,22.4,0.6,0.01,92,17.6,0.0,0.0,0.0
2024-08-25T23:00,22.5,0.3,0.01,92,15.7,0.0,0.0,0.0
2024-08-26T00:00,22.3,0.0,0.01,93,17.4,0.0,0.0,0.0
2024-08-26T01:00,21.9,0.0,0.01,93,17.3,0.0,0.0,0.0
2024-08-26T02:00,21.7,0.0,0.01,93,18.2,0.0,0.0,0.0
2024-08-26T03:00,21.7,0.0,0.01,93,18.4,0.0,0.0,0.0
2024-08-26T04:00,21.5,0.0,0.01,93,17.9,0.0,0.0,0.0
2024-08-26T05:00,21.4,0.0,0.01,93,17.3,0.0,0.0,0.0
2024-08-26T06:00,21.9,0.0,0.03,91,18.8,3.0,0.0,3.0
2024-08-26T07:00,22.9,0.0,0.08,85,22.4,83.0,128.0,58.0
2024-08-26T08:00,23.9,0.0,0.17,80,25.1,229.0,149.2,165.0
2024-08-26T09:00,24.9,0.0,0.27,76,25.6,388.0,164.8,283.0
2024-08-26T10:00,26.0,0.1,0.39,73,26.8,582.0,332.7,314.0
2024-08-26T11:00,27.0,0.1,0.46,69,24.5,666.0,398.7,298.0
2024-08-26T12:00,28.1,0.1,0.53,64,24.6,734.0,416.8,325.0
2024-08-26T13:00,28.5,0.1,0.57,63,24.9,784.0,488.4,307.0
2024-08-26T14:00,28.2,0.2,0.48,67,20.9,651.0,407.0,281.0
2024-08-26T15:00,27.4,0.4,0.43,70,20.1,604.0,525.9,192.0
2024-08-26T16:00,27.1,0.0,0.32,69,18.8,413.0,397.9,171.0
2024-08-26T17:00,25.0,0.5,0.15,78,16.5,179.0,162.0,115.0
2024-08-26T18:00,24.5,0.1,0.09,80,19.6,78.0,157.8,52.0
2024-08-26T19:00,23.6,0.1,0.03,84,14.0,1.0,0.0,1.0
2024-08-26T20:00,23.2,0.0,0.02,86,13.0,0.0,0.0,0.0
2024-08-26T21:00,23.1,0.0,0.02,87,15.1,0.0,0.0,0.0
2024-08-26T22:00,22.8,0.0,0.02,88,14.8,0.0,0.0,0.0
2024-08-26T23:00,22.5,0.0,0.02,90,15.3,0.0,0.0,0.0
2024-08-27T00:00,22.4,0.0,0.02,90,17.3,0.0,0.0,0.0
2024-08-27T01:00,22.1,0.0,0.02,90,16.5,0.0,0.0,0.0
2024-08-27T02:00,22.0,0.0,0.02,91,18.3,0.0,0.0,0.0
2024-08-27T03:00,21.8,0.0,0.02,91,18.9,0.0,0.0,0.0
2024-08-27T04:00,21.6,0.0,0.02,91,17.8,0.0,0.0,0.0
2024-08-27T05:00,21.5,0.0,0.01,92,17.6,0.0,0.0,0.0
2024-08-27T06:00,22.0,0.0,0.02,89,17.7,4.0,0.0,4.0
2024-08-27T07:00,23.2,0.0,0.08,84,18.6,64.0,0.0,64.0
2024-08-27T08:00,24.0,0.1,0.15,80,21.1,179.0,63.0,152.0
2024-08-27T09:00,25.1,0.2,0.24,77,21.1,326.0,119.4,250.0
2024-08-27T10:00,25.8,0.2,0.33,75,19.5,471.0,254.6,266.0
2024-08-27T11:00,27.0,0.3,0.48,69,21.0,685.0,460.7,260.0
2024-08-27T12:00,28.1,0.2,0.57,65,21.3,819.0,572.1,258.0
2024-08-27T13:00,28.5,0.2,0.58,67,18.5,816.0,619.1,212.0
2024-08-27T14:00,28.8,0.0,0.57,68,18.1,812.0,704.0,173.0
2024-08-27T15:00,25.6,3.5,0.33,82,17.3,504.0,364.6,219.0
2024-08-27T16:00,26.2,0.1,0.31,78,18.1,468.0,496.8,167.0
2024-08-27T17:00,25.4,0.1,0.17,81,15.1,226.0,308.3,105.0
2024-08-27T18:00,24.1,0.2,0.06,85,11.8,74.0,177.5,45.0
2024-08-27T19:00,23.4,0.4,0.02,89,13.0,1.0,0.0,1.0
2024-08-27T20:00,23.2,0.1,0.02,89,13.5,0.0,0.0,0.0
2024-08-27T21:00,23.1,0.0,0.02,89,12.9,0.0,0.0,0.0
2024-08-27T22:00,23.0,0.0,0.02,89,15.9,0.0,0.0,0.0
2024-08-27T23:00,22.7,0.0,0.02,89,16.5,0.0,0.0,0.0
2024-08-28T00:00,22.4,0.0,0.02,90,17.1,0.0,0.0,0.0
2024-08-28T01:00,22.0,0.0,0.01,92,17.1,0.0,0.0,0.0
2024-08-28T02:00,21.8,0.0,0.01,93,18.1,0.0,0.0,0.0
2024-08-28T03:00,21.7,0.0,0.01,93,19.1,0.0,0.0,0.0
2024-08-28T04:00,21.9,0.0,0.02,91,18.1,0.0,0.0,0.0
2024-08-28T05:00,21.7,0.0,0.01,92,16.8,0.0,0.0,0.0
2024-08-28T06:00,22.2,0.0,0.03,89,14.5,3.0,0.0,3.0
2024-08-28T07:00,22.9,0.0,0.06,86,17.8,52.0,15.4,49.0
2024-08-28T08:00,23.8,0.0,0.12,83,18.3,147.0,18.7,139.0
2024-08-28T09:00,25.0,0.1,0.23,77,23.8,302.0,99.0,239.0
2024-08-28T10:00,26.1,0.0,0.33,73,21.1,454.0,167.7,319.0
2024-08-28T11:00,27.4,0.1,0.47,69,21.4,664.0,361.2,331.0
2024-08-28T12:00,28.4,0.1,0.58,64,21.1,821.0,601.1,232.0
2024-08-28T13:00,29.2,0.1,0.63,60,22.2,864.0,672.2,209.0
2024-08-28T14:00,29.3,0.1,0.56,59,21.7,736.0,545.2,242.0
2024-08-28T15:00,29.0,0.0,0.48,62,19.8,624.0,551.5,194.0
2024-08-28T16:00,27.6,0.0,0.35,69,19.6,462.0,515.3,151.0
2024-08-28T17:00,26.7,0.6,0.17,76,10.8,206.0,272.0,100.0
2024-08-28T18:00,25.5,0.0,0.08,75,9.8,85.0,234.7,47.0
2024-08-28T19:00,24.8,0.0,0.02,77,10.0,1.0,0.0,1.0
2024-08-28T20:00,24.3,0.0,0.02,80,8.6,0.0,0.0,0.0
2024-08-28T21:00,24.1,0.0,0.03,80,10.0,0.0,0.0,0.0
2024-08-28T22:00,23.8,0.0,0.03,81,11.6,0.0,0.0,0.0
2024-08-28T23:00,23.1,0.0,0.03,83,13.7,0.0,0.0,0.0
2024-08-29T00:00,22.7,0.0,0.03,84,14.8,0.0,0.0,0.0
2024-08-29T01:00,22.3,0.0,0.02,88,14.4,0.0,0.0,0.0
2024-08-29T02:00,21.8,0.0,0.02,91,15.0,0.0,0.0,0.0
2024-08-29T03:00,21.5,0.0,0.01,92,14.1,0.0,0.0,0.0
2024-08-29T04:00,21.3,0.0,0.01,93,14.2,0.0,0.0,0.0
2024-08-29T05:00,21.3,0.0,0.01,93,13.0,0.0,0.0,0.0
2024-08-29T06:00,21.3,0.0,0.01,93,11.7,4.0,0.0,4.0
2024-08-29T07:00,22.7,0.0,0.07,87,15.5,98.0,154.9,68.0
2024-08-29T08:00,24.1,0.0,0.17,81,17.3,235.0,163.7,165.0
2024-08-29T09:00,25.8,0.1,0.28,74,15.9,390.0,234.3,241.0
2024-08-29T10:00,26.6,0.1,0.31,71,16.3,400.0,87.0,330.0
2024-08-29T11:00,27.7,0.1,0.46,67,16.2,636.0,323.4,338.0
2024-08-29T12:00,28.7,0.1,0.59,64,16.6,817.0,611.9,218.0
2024-08-29T13:00,29.1,0.0,0.58,64,15.2,798.0,548.7,264.0
2024-08-29T14:00,29.0,0.0,0.51,65,12.6,690.0,442.2,290.0
2024-08-29T15:00,29.2,0.0,0.49,66,13.4,659.0,643.0,159.0
2024-08-29T16:00,28.7,0.0,0.36,66,12.3,463.0,495.8,165.0
2024-08-29T17:00,26.9,0.1,0.18,74,6.5,238.0,317.9,115.0
2024-08-29T18:00,26.6,0.0,0.05,74,2.5,75.0,193.2,44.0
2024-08-29T19:00,24.8,0.0,0.02,84,4.2,0.0,0.0,0.0
2024-08-29T20:00,24.2,0.0,0.01,88,5.4,0.0,0.0,0.0
2024-08-29T21:00,23.8,0.0,0.01,88,6.2,0.0,0.0,0.0
2024-08-29T22:00,23.6,0.0,0.01,88,7.8,0.0,0.0,0.0
2024-08-29T23:00,23.3,0.0,0.01,89,8.5,0.0,0.0,0.0
2024-08-30T00:00,23.2,0.0,0.02,86,10.8,0.0,0.0,0.0
2024-08-30T01:00,23.1,0.0,0.02,85,10.4,0.0,0.0,0.0
2024-08-30T02:00,22.6,0.1,0.01,87,10.1,0.0,0.0,0.0
2024-08-30T03:00,22.7,0.0,0.01,88,10.1,0.0,0.0,0.0
2024-08-30T04:00,22.5,0.2,0.01,90,9.4,0.0,0.0,0.0
2024-08-30T05:00,22.2,0.1,0.0,93,7.2,0.0,0.0,0.0
2024-08-30T06:00,22.1,0.0,0.01,92,9.0,3.0,0.0,3.0
2024-08-30T07:00,23.0,0.0,0.07,87,12.3,79.0,134.6,53.0
2024-08-30T08:00,24.1,0.0,0.17,81,14.9,235.0,217.7,142.0
2024-08-30T09:00,25.3,0.0,0.24,75,14.8,324.0,138.4,236.0
2024-08-30T10:00,25.5,0.1,0.21,74,11.1,249.0,42.3,215.0
2024-08-30T11:00,26.2,0.0,0.27,70,10.8,343.0,101.0,250.0
2024-08-30T12:00,25.8,0.1,0.18,73,10.3,197.0,0.0,197.0
2024-08-30T13:00,26.3,0.1,0.28,75,12.4,367.0,32.9,335.0
2024-08-30T14:00,27.1,0.6,0.3,72,14.4,382.0,77.5,312.0
2024-08-30T15:00,27.5,0.4,0.28,70,12.2,348.0,68.3,295.0
2024-08-30T16:00,27.8,0.0,0.2,69,8.1,235.0,36.8,213.0
2024-08-30T17:00,26.2,0.0,0.06,79,4.7,41.0,0.0,41.0
2024-08-30T18:00,25.4,0.0,0.04,82,4.3,39.0,18.9,36.0
2024-08-30T19:00,24.0,0.0,0.02,89,3.2,0.0,0.0,0.0
2024-08-30T20:00,23.2,0.1,0.0,95,3.3,0.0,0.0,0.0
2024-08-30T21:00,23.5,0.0,0.01,90,6.2,0.0,0.0,0.0
2024-08-30T22:00,23.5,0.1,0.02,87,11.6,0.0,0.0,0.0
2024-08-30T23:00,22.4,2.0,0.01,91,10.9,0.0,0.0,0.0
2024-08-31T00:00,22.1,1.4,0.01,92,13.0,0.0,0.0,0.0
2024-08-31T01:00,21.9,0.3,0.01,94,14.8,0.0,0.0,0.0
2024-08-31T02:00,21.7,0.3,0.01,93,15.8,0.0,0.0,0.0
2024-08-31T03:00,21.5,0.2,0.01,93,12.9,0.0,0.0,0.0
2024-08-31T04:00,21.6,0.2,0.01,94,11.6,0.0,0.0,0.0
2024-08-31T05:00,21.7,0.2,0.0,95,11.2,0.0,0.0,0.0
2024-08-31T06:00,21.9,0.1,0.02,92,9.2,2.0,0.0,2.0
2024-08-31T07:00,22.7,0.1,0.06,88,12.0,65.0,20.8,61.0
2024-08-31T08:00,23.6,0.0,0.13,85,13.0,183.0,53.9,160.0
2024-08-31T09:00,24.2,0.0,0.16,80,15.5,200.0,4.7,197.0
2024-08-31T10:00,24.3,0.1,0.13,80,13.5,127.0,0.0,127.0
2024-08-31T11:00,25.1,0.0,0.2,76,15.8,242.0,40.2,205.0
2024-08-31T12:00,25.0,0.4,0.19,78,14.1,227.0,12.3,215.0
2024-08-31T13:00,26.1,0.2,0.34,74,18.0,465.0,79.3,388.0
2024-08-31T14:00,26.9,0.0,0.34,74,15.6,464.0,143.1,335.0
2024-08-31T15:00,26.5,0.8,0.31,72,16.8,411.0,89.2,342.0
2024-08-31T16:00,25.8,0.0,0.13,80,9.6,150.0,15.1,141.0
2024-08-31T17:00,24.5,0.5,0.09,83,16.4,83.0,18.4,76.0
2024-08-31T18:00,24.7,0.0,0.06,82,11.1,52.0,19.1,49.0
2024-08-31T19:00,24.0,0.0,0.03,84,9.6,0.0,0.0,0.0
2024-08-31T20:00,23.9,0.2,0.02,85,11.7,0.0,0.0,0.0
2024-08-31T21:00,24.1,0.0,0.02,85,12.1,0.0,0.0,0.0
2024-08-31T22:00,24.0,0.0,0.03,85,13.2,0.0,0.0,0.0
2024-08-31T23:00,24.1,0.0,0.03,84,15.6,0.0,0.0,0.0
2024-09-01T00:00,23.8,0.0,0.03,85,16.0,0.0,0.0,0.0
2024-09-01T01:00,23.6,0.2,0.03,86,17.8,0.0,0.0,0.0
2024-09-01T02:00,23.4,0.2,0.03,88,19.1,0.0,0.0,0.0
2024-09-01T03:00,23.1,0.1,0.02,89,19.2,0.0,0.0,0.0
2024-09-01T04:00,22.8,0.6,0.02,92,18.3,0.0,0.0,0.0
2024-09-01T05:00,22.5,1.0,0.02,92,18.2,0.0,0.0,0.0
2024-09-01T06:00,21.4,0.3,0.03,91,17.7,1.0,0.0,1.0
2024-09-01T07:00,21.4,1.6,0.04,91,16.7,17.0,0.0,17.0
2024-09-01T08:00,21.4,3.3,0.05,91,19.2,29.0,0.0,29.0
2024-09-01T09:00,21.4,3.0,0.05,91,21.2,33.0,0.0,33.0
2024-09-01T10:00,21.5,6.5,0.06,91,19.9,43.0,0.0,43.0
2024-09-01T11:00,21.6,13.8,0.06,91,21.5,52.0,0.0,52.0
2024-09-01T12:00,22.0,25.7,0.1,91,19.1,119.0,12.3,107.0
2024-09-01T13:00,22.3,9.9,0.09,92,15.8,119.0,3.1,116.0
2024-09-01T14:00,22.7,2.9,0.09,93,17.4,122.0,0.0,122.0
2024-09-01T15:00,23.0,3.5,0.09,92,23.5,124.0,2.6,122.0
2024-09-01T16:00,23.2,3.5,0.1,91,25.8,140.0,3.4,138.0
2024-09-01T17:00,23.4,0.2,0.07,89,25.1,48.0,0.0,48.0
2024-09-01T18:00,22.7,0.2,0.06,88,25.1,17.0,0.0,17.0
2024-09-01T19:00,22.1,3.7,0.03,92,20.6,0.0,0.0,0.0
2024-09-01T20:00,22.3,2.3,0.02,92,21.7,0.0,0.0,0.0
2024-09-01T21:00,22.4,1.1,0.02,92,21.1,0.0,0.0,0.0
2024-09-01T22:00,22.4,0.9,0.01,93,18.3,0.0,0.0,0.0
2024-09-01T23:00,22.7,1.8,0.02,92,21.3,0.0,0.0,0.0
2024-09-02T00:00,22.6,2.8,0.02,92,23.1,0.0,0.0,0.0
2024-09-02T01:00,22.4,4.3,0.02,92,25.3,0.0,0.0,0.0
2024-09-02T02:00,22.1,4.2,0.02,92,26.3,0.0,0.0,0.0
2024-09-02T03:00,21.9,4.6,0.02,92,26.0,0.0,0.0,0.0
2024-09-02T04:00,21.8,6.0,0.02,92,23.7,0.0,0.0,0.0
2024-09-02T05:00,21.8,5.4,0.02,92,22.5,0.0,0.0,0.0
2024-09-02T06:00,21.7,5.1,0.03,92,23.3,0.0,0.0,0.0
2024-09-02T07:00,21.8,7.6,0.03,92,18.7,5.0,0.0,5.0
2024-09-02T08:00,22.0,5.5,0.04,92,14.5,28.0,0.0,28.0
2024-09-02T09:00,22.4,3.4,0.07,92,17.7,84.0,0.0,84.0
2024-09-02T10:00,22.8,1.0,0.1,92,18.5,140.0,2.5,138.0
2024-09-02T11:00,23.4,0.9,0.17,90,21.1,263.0,14.2,250.0
2024-09-02T12:00,23.9,1.1,0.2,88,24.6,311.0,26.7,285.0
2024-09-02T13:00,24.2,0.6,0.2,86,26.1,293.0,33.1,261.0
2024-09-02T14:00,24.4,0.5,0.19,85,22.1,256.0,23.4,235.0
2024-09-02T15:00,24.3,0.1,0.12,85,19.4,133.0,7.8,127.0
2024-09-02T16:00,24.4,0.1,0.14,84,19.5,161.0,22.0,148.0
2024-09-02T17:00,23.8,0.2,0.08,85,20.9,49.0,0.0,49.0
2024-09-02T18:00,23.2,0.0,0.06,86,19.2,44.0,25.9,40.0
2024-09-02T19:00,22.9,0.0,0.04,87,18.1,0.0,0.0,0.0
2024-09-02T20:00,22.8,0.3,0.03,87,17.3,0.0,0.0,0.0
2024-09-02T21:00,22.7,0.0,0.02,89,18.0,0.0,0.0,0.0
2024-09-02T22:00,22.8,0.4,0.02,90,16.6,0.0,0.0,0.0
2024-09-02T23:00,22.5,1.1,0.01,94,15.5,0.0,0.0,0.0
2024-09-03T00:00,22.4,5.7,0.01,95,15.5,0.0,0.0,0.0
2024-09-03T01:00,22.4,0.2,0.01,95,17.3,0.0,0.0,0.0
2024-09-03T02:00,22.3,0.3,0.01,94,14.7,0.0,0.0,0.0
2024-09-03T03:00,22.3,0.0,0.01,93,13.8,0.0,0.0,0.0
2024-09-03T04:00,22.1,0.0,0.01,93,13.8,0.0,0.0,0.0
2024-09-03T05:00,22.1,0.0,0.01,94,13.7,0.0,0.0,0.0
2024-09-03T06:00,22.3,0.1,0.02,95,11.9,1.0,0.0,1.0
2024-09-03T07:00,22.5,0.6,0.03,95,16.6,31.0,0.0,31.0
2024-09-03T08:00,23.7,0.1,0.12,89,19.5,176.0,122.2,124.0
2024-09-03T09:00,24.3,0.1,0.16,86,18.7,219.0,41.0,193.0
2024-09-03T10:00,25.0,0.1,0.22,82,17.6,296.0,20.0,280.0
2024-09-03T11:00,25.4,0.1,0.24,79,20.1,320.0,58.8,266.0
2024-09-03T12:00,26.3,0.3,0.34,76,20.3,482.0,120.1,365.0
2024-09-03T13:00,26.8,0.1,0.34,76,16.7,464.0,143.8,325.0
2024-09-03T14:00,26.6,0.1,0.28,76,15.8,366.0,64.7,308.0
2024-09-03T15:00,26.5,0.0,0.23,75,15.6,282.0,56.1,239.0
2024-09-03T16:00,26.8,0.0,0.25,73,15.8,302.0,156.4,210.0
2024-09-03T17:00,26.4,0.0,0.16,76,12.1,188.0,214.9,108.0
2024-09-03T18:00,24.5,1.3,0.05,87,11.4,61.0,150.5,38.0
2024-09-03T19:00,23.7,0.9,0.02,92,8.7,0.0,0.0,0.0
2024-09-03T20:00,23.7,0.2,0.0,92,7.3,0.0,0.0,0.0
2024-09-03T21:00,23.5,0.3,0.01,93,11.9,0.0,0.0,0.0
2024-09-03T22:00,23.3,0.4,0.01,92,12.7,0.0,0.0,0.0
2024-09-03T23:00,23.3,0.1,0.01,92,12.6,0.0,0.0,0.0
2024-09-04T00:00,23.2,0.1,0.01,91,13.7,0.0,0.0,0.0
2024-09-04T01:00,22.5,2.1,0.01,95,11.9,0.0,0.0,0.0
2024-09-04T02:00,22.4,8.0,0.01,94,11.2,0.0,0.0,0.0
2024-09-04T03:00,22.5,1.4,0.01,94,13.0,0.0,0.0,0.0
2024-09-04T04:00,22.6,0.1,0.01,94,15.8,0.0,0.0,0.0
2024-09-04T05:00,22.5,0.1,0.01,94,14.1,0.0,0.0,0.0
2024-09-04T06:00,22.4,0.0,0.02,92,15.1,2.0,0.0,2.0
2024-09-04T07:00,22.8,0.0,0.05,91,15.4,56.0,21.0,52.0
2024-09-04T08:00,23.9,0.1,0.16,85,19.1,229.0,122.3,177.0
2024-09-04T09:00,24.9,0.1,0.22,79,18.8,310.0,118.4,235.0
2024-09-04T10:00,25.3,0.0,0.22,78,16.2,272.0,26.2,251.0
2024-09-04T11:00,25.7,0.0,0.23,76,16.7,287.0,28.4,261.0
2024-09-04T12:00,25.7,0.0,0.26,76,19.5,325.0,25.7,300.0
2024-09-04T13:00,26.2,0.0,0.31,77,17.0,431.0,76.7,357.0
2024-09-04T14:00,26.8,0.0,0.31,75,16.9,418.0,62.6,362.0
2024-09-04T15:00,27.6,0.0,0.36,70,17.7,481.0,196.2,331.0
2024-09-04T16:00,27.2,0.5,0.29,71,16.6,370.0,278.3,207.0
2024-09-04T17:00,26.4,0.0,0.13,75,12.9,132.0,86.7,100.0
2024-09-04T18:00,25.1,0.1,0.06,80,10.6,32.0,19.8,29.0
2024-09-04T19:00,24.1,0.1,0.03,86,7.6,0.0,0.0,0.0
2024-09-04T20:00,24.0,0.1,0.02,86,9.7,0.0,0.0,0.0
2024-09-04T21:00,23.0,3.6,0.01,91,14.5,0.0,0.0,0.0
2024-09-04T22:00,22.7,0.8,0.01,93,11.2,0.0,0.0,0.0
2024-09-04T23:00,22.7,0.0,0.01,93,12.7,0.0,0.0,0.0
2024-09-05T00:00,22.7,0.0,0.01,92,13.7,0.0,0.0,0.0
2024-09-05T01:00,22.4,0.0,0.01,93,13.3,0.0,0.0,0.0
2024-09-05T02:00,22.2,0.0,0.01,94,13.7,0.0,0.0,0.0
2024-09-05T03:00,22.0,0.0,0.0,95,13.0,0.0,0.0,0.0
2024-09-05T04:00,22.1,0.0,0.01,95,11.9,0.0,0.0,0.0
2024-09-05T05:00,22.3,0.0,0.01,94,12.6,0.0,0.0,0.0
2024-09-05T06:00,22.7,0.0,0.02,91,12.6,2.0,0.0,2.0
2024-09-05T07:00,23.5,0.0,0.07,87,14.8,88.0,110.6,67.0
2024-09-05T08:00,24.9,0.0,0.19,80,18.9,252.0,226.1,156.0
2024-09-05T09:00,26.2,0.1,0.3,74,18.6,422.0,319.2,220.0
2024-09-05T10:00,27.5,0.1,0.47,68,17.8,672.0,573.3,213.0
2024-09-05T11:00,28.4,0.1,0.56,65,17.2,781.0,637.5,197.0
2024-09-05T12:00,28.4,0.1,0.55,68,17.0,769.0,458.0,324.0
2024-09-05T13:00,27.0,0.6,0.43,73,18.2,604.0,348.7,268.0
2024-09-05T14:00,26.8,0.3,0.39,78,14.5,570.0,295.9,306.0
2024-09-05T15:00,27.6,0.2,0.43,74,16.3,629.0,565.4,198.0
2024-09-05T16:00,26.8,2.8,0.3,78,12.1,420.0,428.9,170.0
2024-09-05T17:00,25.7,1.0,0.12,85,10.4,153.0,120.1,109.0
2024-09-05T18:00,23.6,2.6,0.04,90,12.2,43.0,60.2,34.0
2024-09-05T19:00,23.1,0.9,0.02,94,9.1,0.0,0.0,0.0
2024-09-05T20:00,23.0,0.0,0.0,93,6.2,0.0,0.0,0.0
2024-09-05T21:00,23.1,0.0,0.01,93,9.8,0.0,0.0,0.0
2024-09-05T22:00,23.2,0.0,0.01,92,11.7,0.0,0.0,0.0
2024-09-05T23:00,23.0,0.0,0.01,92,14.3,0.0,0.0,0.0
2024-09-06T00:00,22.4,0.0,0.01,94,13.3,0.0,0.0,0.0
2024-09-06T01:00,22.1,0.0,0.01,94,12.6,0.0,0.0,0.0
2024-09-06T02:00,22.0,0.0,0.01,94,13.6,0.0,0.0,0.0
2024-09-06T03:00,22.0,0.0,0.01,93,14.0,0.0,0.0,0.0
2024-09-06T04:00,21.8,0.0,0.01,94,14.1,0.0,0.0,0.0
2024-09-06T05:00,21.9,0.0,0.01,93,12.8,0.0,0.0,0.0
2024-09-06T06:00,22.2,0.0,0.01,93,13.7,3.0,0.0,3.0
2024-09-06T07:00,23.4,0.0,0.08,88,15.9,111.0,285.3,57.0
2024-09-06T08:00,24.7,0.1,0.18,82,18.4,264.0,245.2,160.0
2024-09-06T09:00,26.1,0.1,0.3,75,17.6,429.0,409.6,170.0
2024-09-06T10:00,27.2,0.1,0.44,70,17.8,634.0,526.3,213.0
2024-09-06T11:00,27.8,0.1,0.42,67,17.7,556.0,194.5,378.0
2024-09-06T12:00,28.4,0.2,0.54,67,15.8,755.0,451.3,317.0
2024-09-06T13:00,27.8,1.7,0.33,72,13.3,421.0,59.3,364.0
2024-09-06T14:00,26.3,5.3,0.35,78,19.5,515.0,207.8,330.0
2024-09-06T15:00,25.3,4.4,0.18,85,8.0,238.0,14.5,227.0
2024-09-06T16:00,26.4,0.1,0.2,81,9.7,264.0,151.7,176.0
2024-09-06T17:00,25.4,3.1,0.14,85,10.5,193.0,179.0,128.0
2024-09-06T18:00,25.8,0.0,0.06,80,10.8,55.0,128.4,36.0
2024-09-06T19:00,24.8,0.4,0.04,83,9.0,0.0,0.0,0.0
2024-09-06T20:00,24.1,2.3,0.02,87,13.4,0.0,0.0,0.0
2024-09-06T21:00,23.4,0.1,0.01,91,9.8,0.0,0.0,0.0
2024-09-06T22:00,23.1,0.1,0.01,92,9.6,0.0,0.0,0.0
2024-09-06T23:00,22.8,0.3,0.0,94,6.7,0.0,0.0,0.0
2024-09-07T00:00,22.7,0.2,0.0,95,6.8,0.0,0.0,0.0
2024-09-07T01:00,22.6,0.1,0.0,95,9.7,0.0,0.0,0.0
2024-09-07T02:00,22.5,0.1,0.01,94,12.4,0.0,0.0,0.0
2024-09-07T03:00,22.1,0.0,0.0,95,12.0,0.0,0.0,0.0
2024-09-07T04:00,21.9,0.0,0.0,95,12.3,0.0,0.0,0.0
2024-09-07T05:00,21.7,0.0,0.0,95,11.3,0.0,0.0,0.0
2024-09-07T06:00,21.9,0.0,0.01,93,10.1,3.0,0.0,3.0
2024-09-07T07:00,22.8,0.0,0.07,89,14.3,90.0,143.1,63.0
2024-09-07T08:00,24.1,0.0,0.18,82,18.3,261.0,226.6,165.0
2024-09-07T09:00,25.5,0.1,0.3,75,18.5,421.0,303.9,229.0
2024-09-07T10:00,25.6,0.1,0.24,76,16.4,311.0,37.5,281.0
2024-09-07T11:00,25.7,2.0,0.33,78,15.6,466.0,137.8,340.0
2024-09-07T12:00,26.3,0.1,0.33,73,15.3,451.0,167.1,289.0
2024-09-07T13:00,26.2,0.1,0.19,75,13.2,210.0,7.3,203.0
2024-09-07T14:00,26.9,0.0,0.28,74,13.3,355.0,111.5,256.0
2024-09-07T15:00,28.1,0.1,0.44,71,14.4,612.0,549.2,196.0
2024-09-07T16:00,25.6,3.0,0.19,83,12.4,265.0,197.4,151.0
2024-09-07T17:00,24.9,0.1,0.08,88,9.8,80.0,36.1,67.0
2024-09-07T18:00,23.8,9.5,0.05,89,14.0,58.0,150.3,36.0
2024-09-07T19:00,23.2,5.1,0.01,92,7.4,0.0,0.0,0.0
2024-09-07T20:00,23.2,0.3,0.0,94,4.4,0.0,0.0,0.0
2024-09-07T21:00,22.9,1.3,0.0,94,4.4,0.0,0.0,0.0
2024-09-07T22:00,23.0,0.4,0.0,94,8.8,0.0,0.0,0.0
2024-09-07T23:00,22.8,0.3,0.01,94,10.8,0.0,0.0,0.0
2024-09-08T00:00,22.6,0.1,0.01,94,10.1,0.0,0.0,0.0
2024-09-08T01:00,22.4,0.0,0.01,94,11.9,0.0,0.0,0.0
2024-09-08T02:00,22.3,0.0,0.01,94,12.6,0.0,0.0,0.0
2024-09-08T03:00,22.1,0.0,0.01,94,12.2,0.0,0.0,0.0
2024-09-08T04:00,21.8,0.0,0.01,95,13.0,0.0,0.0,0.0
2024-09-08T05:00,21.7,0.0,0.0,95,12.3,0.0,0.0,0.0
2024-09-08T06:00,22.0,0.0,0.01,93,13.2,3.0,0.0,3.0
2024-09-08T07:00,23.0,0.0,0.06,89,15.3,81.0,101.0,62.0
2024-09-08T08:00,24.2,0.1,0.16,82,19.3,210.0,122.9,158.0
2024-09-08T09:00,25.2,0.1,0.25,76,20.0,339.0,125.2,260.0
2024-09-08T10:00,26.5,0.1,0.38,71,17.1,541.0,271.8,324.0
2024-09-08T11:00,27.1,0.1,0.41,71,13.8,569.0,261.7,330.0
2024-09-08T12:00,27.2,0.1,0.34,71,11.3,449.0,89.9,362.0
2024-09-08T13:00,28.3,0.1,0.5,67,11.6,675.0,356.8,333.0
2024-09-08T14:00,24.9,0.5,0.25,81,20.5,347.0,51.9,301.0
2024-09-08T15:00,25.0,0.3,0.22,85,10.7,310.0,117.9,221.0
2024-09-08T16:00,25.3,0.1,0.15,84,8.3,195.0,48.7,167.0
2024-09-08T17:00,25.4,0.0,0.1,85,8.0,117.0,19.6,110.0
2024-09-08T18:00,24.8,0.0,0.05,85,10.1,45.0,34.5,40.0
2024-09-08T19:00,24.2,0.0,0.02,87,10.8,0.0,0.0,0.0
2024-09-08T20:00,24.0,0.0,0.02,87,12.2,0.0,0.0,0.0
2024-09-08T21:00,23.8,0.0,0.02,86,12.6,0.0,0.0,0.0
2024-09-08T22:00,23.5,0.0,0.02,87,13.1,0.0,0.0,0.0
2024-09-08T23:00,23.4,0.1,0.02,89,12.4,0.0,0.0,0.0
2024-09-09T00:00,23.3,0.1,0.02,90,13.7,0.0,0.0,0.0
2024-09-09T01:00,23.1,0.0,0.02,90,13.7,0.0,0.0,0.0
2024-09-09T02:00,22.7,0.0,0.02,90,13.3,0.0,0.0,0.0
2024-09-09T03:00,22.5,0.0,0.02,90,13.8,0.0,0.0,0.0
2024-09-09T04:00,22.3,0.0,0.01,91,13.5,0.0,0.0,0.0
2024-09-09T05:00,22.0,0.0,0.01,91,12.7,0.0,0.0,0.0
2024-09-09T06:00,21.8,0.0,0.02,91,13.2,2.0,0.0,2.0
2024-09-09T07:00,22.7,0.0,0.07,86,15.1,93.0,117.4,71.0
2024-09-09T08:00,24.0,0.0,0.18,80,18.2,264.0,241.5,162.0
2024-09-09T09:00,25.3,0.0,0.29,75,17.6,411.0,277.5,236.0
2024-09-09T10:00,26.5,0.1,0.4,70,17.5,568.0,293.4,334.0
2024-09-09T11:00,26.8,0.0,0.37,68,15.7,487.0,99.8,396.0
2024-09-09T12:00,27.2,0.0,0.37,66,14.8,474.0,90.0,387.0
2024-09-09T13:00,27.5,0.0,0.39,66,13.2,496.0,92.0,408.0
2024-09-09T14:00,27.9,0.0,0.37,64,12.1,457.0,95.0,373.0
2024-09-09T15:00,27.4,0.0,0.27,66,13.1,313.0,55.8,271.0
2024-09-09T16:00,27.1,0.0,0.19,70,10.2,213.0,43.7,188.0
2024-09-09T17:00,26.2,0.0,0.14,74,13.7,134.0,22.6,126.0
2024-09-09T18:00,25.3,0.0,0.06,77,8.8,36.0,27.9,32.0
2024-09-09T19:00,24.7,0.0,0.04,79,15.3,0.0,0.0,0.0
2024-09-09T20:00,23.9,0.0,0.03,83,15.1,0.0,0.0,0.0
2024-09-09T21:00,23.7,0.0,0.03,84,14.3,0.0,0.0,0.0
2024-09-09T22:00,23.6,0.0,0.03,84,15.5,0.0,0.0,0.0
2024-09-09T23:00,23.4,0.1,0.03,85,14.1,0.0,0.0,0.0
2024-09-10T00:00,22.9,0.0,0.02,88,12.6,0.0,0.0,0.0
2024-09-10T01:00,22.8,0.0,0.02,89,14.6,0.0,0.0,0.0
2024-09-10T02:00,22.6,0.0,0.01,91,13.9,0.0,0.0,0.0
2024-09-10T03:00,22.6,0.1,0.01,92,15.5,0.0,0.0,0.0
2024-09-10T04:00,22.6,0.0,0.01,92,14.8,0.0,0.0,0.0
2024-09-10T05:00,22.4,0.0,0.01,92,14.0,0.0,0.0,0.0
2024-09-10T06:00,21.9,0.0,0.01,93,12.6,3.0,0.0,3.0
2024-09-10T07:00,22.9,0.0,0.07,88,18.4,100.0,219.4,59.0
2024-09-10T08:00,24.2,0.0,0.19,81,20.0,268.0,305.8,139.0
2024-09-10T09:00,25.6,0.1,0.32,74,16.7,452.0,404.8,197.0
2024-09-10T10:00,26.1,0.0,0.31,70,17.0,395.0,110.4,307.0
2024-09-10T11:00,26.2,0.0,0.28,70,15.3,336.0,66.9,275.0
2024-09-10T12:00,26.8,0.0,0.32,68,13.6,398.0,40.4,359.0
2024-09-10T13:00,27.6,0.0,0.33,64,15.2,378.0,41.9,338.0
2024-09-10T14:00,28.1,0.0,0.39,64,16.2,483.0,105.5,390.0
2024-09-10T15:00,27.6,0.0,0.28,68,14.4,328.0,38.7,299.0
2024-09-10T16:00,26.8,0.1,0.24,71,15.2,284.0,119.5,216.0
2024-09-10T17:00,25.0,0.6,0.13,81,17.2,158.0,111.2,119.0
2024-09-10T18:00,24.9,0.2,0.07,81,15.2,41.0,42.4,35.0
2024-09-10T19:00,24.1,0.2,0.02,86,12.8,0.0,0.0,0.0
2024-09-10T20:00,23.6,0.1,0.02,89,14.1,0.0,0.0,0.0
2024-09-10T21:00,23.4,0.0,0.02,88,14.3,0.0,0.0,0.0
2024-09-10T22:00,23.2,0.0,0.02,88,14.0,0.0,0.0,0.0
2024-09-10T23:00,23.0,0.0,0.02,89,13.4,0.0,0.0,0.0
2024-09-11T00:00,23.1,0.0,0.02,88,16.3,0.0,0.0,0.0
2024-09-11T01:00,22.6,0.0,0.02,88,16.3,0.0,0.0,0.0
2024-09-11T02:00,22.2,0.0,0.01,93,15.9,0.0,0.0,0.0
2024-09-11T03:00,21.8,0.0,0.01,94,15.0,0.0,0.0,0.0
2024-09-11T04:00,21.6,0.0,0.01,93,14.8,0.0,0.0,0.0
2024-09-11T05:00,21.5,0.0,0.01,93,15.1,0.0,0.0,0.0
2024-09-11T06:00,21.0,0.0,0.01,93,14.3,3.0,0.0,3.0
2024-09-11T07:00,22.3,0.0,0.08,88,19.0,110.0,252.3,63.0
2024-09-11T08:00,23.8,0.0,0.18,82,22.8,272.0,277.7,155.0
2024-09-11T09:00,25.2,0.1,0.26,76,21.2,350.0,130.3,268.0
2024-09-11T10:00,25.8,0.2,0.27,75,18.9,360.0,76.6,299.0
2024-09-11T11:00,26.9,0.3,0.47,70,19.5,683.0,459.3,265.0
2024-09-11T12:00,27.8,0.3,0.53,69,17.3,750.0,441.0,325.0
2024-09-11T13:00,27.6,0.3,0.53,66,21.7,766.0,514.0,276.0
2024-09-11T14:00,28.3,0.4,0.5,70,18.3,710.0,568.5,210.0
2024-09-11T15:00,28.5,0.0,0.49,66,19.0,678.0,725.2,136.0
2024-09-11T16:00,28.3,0.0,0.35,67,16.3,450.0,591.9,115.0
2024-09-11T17:00,27.4,0.0,0.21,70,14.8,249.0,449.0,93.0
2024-09-11T18:00,25.7,0.0,0.07,74,10.2,55.0,143.0,35.0
2024-09-11T19:00,24.9,0.0,0.03,77,9.7,0.0,0.0,0.0
2024-09-11T20:00,24.4,0.0,0.03,80,11.0,0.0,0.0,0.0
2024-09-11T21:00,23.9,0.0,0.03,83,13.3,0.0,0.0,0.0
2024-09-11T22:00,23.5,0.0,0.03,85,14.3,0.0,0.0,0.0
2024-09-11T23:00,23.1,0.0,0.02,86,13.9,0.0,0.0,0.0
2024-09-12T00:00,22.7,0.0,0.02,88,14.0,0.0,0.0,0.0
2024-09-12T01:00,22.6,0.0,0.02,89,14.2,0.0,0.0,0.0
2024-09-12T02:00,22.3,0.0,0.01,91,13.9,0.0,0.0,0.0
2024-09-12T03:00,22.0,0.0,0.01,93,14.0,0.0,0.0,0.0
2024-09-12T04:00,22.0,0.0,0.01,93,13.7,0.0,0.0,0.0
2024-09-12T05:00,22.2,0.0,0.01,92,13.1,0.0,0.0,0.0
2024-09-12T06:00,22.3,0.0,0.02,90,14.0,2.0,0.0,2.0
2024-09-12T07:00,22.9,0.0,0.07,87,18.7,90.0,172.3,58.0
2024-09-12T08:00,24.3,0.0,0.2,79,20.7,292.0,401.7,123.0
2024-09-12T09:00,25.5,0.1,0.31,73,19.9,443.0,397.7,193.0
2024-09-12T10:00,26.1,0.0,0.31,73,16.7,424.0,171.1,288.0
2024-09-12T11:00,26.7,0.1,0.34,70,17.0,437.0,83.6,361.0
2024-09-12T12:00,27.4,0.3,0.49,68,18.5,690.0,402.2,303.0
2024-09-12T13:00,28.3,0.2,0.59,65,18.1,834.0,661.1,205.0
2024-09-12T14:00,28.1,0.1,0.49,65,17.0,670.0,481.0,248.0
2024-09-12T15:00,28.2,0.1,0.46,65,17.4,631.0,602.9,182.0
2024-09-12T16:00,27.9,0.1,0.35,65,18.8,442.0,538.3,139.0
2024-09-12T17:00,26.9,0.0,0.19,70,13.6,227.0,409.7,86.0
2024-09-12T18:00,25.4,0.0,0.06,75,9.4,52.0,166.5,29.0
2024-09-12T19:00,24.5,0.0,0.03,78,8.9,0.0,0.0,0.0
2024-09-12T20:00,24.0,0.0,0.02,80,8.5,0.0,0.0,0.0
2024-09-12T21:00,23.4,0.0,0.02,83,8.2,0.0,0.0,0.0
2024-09-12T22:00,23.0,0.0,0.02,84,9.1,0.0,0.0,0.0
2024-09-12T23:00,22.9,0.0,0.02,85,10.4,0.0,0.0,0.0
2024-09-13T00:00,22.5,0.0,0.02,86,10.8,0.0,0.0,0.0
2024-09-13T01:00,21.9,0.0,0.01,88,10.8,0.0,0.0,0.0
2024-09-13T02:00,21.5,0.0,0.01,89,10.8,0.0,0.0,0.0
2024-09-13T03:00,21.0,0.0,0.01,91,10.7,0.0,0.0,0.0
2024-09-13T04:00,20.7,0.0,0.01,92,10.4,0.0,0.0,0.0
2024-09-13T05:00,20.3,0.0,0.0,94,10.7,0.0,0.0,0.0
2024-09-13T06:00,20.5,0.0,0.01,93,10.5,3.0,0.0,3.0
2024-09-13T07:00,21.5,0.0,0.07,88,14.3,93.0,118.9,71.0
2024-09-13T08:00,22.9,0.0,0.19,80,15.8,286.0,311.8,155.0
2024-09-13T09:00,24.4,0.0,0.3,72,16.7,445.0,323.3,242.0
2024-09-13T10:00,25.2,0.0,0.34,69,15.9,474.0,200.2,315.0
2024-09-13T11:00,26.1,0.0,0.41,67,15.2,560.0,173.0,403.0
2024-09-13T12:00,27.2,0.0,0.49,61,14.8,665.0,269.6,406.0
2024-09-13T13:00,27.2,0.1,0.5,62,15.5,695.0,333.9,378.0
2024-09-13T14:00,27.6,0.3,0.5,61,15.8,689.0,406.9,333.0
2024-09-13T15:00,27.5,0.1,0.38,61,16.2,473.0,256.1,283.0
2024-09-13T16:00,26.8,0.0,0.27,66,14.3,320.0,171.5,224.0
2024-09-13T17:00,25.6,0.0,0.15,72,12.8,165.0,114.4,126.0
2024-09-13T18:00,24.7,0.1,0.06,77,12.4,42.0,51.3,35.0
2024-09-13T19:00,24.0,0.0,0.03,76,10.1,0.0,0.0,0.0
2024-09-13T20:00,23.3,0.0,0.02,80,6.6,0.0,0.0,0.0
2024-09-13T21:00,22.5,0.0,0.01,86,5.1,0.0,0.0,0.0
2024-09-13T22:00,22.3,0.0,0.01,87,6.5,0.0,0.0,0.0
2024-09-13T23:00,22.4,0.0,0.01,86,8.7,0.0,0.0,0.0
2024-09-14T00:00,22.3,0.0,0.02,84,10.5,0.0,0.0,0.0
2024-09-14T01:00,21.9,0.0,0.02,86,10.4,0.0,0.0,0.0
2024-09-14T02:00,21.2,0.0,0.01,90,11.2,0.0,0.0,0.0
2024-09-14T03:00,20.7,0.0,0.01,92,11.5,0.0,0.0,0.0
2024-09-14T04:00,20.3,0.0,0.0,94,11.5,0.0,0.0,0.0
2024-09-14T05:00,20.0,0.0,0.0,96,10.1,0.0,0.0,0.0
2024-09-14T06:00,20.0,0.0,0.0,95,10.1,3.0,0.0,3.0
2024-09-14T07:00,21.5,0.0,0.07,88,13.7,116.0,341.5,53.0
2024-09-14T08:00,23.2,0.0,0.21,78,16.6,332.0,534.0,108.0
2024-09-14T09:00,24.9,0.0,0.35,70,15.8,514.0,524.6,185.0
2024-09-14T10:00,26.3,0.0,0.48,63,16.7,696.0,632.9,194.0
2024-09-14T11:00,26.8,0.1,0.5,62,16.2,689.0,435.8,294.0
2024-09-14T12:00,27.7,0.2,0.57,59,17.0,784.0,524.5,281.0
2024-09-14T13:00,28.1,0.2,0.61,57,18.2,841.0,654.4,221.0
2024-09-14T14:00,28.1,0.0,0.52,59,16.7,696.0,553.6,213.0
2024-09-14T15:00,28.2,0.0,0.48,58,16.5,626.0,619.6,168.0
2024-09-14T16:00,27.7,0.0,0.34,59,15.0,423.0,535.3,125.0
2024-09-14T17:00,26.7,0.0,0.17,66,10.0,202.0,231.1,124.0
2024-09-14T18:00,24.6,0.0,0.04,76,5.5,45.0,74.3,35.0
2024-09-14T19:00,23.1,0.0,0.01,85,6.9,0.0,0.0,0.0
2024-09-14T20:00,22.5,0.0,0.01,88,6.6,0.0,0.0,0.0
2024-09-14T21:00,22.5,0.0,0.01,86,6.2,0.0,0.0,0.0
2024-09-14T22:00,22.4,0.0,0.02,84,8.5,0.0,0.0,0.0
2024-09-14T23:00,22.1,0.0,0.02,82,10.4,0.0,0.0,0.0
2024-09-15T00:00,21.9,0.0,0.03,82,11.7,0.0,0.0,0.0
2024-09-15T01:00,21.6,0.0,0.02,84,11.5,0.0,0.0,0.0
2024-09-15T02:00,21.0,0.0,0.01,88,10.4,0.0,0.0,0.0
2024-09-15T03:00,20.4,0.0,0.01,92,9.7,0.0,0.0,0.0
2024-09-15T04:00,20.1,0.0,0.0,95,8.6,0.0,0.0,0.0
2024-09-15T05:00,20.0,0.0,0.0,95,9.9,0.0,0.0,0.0
2024-09-15T06:00,20.6,0.0,0.0,95,8.1,3.0,0.0,3.0
2024-09-15T07:00,22.2,0.0,0.07,88,13.0,109.0,255.6,62.0
2024-09-15T08:00,23.7,0.0,0.19,80,15.9,286.0,367.7,132.0
2024-09-15T09:00,24.9,0.1,0.29,74,15.5,410.0,271.4,240.0
2024-09-15T10:00,26.3,0.2,0.47,68,15.6,683.0,631.2,183.0
2024-09-15T11:00,26.2,0.1,0.4,68,16.9,550.0,192.2,376.0
2024-09-15T12:00,26.6,0.1,0.41,66,16.6,547.0,212.0,344.0
2024-09-15T13:00,26.8,0.0,0.41,66,16.9,547.0,185.1,372.0
2024-09-15T14:00,26.7,0.0,0.39,67,16.2,519.0,224.1,324.0
2024-09-15T15:00,26.9,0.0,0.4,70,14.1,560.0,495.7,195.0
2024-09-15T16:00,26.0,0.1,0.32,70,17.7,457.0,581.7,135.0
2024-09-15T17:00,25.3,0.2,0.13,79,11.2,146.0,161.7,92.0
2024-09-15T18:00,24.3,0.0,0.05,80,10.0,44.0,135.4,26.0
2024-09-15T19:00,23.3,0.0,0.01,85,7.6,0.0,0.0,0.0
2024-09-15T20:00,23.1,0.0,0.02,85,10.2,0.0,0.0,0.0
2024-09-15T21:00,22.9,0.0,0.02,84,9.8,0.0,0.0,0.0
2024-09-15T22:00,22.4,0.0,0.02,85,9.7,0.0,0.0,0.0
2024-09-15T23:00,22.4,0.0,0.02,85,10.0,0.0,0.0,0.0
2024-09-16T00:00,22.2,0.0,0.02,86,10.6,0.0,0.0,0.0
2024-09-16T01:00,21.7,0.0,0.01,89,11.0,0.0,0.0,0.0
2024-09-16T02:00,21.3,0.0,0.01,91,10.1,0.0,0.0,0.0
2024-09-16T03:00,21.1,0.0,0.01,92,8.9,0.0,0.0,0.0
2024-09-16T04:00,21.1,0.0,0.01,93,8.9,0.0,0.0,0.0
2024-09-16T05:00,21.1,0.0,0.01,92,9.9,0.0,0.0,0.0
2024-09-16T06:00,21.6,0.0,0.03,87,11.5,2.0,0.0,2.0
2024-09-16T07:00,21.9,0.4,0.05,87,10.6,50.0,38.2,43.0
2024-09-16T08:00,22.3,0.6,0.09,86,11.2,98.0,0.0,98.0
2024-09-16T09:00,22.4,0.5,0.12,88,10.0,158.0,14.4,149.0
2024-09-16T10:00,22.3,0.7,0.11,90,13.9,147.0,3.8,144.0
2024-09-16T11:00,23.2,0.2,0.15,84,12.6,184.0,0.0,184.0
2024-09-16T12:00,24.6,0.0,0.24,76,12.6,309.0,6.3,303.0
2024-09-16T13:00,25.7,0.0,0.32,70,12.1,430.0,50.9,382.0
2024-09-16T14:00,26.2,0.0,0.3,67,10.8,385.0,102.6,296.0
2024-09-16T15:00,27.0,0.0,0.35,65,11.7,455.0,241.3,278.0
2024-09-16T16:00,27.1,0.0,0.3,66,12.9,389.0,416.1,160.0
2024-09-16T17:00,26.5,0.0,0.16,71,9.2,185.0,260.2,99.0
2024-09-16T18:00,24.3,0.0,0.05,76,6.9,47.0,160.2,26.0
2024-09-16T19:00,23.5,0.0,0.02,79,7.5,0.0,0.0,0.0
2024-09-16T20:00,22.8,0.0,0.01,83,6.9,0.0,0.0,0.0
2024-09-16T21:00,22.3,0.0,0.01,85,7.5,0.0,0.0,0.0
2024-09-16T22:00,22.0,0.0,0.02,85,8.9,0.0,0.0,0.0
2024-09-16T23:00,21.9,0.0,0.02,84,10.0,0.0,0.0,0.0
2024-09-17T00:00,21.7,0.0,0.02,85,9.3,0.0,0.0,0.0
2024-09-17T01:00,21.3,0.0,0.01,88,8.2,0.0,0.0,0.0
2024-09-17T02:00,20.9,0.0,0.01,90,8.4,0.0,0.0,0.0
2024-09-17T03:00,20.7,0.0,0.01,91,10.1,0.0,0.0,0.0
2024-09-17T04:00,20.6,0.0,0.01,93,10.4,0.0,0.0,0.0
2024-09-17T05:00,20.4,0.0,0.0,95,9.4,0.0,0.0,0.0
2024-09-17T06:00,21.1,0.0,0.01,92,12.0,3.0,0.0,3.0
2024-09-17T07:00,22.3,0.0,0.07,87,11.8,112.0,306.5,56.0
2024-09-17T08:00,23.8,0.0,0.22,79,18.4,338.0,574.8,98.0
2024-09-17T09:00,25.2,0.0,0.35,72,15.6,517.0,568.2,162.0
2024-09-17T10:00,26.4,0.0,0.51,66,14.5,743.0,732.8,164.0
2024-09-17T11:00,27.3,0.0,0.59,61,14.1,841.0,710.4,200.0
2024-09-17T12:00,28.2,0.0,0.66,57,13.0,920.0,773.7,182.0
2024-09-17T13:00,28.7,0.0,0.66,53,14.1,911.0,756.5,199.0
2024-09-17T14:00,28.9,0.0,0.61,52,14.1,814.0,774.6,144.0
2024-09-17T15:00,28.7,0.0,0.52,52,13.6,676.0,746.0,131.0
2024-09-17T16:00,28.2,0.0,0.38,54,13.6,476.0,656.2,117.0
2024-09-17T17:00,26.8,0.0,0.19,61,11.2,221.0,373.0,99.0
2024-09-17T18:00,24.8,0.0,0.06,70,7.6,43.0,85.1,32.0
2024-09-17T19:00,23.5,0.0,0.02,76,5.7,0.0,0.0,0.0
2024-09-17T20:00,22.9,0.0,0.01,79,5.9,0.0,0.0,0.0
2024-09-17T21:00,22.7,0.0,0.02,78,8.4,0.0,0.0,0.0
2024-09-17T22:00,22.4,0.0,0.03,78,9.9,0.0,0.0,0.0
2024-09-17T23:00,22.2,0.0,0.03,79,10.0,0.0,0.0,0.0
2024-09-18T00:00,21.8,0.0,0.02,82,10.5,0.0,0.0,0.0
2024-09-18T01:00,21.6,0.0,0.03,83,12.9,0.0,0.0,0.0
2024-09-18T02:00,21.1,0.0,0.02,84,11.1,0.0,0.0,0.0
2024-09-18T03:00,20.5,0.0,0.02,86,10.7,0.0,0.0,0.0
2024-09-18T04:00,20.1,0.0,0.01,88,10.2,0.0,0.0,0.0
2024-09-18T05:00,19.8,0.0,0.01,90,9.8,0.0,0.0,0.0
2024-09-18T06:00,20.3,0.0,0.01,87,10.6,3.0,0.0,3.0
2024-09-18T07:00,21.7,0.0,0.08,84,10.5,117.0,356.9,52.0
2024-09-18T08:00,23.6,0.0,0.22,78,10.8,345.0,604.5,93.0
2024-09-18T09:00,25.4,0.0,0.38,71,12.3,574.0,737.3,114.0
2024-09-18T10:00,26.7,0.0,0.53,65,12.0,765.0,807.4,128.0
2024-09-18T11:00,27.5,0.1,0.58,60,11.5,820.0,715.9,175.0
2024-09-18T12:00,28.1,0.0,0.62,57,10.9,852.0,710.0,176.0
2024-09-18T13:00,28.4,0.0,0.63,54,11.5,859.0,720.0,183.0
2024-09-18T14:00,28.5,0.0,0.57,53,11.3,771.0,684.2,181.0
2024-09-18T15:00,28.4,0.0,0.47,54,10.4,613.0,632.2,153.0
2024-09-18T16:00,28.1,0.0,0.35,54,10.2,449.0,627.1,108.0
2024-09-18T17:00,27.0,0.0,0.18,63,6.3,233.0,463.6,83.0
2024-09-18T18:00,26.9,0.0,0.05,63,4.7,45.0,156.8,25.0
2024-09-18T19:00,25.0,0.0,0.02,71,5.8,0.0,0.0,0.0
2024-09-18T20:00,23.0,0.0,0.02,80,8.0,0.0,0.0,0.0
2024-09-18T21:00,22.5,0.0,0.02,81,8.2,0.0,0.0,0.0
2024-09-18T22:00,21.9,0.0,0.01,83,6.5,0.0,0.0,0.0
2024-09-18T23:00,21.3,0.0,0.01,87,6.9,0.0,0.0,0.0
2024-09-19T00:00,20.9,0.0,0.0,88,5.1,0.0,0.0,0.0
2024-09-19T01:00,20.4,0.0,0.0,91,5.3,0.0,0.0,0.0
2024-09-19T02:00,20.0,0.0,0.0,94,5.7,0.0,0.0,0.0
2024-09-19T03:00,19.6,0.0,0.0,95,5.8,0.0,0.0,0.0
2024-09-19T04:00,20.0,0.0,0.0,94,6.5,0.0,0.0,0.0
2024-09-19T05:00,19.8,0.0,0.0,94,6.1,0.0,0.0,0.0
2024-09-19T06:00,20.9,0.0,0.01,89,7.4,3.0,0.0,3.0
2024-09-19T07:00,22.6,0.0,0.07,86,10.5,113.0,336.1,52.0
2024-09-19T08:00,24.2,0.0,0.21,82,9.3,335.0,567.1,99.0
2024-09-19T09:00,26.0,0.0,0.38,75,7.4,564.0,714.3,119.0
2024-09-19T10:00,27.3,0.1,0.51,67,7.1,723.0,736.2,143.0
2024-09-19T11:00,28.2,0.1,0.58,62,6.4,805.0,704.9,171.0
2024-09-19T12:00,28.9,0.1,0.65,58,7.0,885.0,734.6,187.0
2024-09-19T13:00,29.1,0.0,0.61,56,7.0,819.0,651.3,209.0
2024-09-19T14:00,29.3,0.0,0.55,54,6.5,735.0,645.6,180.0
2024-09-19T15:00,29.2,0.0,0.45,54,6.6,597.0,599.0,163.0
2024-09-19T16:00,28.7,0.0,0.32,55,7.0,411.0,523.6,128.0
2024-09-19T17:00,27.7,0.0,0.17,63,5.6,211.0,409.3,80.0
2024-09-19T18:00,25.0,0.1,0.05,74,7.8,37.0,119.3,22.0
2024-09-19T19:00,23.5,0.0,0.01,85,7.2,0.0,0.0,0.0
2024-09-19T20:00,23.7,0.0,0.02,79,6.4,0.0,0.0,0.0
2024-09-19T21:00,23.1,0.0,0.01,85,6.0,0.0,0.0,0.0
2024-09-19T22:00,22.9,0.0,0.0,87,4.9,0.0,0.0,0.0
2024-09-19T23:00,22.3,0.0,0.0,92,5.6,0.0,0.0,0.0
2024-09-20T00:00,21.8,0.0,0.0,94,4.6,0.0,0.0,0.0
2024-09-20T01:00,21.7,0.0,0.0,95,5.1,0.0,0.0,0.0
2024-09-20T02:00,21.4,0.0,0.0,96,4.6,0.0,0.0,0.0
2024-09-20T03:00,21.4,0.0,0.0,95,8.0,0.0,0.0,0.0
2024-09-20T04:00,21.0,0.0,0.0,96,5.8,0.0,0.0,0.0
2024-09-20T05:00,20.7,0.0,0.0,97,4.7,0.0,0.0,0.0
2024-09-20T06:00,21.8,0.0,0.0,93,4.5,3.0,0.0,3.0
2024-09-20T07:00,23.1,0.0,0.06,88,3.1,100.0,204.6,63.0
2024-09-20T08:00,24.6,0.0,0.2,82,4.3,310.0,471.8,114.0
2024-09-20T09:00,26.5,0.0,0.38,75,8.1,548.0,668.7,132.0
2024-09-20T10:00,27.8,0.0,0.5,71,7.7,702.0,691.6,158.0
2024-09-20T11:00,28.7,0.0,0.56,68,8.1,768.0,627.0,205.0
2024-09-20T12:00,29.5,0.0,0.59,63,9.4,799.0,587.4,242.0
2024-09-20T13:00,29.7,0.0,0.53,61,9.7,698.0,380.0,343.0
2024-09-20T14:00,27.8,0.5,0.23,67,4.3,278.0,21.0,260.0
2024-09-20T15:00,26.9,0.7,0.26,68,7.6,326.0,174.6,200.0
2024-09-20T16:00,26.8,0.3,0.19,71,2.5,260.0,173.1,167.0
2024-09-20T17:00,26.6,0.0,0.12,74,3.2,160.0,214.9,92.0
2024-09-20T18:00,24.1,0.1,0.02,92,4.7,29.0,80.7,19.0
2024-09-20T19:00,24.6,0.0,0.0,87,2.8,0.0,0.0,0.0
2024-09-20T20:00,23.8,0.0,0.0,90,1.1,0.0,0.0,0.0
2024-09-20T21:00,23.3,0.0,0.0,92,2.9,0.0,0.0,0.0
2024-09-20T22:00,22.8,0.0,0.0,93,5.1,0.0,0.0,0.0
2024-09-20T23:00,22.7,0.0,0.0,93,4.5,0.0,0.0,0.0
2024-09-21T00:00,22.5,0.0,0.0,94,5.5,0.0,0.0,0.0
2024-09-21T01:00,22.4,0.0,0.0,94,7.7,0.0,0.0,0.0
2024-09-21T02:00,22.1,0.5,0.0,95,10.2,0.0,0.0,0.0
2024-09-21T03:00,22.1,0.1,0.0,94,9.2,0.0,0.0,0.0
2024-09-21T04:00,22.0,1.9,0.0,94,6.9,0.0,0.0,0.0
2024-09-21T05:00,21.9,0.1,0.0,95,7.3,0.0,0.0,0.0
2024-09-21T06:00,22.4,0.0,0.01,93,6.6,2.0,0.0,2.0
2024-09-21T07:00,23.5,0.0,0.06,89,8.1,96.0,222.0,56.0
2024-09-21T08:00,24.9,0.0,0.19,82,12.9,285.0,361.7,135.0
2024-09-21T09:00,26.3,0.0,0.3,77,12.1,425.0,331.7,219.0
2024-09-21T10:00,27.8,0.0,0.48,71,10.9,686.0,655.7,171.0
2024-09-21T11:00,29.0,0.0,0.6,65,11.6,835.0,681.7,224.0
2024-09-21T12:00,28.8,0.1,0.43,63,11.6,552.0,169.1,392.0
2024-09-21T13:00,28.1,0.7,0.28,68,9.2,339.0,50.4,292.0
2024-09-21T14:00,28.2,2.8,0.5,69,10.1,696.0,502.2,267.0
2024-09-21T15:00,27.8,0.6,0.41,69,13.7,568.0,513.6,199.0
2024-09-21T16:00,27.3,0.2,0.3,71,6.7,409.0,528.3,127.0
2024-09-21T17:00,25.8,2.1,0.1,82,9.3,107.0,95.9,77.0
2024-09-21T18:00,23.9,2.1,0.03,88,8.2,29.0,49.2,23.0
2024-09-21T19:00,23.2,0.2,0.0,94,2.7,0.0,0.0,0.0
2024-09-21T20:00,22.5,0.0,0.0,97,1.8,0.0,0.0,0.0
2024-09-21T21:00,22.5,0.0,0.0,97,5.0,0.0,0.0,0.0
2024-09-21T22:00,22.4,0.0,0.0,96,4.7,0.0,0.0,0.0
2024-09-21T23:00,22.5,0.0,0.0,95,6.9,0.0,0.0,0.0
2024-09-22T00:00,21.7,0.8,0.0,95,11.3,0.0,0.0,0.0
2024-09-22T01:00,21.8,0.9,0.0,96,6.2,0.0,0.0,0.0
2024-09-22T02:00,21.4,0.1,0.0,95,8.2,0.0,0.0,0.0
2024-09-22T03:00,21.2,0.0,0.0,95,8.2,0.0,0.0,0.0
2024-09-22T04:00,21.3,0.3,0.0,95,3.3,0.0,0.0,0.0
2024-09-22T05:00,21.4,0.1,0.0,96,8.4,0.0,0.0,0.0
2024-09-22T06:00,21.8,0.1,0.0,94,2.9,2.0,0.0,2.0
2024-09-22T07:00,22.7,0.1,0.04,91,9.7,45.0,33.4,39.0
2024-09-22T08:00,23.6,0.1,0.13,87,10.0,192.0,123.2,141.0
2024-09-22T09:00,22.0,4.2,0.13,95,6.5,190.0,29.0,172.0
2024-09-22T10:00,23.7,0.3,0.21,89,7.0,310.0,42.1,277.0
2024-09-22T11:00,25.5,0.2,0.28,84,11.0,396.0,117.4,291.0
2024-09-22T12:00,27.7,0.0,0.5,74,13.8,715.0,395.0,342.0
2024-09-22T13:00,28.4,0.0,0.45,70,12.4,609.0,258.2,369.0
2024-09-22T14:00,28.3,0.0,0.33,69,12.6,409.0,122.1,305.0
2024-09-22T15:00,27.7,0.7,0.3,70,13.0,373.0,138.4,274.0
2024-09-22T16:00,27.2,0.2,0.24,75,10.4,310.0,277.1,163.0
2024-09-22T17:00,26.3,0.3,0.14,80,12.2,171.0,278.0,85.0
2024-09-22T18:00,25.7,0.0,0.03,85,6.2,29.0,83.2,19.0
2024-09-22T19:00,24.9,0.0,0.01,88,7.2,0.0,0.0,0.0
2024-09-22T20:00,24.5,0.0,0.01,90,6.9,0.0,0.0,0.0
2024-09-22T21:00,24.5,0.0,0.01,90,8.5,0.0,0.0,0.0
2024-09-22T22:00,23.6,0.0,0.0,94,5.2,0.0,0.0,0.0
2024-09-22T23:00,22.8,0.0,0.0,97,5.4,0.0,0.0,0.0
2024-09-23T00:00,23.2,0.1,0.0,96,8.0,0.0,0.0,0.0
2024-09-23T01:00,22.6,0.1,0.0,97,6.4,0.0,0.0,0.0
2024-09-23T02:00,22.1,0.0,0.0,97,8.7,0.0,0.0,0.0
2024-09-23T03:00,21.8,0.6,0.0,97,6.4,0.0,0.0,0.0
2024-09-23T04:00,22.2,0.5,0.0,96,8.5,0.0,0.0,0.0
2024-09-23T05:00,22.2,0.1,0.0,98,7.1,0.0,0.0,0.0
2024-09-23T06:00,22.3,0.0,0.0,96,7.4,2.0,0.0,2.0
2024-09-23T07:00,23.4,0.0,0.06,90,11.4,88.0,117.4,67.0
2024-09-23T08:00,25.1,0.0,0.2,82,12.5,291.0,384.9,132.0
2024-09-23T09:00,26.7,0.1,0.28,76,12.1,391.0,227.8,250.0
2024-09-23T10:00,27.2,0.2,0.3,74,11.2,401.0,178.9,261.0
2024-09-23T11:00,28.1,0.2,0.48,70,11.2,661.0,451.3,258.0
2024-09-23T12:00,28.7,0.1,0.46,68,8.6,613.0,255.8,372.0
2024-09-23T13:00,29.4,0.0,0.54,68,7.6,722.0,450.9,304.0
2024-09-23T14:00,29.8,0.0,0.56,66,6.5,749.0,656.3,192.0
2024-09-23T15:00,29.4,0.0,0.4,66,7.4,530.0,372.1,265.0
2024-09-23T16:00,28.5,0.9,0.31,69,11.2,409.0,510.4,140.0
2024-09-23T17:00,26.3,0.9,0.11,82,3.6,147.0,219.1,80.0
2024-09-23T18:00,24.7,5.4,0.02,89,4.3,31.0,84.4,21.0
2024-09-23T19:00,24.7,0.0,0.0,90,5.8,0.0,0.0,0.0
2024-09-23T20:00,24.2,0.0,0.0,94,7.4,0.0,0.0,0.0
2024-09-23T21:00,23.8,0.0,0.0,96,5.4,0.0,0.0,0.0
2024-09-23T22:00,23.4,0.0,0.0,97,5.2,0.0,0.0,0.0
2024-09-23T23:00,23.1,0.0,0.0,98,3.4,0.0,0.0,0.0
2024-09-24T00:00,23.1,0.5,0.0,96,6.4,0.0,0.0,0.0
2024-09-24T01:00,23.0,0.0,0.0,98,2.9,0.0,0.0,0.0
2024-09-24T02:00,22.7,0.1,0.0,99,5.1,0.0,0.0,0.0
2024-09-24T03:00,22.4,0.2,0.0,97,8.7,0.0,0.0,0.0
2024-09-24T04:00,22.3,0.1,0.0,97,5.9,0.0,0.0,0.0
2024-09-24T05:00,22.4,0.0,0.0,96,5.9,0.0,0.0,0.0
2024-09-24T06:00,22.2,0.1,0.01,95,5.4,1.0,0.0,1.0
2024-09-24T07:00,22.9,0.0,0.04,92,8.0,54.0,22.5,50.0
2024-09-24T08:00,23.9,0.0,0.11,88,8.5,144.0,4.9,142.0
2024-09-24T09:00,25.3,0.1,0.2,82,7.7,268.0,42.1,242.0
2024-09-24T10:00,26.5,0.1,0.29,77,7.2,387.0,135.7,281.0
2024-09-24T11:00,27.6,0.2,0.42,72,6.6,572.0,213.2,382.0
2024-09-24T12:00,28.9,0.1,0.63,69,5.4,855.0,705.2,192.0
2024-09-24T13:00,29.3,0.0,0.59,69,3.6,799.0,656.5,192.0
2024-09-24T14:00,29.3,0.1,0.55,70,4.1,744.0,665.6,181.0
2024-09-24T15:00,29.5,0.0,0.44,66,4.6,595.0,595.2,173.0
2024-09-24T16:00,29.1,0.0,0.24,67,7.1,301.0,219.6,186.0
2024-09-24T17:00,26.0,2.2,0.12,84,6.1,167.0,225.0,99.0
2024-09-24T18:00,23.8,0.8,0.02,91,3.0,13.0,8.6,12.0
2024-09-24T19:00,23.5,0.9,0.0,94,6.2,0.0,0.0,0.0
2024-09-24T20:00,23.2,0.7,0.0,95,2.3,0.0,0.0,0.0
2024-09-24T21:00,23.2,1.0,0.0,96,3.2,0.0,0.0,0.0
2024-09-24T22:00,23.0,0.5,0.0,97,4.1,0.0,0.0,0.0
2024-09-24T23:00,22.9,0.0,0.0,96,3.1,0.0,0.0,0.0
2024-09-25T00:00,22.6,0.0,0.0,98,6.1,0.0,0.0,0.0
2024-09-25T01:00,22.4,0.0,0.0,97,4.1,0.0,0.0,0.0
2024-09-25T02:00,22.4,0.0,0.0,97,5.3,0.0,0.0,0.0
2024-09-25T03:00,22.1,0.0,0.0,98,6.6,0.0,0.0,0.0
2024-09-25T04:00,22.5,0.0,0.0,97,6.0,0.0,0.0,0.0
2024-09-25T05:00,22.7,0.0,0.0,96,6.6,0.0,0.0,0.0
2024-09-25T06:00,22.8,0.0,0.01,94,5.9,1.0,0.0,1.0
2024-09-25T07:00,23.3,0.1,0.04,92,8.4,29.0,0.0,29.0
2024-09-25T08:00,23.6,0.1,0.08,91,7.7,96.0,4.9,94.0
2024-09-25T09:00,24.0,0.1,0.12,91,5.1,155.0,3.2,153.0
2024-09-25T10:00,24.8,0.0,0.18,86,4.7,240.0,14.1,229.0
2024-09-25T11:00,26.2,0.0,0.31,81,7.7,433.0,79.8,362.0
2024-09-25T12:00,28.0,0.1,0.57,73,5.2,786.0,458.4,356.0
2024-09-25T13:00,28.0,0.0,0.27,70,4.5,330.0,21.7,310.0
2024-09-25T14:00,27.8,0.2,0.31,72,4.0,409.0,87.8,335.0
2024-09-25T15:00,27.5,0.1,0.29,74,2.2,394.0,141.7,294.0
2024-09-25T16:00,27.3,0.1,0.15,76,4.2,189.0,111.5,131.0
2024-09-25T17:00,24.8,1.5,0.05,89,6.0,52.0,0.0,52.0
2024-09-25T18:00,24.6,0.6,0.03,89,6.9,22.0,17.4,20.0
2024-09-25T19:00,23.4,2.7,0.0,95,7.4,0.0,0.0,0.0
2024-09-25T20:00,23.5,0.1,0.01,93,9.2,0.0,0.0,0.0
2024-09-25T21:00,23.1,0.1,0.0,95,8.1,0.0,0.0,0.0
2024-09-25T22:00,23.0,0.0,0.0,95,6.8,0.0,0.0,0.0
2024-09-25T23:00,22.7,0.0,0.0,96,7.3,0.0,0.0,0.0
2024-09-26T00:00,22.4,0.1,0.0,96,8.9,0.0,0.0,0.0
2024-09-26T01:00,22.4,0.1,0.0,97,8.7,0.0,0.0,0.0
2024-09-26T02:00,22.5,0.8,0.0,96,9.6,0.0,0.0,0.0
2024-09-26T03:00,22.3,0.2,0.0,97,10.4,0.0,0.0,0.0
2024-09-26T04:00,22.2,0.1,0.0,96,9.7,0.0,0.0,0.0
2024-09-26T05:00,22.1,0.0,0.0,96,9.0,0.0,0.0,0.0
2024-09-26T06:00,22.5,0.0,0.0,96,9.2,2.0,0.0,2.0
2024-09-26T07:00,23.4,0.0,0.06,91,13.1,76.0,73.6,63.0
2024-09-26T08:00,24.4,0.1,0.14,85,13.3,201.0,153.5,138.0
2024-09-26T09:00,25.1,0.0,0.19,81,15.2,244.0,42.2,218.0
2024-09-26T10:00,25.0,0.0,0.13,83,13.3,144.0,0.0,144.0
2024-09-26T11:00,26.2,0.1,0.3,78,11.9,409.0,100.3,320.0
2024-09-26T12:00,27.7,0.0,0.45,73,13.6,630.0,299.2,350.0
2024-09-26T13:00,27.5,0.3,0.44,70,18.2,615.0,353.4,290.0
2024-09-26T14:00,26.9,0.3,0.42,74,20.0,619.0,401.2,282.0
2024-09-26T15:00,27.2,0.0,0.36,71,20.0,494.0,378.5,228.0
2024-09-26T16:00,26.9,0.0,0.23,71,19.5,253.0,94.8,204.0
2024-09-26T17:00,26.2,0.0,0.12,75,13.6,100.0,30.5,91.0
2024-09-26T18:00,24.4,0.0,0.03,86,10.4,21.0,8.8,20.0
2024-09-26T19:00,24.4,0.0,0.02,86,12.1,0.0,0.0,0.0
2024-09-26T20:00,24.3,0.0,0.02,86,13.9,0.0,0.0,0.0
2024-09-26T21:00,24.1,0.0,0.02,87,14.4,0.0,0.0,0.0
2024-09-26T22:00,23.4,0.0,0.01,90,11.6,0.0,0.0,0.0
2024-09-26T23:00,22.9,0.0,0.01,93,10.5,0.0,0.0,0.0
2024-09-27T00:00,22.8,0.0,0.01,93,12.2,0.0,0.0,0.0
2024-09-27T01:00,22.6,0.0,0.01,93,13.2,0.0,0.0,0.0
2024-09-27T02:00,22.4,0.0,0.01,93,14.2,0.0,0.0,0.0
2024-09-27T03:00,22.1,0.0,0.01,94,15.6,0.0,0.0,0.0
2024-09-27T04:00,21.9,0.0,0.01,93,16.1,0.0,0.0,0.0
2024-09-27T05:00,21.7,0.0,0.01,92,15.0,0.0,0.0,0.0
2024-09-27T06:00,21.8,0.0,0.02,90,15.8,2.0,0.0,2.0
2024-09-27T07:00,22.6,0.0,0.07,86,17.2,92.0,136.6,68.0
2024-09-27T08:00,24.0,0.0,0.19,78,20.2,265.0,266.2,156.0
2024-09-27T09:00,25.4,0.0,0.35,73,20.9,521.0,594.0,156.0
2024-09-27T10:00,27.2,0.0,0.49,64,22.2,706.0,697.6,164.0
2024-09-27T11:00,27.9,0.0,0.52,64,21.9,718.0,438.0,330.0
2024-09-27T12:00,27.0,0.0,0.29,70,18.5,337.0,20.4,318.0
2024-09-27T13:00,27.3,0.1,0.32,69,18.1,381.0,56.7,329.0
2024-09-27T14:00,27.3,0.1,0.35,70,19.5,461.0,149.3,336.0
2024-09-27T15:00,27.5,0.0,0.34,72,17.3,449.0,264.5,264.0
2024-09-27T16:00,27.7,0.0,0.31,69,15.3,409.0,514.1,145.0
2024-09-27T17:00,27.0,0.0,0.17,71,12.6,196.0,387.3,83.0
2024-09-27T18:00,26.2,0.0,0.08,69,13.7,28.0,80.9,19.0
2024-09-27T19:00,25.4,0.0,0.05,72,13.0,0.0,0.0,0.0
2024-09-27T20:00,24.4,0.0,0.03,78,9.4,0.0,0.0,0.0
2024-09-27T21:00,24.1,0.0,0.03,81,11.5,0.0,0.0,0.0
2024-09-27T22:00,24.1,0.0,0.03,81,13.2,0.0,0.0,0.0
2024-09-27T23:00,23.8,0.0,0.04,82,15.0,0.0,0.0,0.0
2024-09-28T00:00,23.3,0.0,0.03,84,15.8,0.0,0.0,0.0
2024-09-28T01:00,22.7,0.0,0.02,87,15.1,0.0,0.0,0.0
2024-09-28T02:00,22.3,0.0,0.02,90,15.4,0.0,0.0,0.0
2024-09-28T03:00,22.0,0.0,0.01,91,14.9,0.0,0.0,0.0
2024-09-28T04:00,21.8,0.0,0.01,93,13.6,0.0,0.0,0.0
2024-09-28T05:00,21.6,0.0,0.01,94,12.4,0.0,0.0,0.0
2024-09-28T06:00,22.3,0.0,0.02,90,13.9,2.0,0.0,2.0
2024-09-28T07:00,23.4,0.0,0.07,86,17.0,82.0,102.9,64.0
2024-09-28T08:00,24.7,0.0,0.19,80,17.7,262.0,296.3,141.0
2024-09-28T09:00,25.8,0.1,0.25,74,16.3,318.0,123.9,242.0
2024-09-28T10:00,26.8,0.1,0.34,72,15.2,455.0,187.0,310.0
2024-09-28T11:00,27.2,0.5,0.38,71,15.6,511.0,233.1,305.0
2024-09-28T12:00,28.1,0.4,0.49,70,14.1,675.0,426.3,278.0
2024-09-28T13:00,29.1,0.1,0.59,65,13.7,811.0,626.7,238.0
2024-09-28T14:00,28.9,0.1,0.45,67,13.9,595.0,417.1,247.0
2024-09-28T15:00,28.8,0.0,0.42,67,14.0,555.0,528.4,187.0
2024-09-28T16:00,28.6,0.0,0.31,68,11.9,404.0,558.6,119.0
2024-09-28T17:00,27.7,0.0,0.15,73,8.3,196.0,402.3,80.0
2024-09-28T18:00,25.8,0.0,0.03,78,6.6,26.0,82.2,17.0
2024-09-28T19:00,24.9,0.0,0.01,83,5.4,0.0,0.0,0.0
2024-09-28T20:00,24.5,0.0,0.01,86,6.1,0.0,0.0,0.0
2024-09-28T21:00,24.2,0.0,0.01,88,6.7,0.0,0.0,0.0
2024-09-28T22:00,23.8,0.0,0.01,88,8.0,0.0,0.0,0.0
2024-09-28T23:00,23.3,0.0,0.01,89,6.9,0.0,0.0,0.0
2024-09-29T00:00,23.0,0.0,0.01,91,7.1,0.0,0.0,0.0
2024-09-29T01:00,22.7,0.0,0.01,91,7.7,0.0,0.0,0.0
2024-09-29T02:00,22.4,0.0,0.0,91,6.9,0.0,0.0,0.0
2024-09-29T03:00,22.0,0.0,0.0,92,7.1,0.0,0.0,0.0
2024-09-29T04:00,21.8,0.0,0.0,93,7.4,0.0,0.0,0.0
2024-09-29T05:00,21.5,0.0,0.0,95,6.9,0.0,0.0,0.0
2024-09-29T06:00,22.0,0.0,0.0,93,7.5,2.0,0.0,2.0
2024-09-29T07:00,23.1,0.0,0.06,90,6.9,104.0,310.4,50.0
2024-09-29T08:00,24.7,0.0,0.2,84,6.9,317.0,532.8,100.0
2024-09-29T09:00,26.5,0.0,0.37,76,8.9,534.0,653.7,134.0
2024-09-29T10:00,28.0,0.0,0.5,69,9.1,706.0,703.0,162.0
2024-09-29T11:00,28.7,0.1,0.54,64,9.5,735.0,571.4,231.0
2024-09-29T12:00,29.3,0.1,0.61,61,9.7,828.0,662.0,213.0
2024-09-29T13:00,29.6,0.1,0.61,60,9.6,820.0,694.3,187.0
2024-09-29T14:00,29.9,0.0,0.54,59,10.5,716.0,630.3,192.0
2024-09-29T15:00,29.7,0.0,0.45,60,10.2,578.0,584.2,173.0
2024-09-29T16:00,29.2,0.0,0.3,62,8.9,376.0,518.9,113.0
2024-09-29T17:00,28.2,0.0,0.15,70,5.2,190.0,396.6,77.0
2024-09-29T18:00,26.0,0.0,0.03,82,6.3,27.0,92.7,17.0
2024-09-29T19:00,25.0,0.0,0.01,86,5.6,0.0,0.0,0.0
2024-09-29T20:00,24.5,0.0,0.0,87,4.4,0.0,0.0,0.0
2024-09-29T21:00,23.7,0.0,0.0,92,5.8,0.0,0.0,0.0
2024-09-29T22:00,23.4,0.0,0.0,92,4.8,0.0,0.0,0.0
2024-09-29T23:00,23.2,0.0,0.0,92,4.0,0.0,0.0,0.0
2024-09-30T00:00,22.8,0.0,0.0,92,4.4,0.0,0.0,0.0
2024-09-30T01:00,22.3,0.0,0.0,94,5.8,0.0,0.0,0.0
2024-09-30T02:00,21.8,0.0,0.0,96,6.2,0.0,0.0,0.0
2024-09-30T03:00,21.9,0.0,0.0,96,4.8,0.0,0.0,0.0
2024-09-30T04:00,21.3,0.0,0.0,97,4.8,0.0,0.0,0.0
2024-09-30T05:00,21.5,0.0,0.0,97,3.9,0.0,0.0,0.0
2024-09-30T06:00,22.0,0.0,0.0,93,4.6,2.0,0.0,2.0
2024-09-30T07:00,23.8,0.0,0.06,87,4.5,103.0,312.0,49.0
2024-09-30T08:00,25.6,0.0,0.21,81,5.5,320.0,553.9,95.0
2024-09-30T09:00,27.2,0.0,0.38,72,5.8,541.0,689.5,120.0
2024-09-30T10:00,28.3,0.0,0.51,66,4.4,698.0,700.6,157.0
2024-09-30T11:00,29.3,0.0,0.59,62,4.1,790.0,692.1,181.0
2024-09-30T12:00,29.9,0.1,0.62,59,3.2,829.0,695.0,185.0
2024-09-30T13:00,30.4,0.1,0.61,57,3.0,807.0,671.0,197.0
2024-09-30T14:00,30.4,0.1,0.53,57,2.8,701.0,629.0,180.0
2024-09-30T15:00,30.2,0.1,0.41,57,2.7,543.0,544.9,167.0
2024-09-30T16:00,30.0,0.0,0.27,57,2.3,360.0,454.8,131.0
2024-09-30T17:00,29.2,0.0,0.12,74,0.7,166.0,301.9,81.0
2024-09-30T18:00,27.9,0.0,0.04,67,4.4,22.0,47.1,17.0
2024-09-30T19:00,26.4,0.0,0.01,76,4.2,0.0,0.0,0.0
2024-09-30T20:00,25.0,0.0,0.01,84,6.2,0.0,0.0,0.0
2024-09-30T21:00,24.5,0.0,0.01,87,5.0,0.0,0.0,0.0
2024-09-30T22:00,24.2,0.0,0.0,89,4.7,0.0,0.0,0.0
2024-09-30T23:00,23.3,0.0,0.0,94,4.8,0.0,0.0,0.0
2024-10-01T00:00,23.2,0.0,0.0,94,8.1,0.0,0.0,0.0
2024-10-01T01:00,23.1,0.0,0.0,94,4.7,0.0,0.0,0.0
2024-10-01T02:00,22.7,0.0,0.0,96,7.6,0.0,0.0,0.0
2024-10-01T03:00,22.5,0.0,0.0,94,6.3,0.0,0.0,0.0
2024-10-01T04:00,22.2,0.0,0.0,95,5.7,0.0,0.0,0.0
2024-10-01T05:00,21.9,0.0,0.0,96,4.5,0.0,0.0,0.0
2024-10-01T06:00,22.8,0.0,0.0,92,5.0,2.0,0.0,2.0
2024-10-01T07:00,24.1,0.0,0.06,88,4.3,103.0,313.7,49.0
2024-10-01T08:00,26.2,0.0,0.22,80,4.3,318.0,552.9,94.0
2024-10-01T09:00,28.0,0.0,0.38,72,4.8,539.0,689.5,119.0
2024-10-01T10:00,29.1,0.0,0.51,65,3.0,690.0,713.9,140.0
2024-10-01T11:00,29.9,0.1,0.58,62,2.4,775.0,677.7,180.0
2024-10-01T12:00,30.7,0.1,0.61,59,1.5,803.0,638.3,213.0
2024-10-01T13:00,30.4,0.2,0.56,60,4.2,733.0,570.4,216.0
2024-10-01T14:00,30.6,0.1,0.52,61,3.3,690.0,587.6,205.0
2024-10-01T15:00,30.3,0.1,0.43,62,3.2,565.0,621.7,138.0
2024-10-01T16:00,29.5,0.0,0.27,65,5.4,355.0,433.9,138.0
2024-10-01T17:00,27.9,0.2,0.09,73,0.6,117.0,158.2,73.0
2024-10-01T18:00,25.9,0.1,0.02,88,3.1,18.0,38.3,14.0
2024-10-01T19:00,25.8,0.0,0.0,86,3.1,0.0,0.0,0.0
2024-10-01T20:00,25.4,0.0,0.0,88,2.7,0.0,0.0,0.0
2024-10-01T21:00,24.6,0.0,0.0,94,3.6,0.0,0.0,0.0
2024-10-01T22:00,24.1,0.0,0.0,95,4.8,0.0,0.0,0.0
2024-10-01T23:00,23.8,0.0,0.0,96,4.2,0.0,0.0,0.0
2024-10-02T00:00,22.9,5.6,0.0,97,11.2,0.0,0.0,0.0
2024-10-02T01:00,22.6,0.2,0.0,96,15.5,0.0,0.0,0.0
2024-10-02T02:00,22.1,0.4,0.0,96,3.3,0.0,0.0,0.0
2024-10-02T03:00,21.9,0.0,0.0,96,7.8,0.0,0.0,0.0
2024-10-02T04:00,21.4,0.0,0.0,97,5.7,0.0,0.0,0.0
2024-10-02T05:00,22.1,0.0,0.0,95,3.4,0.0,0.0,0.0
2024-10-02T06:00,22.4,0.0,0.0,97,1.8,2.0,0.0,2.0
2024-10-02T07:00,23.4,0.0,0.05,95,5.2,82.0,110.8,63.0
2024-10-02T08:00,25.4,0.0,0.21,88,4.3,319.0,554.5,95.0
2024-10-02T09:00,27.5,0.0,0.38,78,6.4,541.0,699.3,116.0
2024-10-02T10:00,29.0,0.0,0.52,70,8.2,722.0,768.8,131.0
2024-10-02T11:00,29.8,0.0,0.57,65,7.6,762.0,663.4,181.0
2024-10-02T12:00,30.5,0.0,0.65,62,6.9,864.0,764.8,159.0
2024-10-02T13:00,30.8,0.0,0.64,61,8.2,844.0,768.1,150.0
2024-10-02T14:00,30.9,0.0,0.55,61,7.4,715.0,676.2,159.0
2024-10-02T15:00,30.8,0.0,0.46,61,7.7,598.0,677.4,135.0
2024-10-02T16:00,30.3,0.0,0.31,63,7.9,384.0,543.6,114.0
2024-10-02T17:00,28.1,0.7,0.14,74,6.9,176.0,364.2,76.0
2024-10-02T18:00,24.8,2.3,0.04,84,15.3,21.0,68.2,14.0
2024-10-02T19:00,24.4,3.9,0.0,91,1.8,0.0,0.0,0.0
2024-10-02T20:00,23.8,1.1,0.0,94,8.6,0.0,0.0,0.0
2024-10-02T21:00,23.3,0.1,0.0,94,2.6,0.0,0.0,0.0
2024-10-02T22:00,22.8,0.0,0.0,94,7.2,0.0,0.0,0.0
2024-10-02T23:00,22.4,0.0,0.0,95,5.9,0.0,0.0,0.0
2024-10-03T00:00,22.4,0.0,0.0,94,10.3,0.0,0.0,0.0
2024-10-03T01:00,22.4,0.0,0.0,94,10.3,0.0,0.0,0.0
2024-10-03T02:00,22.4,0.0,0.0,94,10.1,0.0,0.0,0.0
2024-10-03T03:00,22.4,0.0,0.0,95,8.8,0.0,0.0,0.0
2024-10-03T04:00,22.5,0.0,0.0,96,8.4,0.0,0.0,0.0
2024-10-03T05:00,22.5,0.0,0.0,96,7.9,0.0,0.0,0.0
2024-10-03T06:00,22.9,0.0,0.0,93,8.5,2.0,0.0,2.0
2024-10-03T07:00,24.1,0.0,0.06,89,8.2,101.0,304.3,49.0
2024-10-03T08:00,25.8,0.0,0.21,83,8.8,313.0,531.3,99.0
2024-10-03T09:00,27.5,0.0,0.36,76,9.8,504.0,554.2,168.0
2024-10-03T10:00,28.9,0.0,0.49,70,11.3,679.0,625.9,199.0
2024-10-03T11:00,29.9,0.0,0.58,67,10.6,792.0,635.2,237.0
2024-10-03T12:00,30.5,0.0,0.62,65,9.7,821.0,675.5,200.0
2024-10-03T13:00,31.0,0.0,0.62,63,9.5,817.0,713.8,174.0
2024-10-03T14:00,30.9,0.0,0.54,62,9.8,699.0,654.3,163.0
2024-10-03T15:00,29.8,0.2,0.43,64,10.4,558.0,642.4,121.0
2024-10-03T16:00,27.4,1.1,0.24,74,15.3,299.0,346.7,128.0
2024-10-03T17:00,25.5,1.9,0.09,84,6.0,125.0,210.2,68.0
2024-10-03T18:00,25.5,0.0,0.03,83,7.0,19.0,49.6,14.0
2024-10-03T19:00,24.7,0.0,0.01,87,6.6,0.0,0.0,0.0
2024-10-03T20:00,24.3,0.0,0.01,88,6.5,0.0,0.0,0.0
2024-10-03T21:00,23.8,0.0,0.01,89,6.3,0.0,0.0,0.0
2024-10-03T22:00,23.8,0.0,0.01,88,8.3,0.0,0.0,0.0
2024-10-03T23:00,23.3,0.0,0.01,90,7.9,0.0,0.0,0.0
2024-10-04T00:00,23.0,0.0,0.01,91,7.5,0.0,0.0,0.0
2024-10-04T01:00,22.6,0.0,0.0,92,5.6,0.0,0.0,0.0
2024-10-04T02:00,22.5,0.0,0.01,92,7.8,0.0,0.0,0.0
2024-10-04T03:00,22.3,0.0,0.01,91,7.7,0.0,0.0,0.0
2024-10-04T04:00,22.2,0.0,0.01,92,8.5,0.0,0.0,0.0
2024-10-04T05:00,22.1,0.0,0.0,94,9.5,0.0,0.0,0.0
2024-10-04T06:00,22.3,0.0,0.0,94,8.8,2.0,0.0,2.0
2024-10-04T07:00,23.7,0.0,0.06,89,8.8,102.0,317.0,48.0
2024-10-04T08:00,25.4,0.0,0.21,82,9.8,319.0,557.8,95.0
2024-10-04T09:00,27.1,0.0,0.37,76,10.5,537.0,686.2,122.0
2024-10-04T10:00,28.2,0.0,0.48,72,9.9,668.0,669.2,156.0
2024-10-04T11:00,29.0,0.0,0.56,68,9.7,778.0,683.9,182.0
2024-10-04T12:00,29.5,0.0,0.58,64,8.8,780.0,632.6,200.0
2024-10-04T13:00,29.9,0.0,0.54,61,8.2,702.0,490.0,262.0
2024-10-04T14:00,29.9,0.0,0.5,60,8.5,648.0,508.5,233.0
2024-10-04T15:00,28.9,0.0,0.32,64,6.0,415.0,192.1,285.0
2024-10-04T16:00,27.6,0.2,0.17,70,8.7,177.0,79.6,138.0
2024-10-04T17:00,27.0,0.4,0.12,77,4.2,160.0,272.7,87.0
2024-10-04T18:00,23.9,0.0,0.01,89,3.1,17.0,40.4,13.0
2024-10-04T19:00,22.9,0.0,0.0,95,3.7,0.0,0.0,0.0
2024-10-04T20:00,22.6,0.0,0.0,94,4.2,0.0,0.0,0.0
2024-10-04T21:00,22.3,0.0,0.0,95,5.1,0.0,0.0,0.0
2024-10-04T22:00,22.5,0.0,0.0,94,5.8,0.0,0.0,0.0
2024-10-04T23:00,22.6,0.0,0.0,92,6.8,0.0,0.0,0.0
2024-10-05T00:00,22.3,0.0,0.0,94,7.9,0.0,0.0,0.0
2024-10-05T01:00,21.8,0.0,0.0,94,5.5,0.0,0.0,0.0
2024-10-05T02:00,21.6,0.0,0.0,94,6.2,0.0,0.0,0.0
2024-10-05T03:00,21.5,0.0,0.0,94,5.4,0.0,0.0,0.0
2024-10-05T04:00,21.4,0.0,0.0,94,6.8,0.0,0.0,0.0
2024-10-05T05:00,21.2,0.0,0.0,94,6.7,0.0,0.0,0.0
2024-10-05T06:00,22.7,0.0,0.02,91,10.0,1.0,0.0,1.0
2024-10-05T07:00,23.4,0.0,0.05,89,6.8,68.0,135.5,45.0
2024-10-05T08:00,25.0,0.0,0.2,84,7.9,298.0,474.6,108.0
2024-10-05T09:00,26.5,0.0,0.33,78,9.4,474.0,538.7,149.0
2024-10-05T10:00,27.7,0.1,0.38,69,8.9,516.0,330.2,264.0
2024-10-05T11:00,24.5,5.0,0.22,81,3.7,297.0,55.2,249.0
2024-10-05T12:00,23.3,5.8,0.33,90,7.4,501.0,251.6,271.0
2024-10-05T13:00,25.0,0.8,0.36,82,5.2,520.0,319.5,234.0
2024-10-05T14:00,27.4,0.0,0.5,74,2.7,693.0,602.8,203.0
2024-10-05T15:00,28.0,0.0,0.37,71,4.9,505.0,504.8,165.0
2024-10-05T16:00,27.9,0.0,0.26,70,6.2,349.0,433.8,138.0
2024-10-05T17:00,27.3,0.0,0.12,76,3.1,169.0,348.3,77.0
2024-10-05T18:00,23.9,0.0,0.01,90,5.5,19.0,61.6,13.0
2024-10-05T19:00,23.2,0.0,0.0,92,4.4,0.0,0.0,0.0
2024-10-05T20:00,22.7,0.0,0.0,94,4.1,0.0,0.0,0.0
2024-10-05T21:00,22.2,0.0,0.0,95,6.7,0.0,0.0,0.0
2024-10-05T22:00,22.7,0.0,0.0,91,5.1,0.0,0.0,0.0
2024-10-05T23:00,23.0,0.0,0.0,89,3.3,0.0,0.0,0.0
2024-10-06T00:00,21.5,0.0,0.0,95,5.9,0.0,0.0,0.0
2024-10-06T01:00,21.2,0.0,0.0,96,6.7,0.0,0.0,0.0
2024-10-06T02:00,21.0,0.0,0.0,97,5.7,0.0,0.0,0.0
2024-10-06T03:00,21.0,0.0,0.0,97,4.9,0.0,0.0,0.0
2024-10-06T04:00,20.6,0.0,0.0,97,5.1,0.0,0.0,0.0
2024-10-06T05:00,20.3,0.0,0.0,97,7.5,0.0,0.0,0.0
2024-10-06T06:00,21.8,0.4,0.0,91,5.2,2.0,0.0,2.0
2024-10-06T07:00,22.0,1.5,0.04,91,3.8,56.0,124.1,35.0
2024-10-06T08:00,23.8,0.1,0.15,87,3.9,232.0,275.6,122.0
2024-10-06T09:00,25.6,0.0,0.32,79,8.0,473.0,511.9,165.0
2024-10-06T10:00,26.9,0.0,0.42,72,5.8,598.0,528.0,196.0
2024-10-06T11:00,28.3,0.0,0.53,67,7.9,731.0,589.4,220.0
2024-10-06T12:00,29.4,0.0,0.64,64,8.9,870.0,775.5,163.0
2024-10-06T13:00,29.8,0.0,0.59,61,8.8,794.0,693.9,175.0
2024-10-06T14:00,29.9,0.0,0.55,58,9.0,724.0,682.9,171.0
2024-10-06T15:00,29.7,0.0,0.44,57,9.7,561.0,634.2,136.0
2024-10-06T16:00,28.7,0.0,0.31,60,11.6,379.0,532.2,122.0
2024-10-06T17:00,27.5,0.0,0.12,70,4.7,165.0,375.9,67.0
2024-10-06T18:00,26.7,0.0,0.03,72,5.4,18.0,62.8,12.0
2024-10-06T19:00,26.0,0.0,0.02,74,5.1,0.0,0.0,0.0
2024-10-06T20:00,25.2,0.0,0.02,77,5.7,0.0,0.0,0.0
2024-10-06T21:00,24.4,0.0,0.01,81,5.4,0.0,0.0,0.0
2024-10-06T22:00,23.2,0.0,0.01,86,6.1,0.0,0.0,0.0
2024-10-06T23:00,22.2,0.0,0.0,90,6.6,0.0,0.0,0.0
2024-10-07T00:00,21.4,0.0,0.0,93,6.4,0.0,0.0,0.0
2024-10-07T01:00,21.1,0.0,0.0,91,6.7,0.0,0.0,0.0
2024-10-07T02:00,20.6,0.0,0.01,91,7.9,0.0,0.0,0.0
2024-10-07T03:00,20.5,0.0,0.0,91,6.8,0.0,0.0,0.0
2024-10-07T04:00,19.9,0.0,0.0,94,7.5,0.0,0.0,0.0
2024-10-07T05:00,20.4,0.0,0.0,91,5.7,0.0,0.0,0.0
2024-10-07T06:00,21.0,0.0,0.0,94,2.5,1.0,0.0,1.0
2024-10-07T07:00,23.2,0.0,0.06,87,3.8,94.0,219.5,57.0
2024-10-07T08:00,25.9,0.0,0.21,78,4.2,312.0,535.5,99.0
2024-10-07T09:00,27.8,0.0,0.38,68,8.0,535.0,696.6,117.0
2024-10-07T10:00,28.8,0.0,0.51,62,10.7,694.0,732.2,138.0
2024-10-07T11:00,29.4,0.0,0.56,60,10.9,752.0,674.2,169.0
2024-10-07T12:00,29.6,0.0,0.6,59,11.9,807.0,677.7,191.0
2024-10-07T13:00,29.2,0.1,0.53,58,11.4,695.0,527.5,226.0
2024-10-07T14:00,29.2,0.0,0.49,57,11.3,627.0,540.6,191.0
2024-10-07T15:00,29.6,0.0,0.44,54,11.1,563.0,632.9,141.0
2024-10-07T16:00,27.8,0.1,0.21,62,10.1,219.0,212.8,117.0
2024-10-07T17:00,25.9,0.0,0.12,77,10.9,153.0,272.1,83.0
2024-10-07T18:00,23.6,0.0,0.02,86,6.6,17.0,53.3,12.0
2024-10-07T19:00,23.1,0.0,0.01,90,6.4,0.0,0.0,0.0
2024-10-07T20:00,22.8,0.0,0.0,93,5.6,0.0,0.0,0.0
2024-10-07T21:00,23.0,0.0,0.0,90,4.5,0.0,0.0,0.0
2024-10-07T22:00,22.7,0.0,0.0,91,4.7,0.0,0.0,0.0
2024-10-07T23:00,21.9,0.0,0.0,94,5.9,0.0,0.0,0.0
2024-10-08T00:00,21.5,0.0,0.0,95,6.2,0.0,0.0,0.0
2024-10-08T01:00,21.3,0.0,0.0,95,6.2,0.0,0.0,0.0
2024-10-08T02:00,20.9,0.0,0.0,95,7.3,0.0,0.0,0.0
2024-10-08T03:00,21.0,0.0,0.0,95,6.4,0.0,0.0,0.0
2024-10-08T04:00,21.8,0.0,0.0,91,5.2,0.0,0.0,0.0
2024-10-08T05:00,21.8,0.0,0.0,91,1.9,0.0,0.0,0.0
2024-10-08T06:00,21.3,0.0,0.0,96,4.6,1.0,0.0,1.0
2024-10-08T07:00,23.3,0.0,0.05,89,1.3,99.0,309.6,47.0
2024-10-08T08:00,25.4,0.0,0.2,80,3.5,308.0,537.3,95.0
2024-10-08T09:00,27.0,0.0,0.37,71,5.1,524.0,670.1,123.0
2024-10-08T10:00,27.8,0.2,0.48,67,8.3,676.0,709.1,139.0
2024-10-08T11:00,28.5,0.2,0.54,65,8.8,748.0,680.7,161.0
2024-10-08T12:00,29.1,0.0,0.59,63,9.5,797.0,686.3,175.0
2024-10-08T13:00,29.1,0.0,0.49,60,8.5,644.0,404.0,286.0
2024-10-08T14:00,28.0,0.0,0.31,64,7.9,386.0,89.6,314.0
2024-10-08T15:00,26.0,2.6,0.29,75,7.2,402.0,287.9,211.0
2024-10-08T16:00,26.1,0.1,0.22,75,5.7,300.0,296.2,159.0
2024-10-08T17:00,26.0,0.0,0.1,77,6.4,132.0,145.8,95.0
2024-10-08T18:00,24.5,0.0,0.02,83,6.6,16.0,21.7,14.0
2024-10-08T19:00,23.7,0.0,0.01,87,5.7,0.0,0.0,0.0
2024-10-08T20:00,23.3,0.0,0.01,88,6.4,0.0,0.0,0.0
2024-10-08T21:00,23.0,0.0,0.01,88,6.9,0.0,0.0,0.0
2024-10-08T22:00,22.8,0.0,0.01,89,7.0,0.0,0.0,0.0
2024-10-08T23:00,22.3,0.0,0.0,92,5.3,0.0,0.0,0.0
2024-10-09T00:00,21.9,0.0,0.0,95,4.9,0.0,0.0,0.0
2024-10-09T01:00,21.8,0.0,0.0,96,5.2,0.0,0.0,0.0
2024-10-09T02:00,21.7,0.0,0.0,96,5.5,0.0,0.0,0.0
2024-10-09T03:00,21.5,0.0,0.0,97,5.6,0.0,0.0,0.0
2024-10-09T04:00,21.3,0.0,0.0,97,6.4,0.0,0.0,0.0
2024-10-09T05:00,21.1,0.0,0.0,97,6.0,0.0,0.0,0.0
2024-10-09T06:00,21.7,0.0,0.01,94,7.7,1.0,0.0,1.0
2024-10-09T07:00,23.0,0.0,0.06,89,6.4,92.0,227.1,54.0
2024-10-09T08:00,24.5,0.0,0.16,81,12.0,214.0,111.4,170.0
2024-10-09T09:00,26.1,0.0,0.31,74,10.8,435.0,363.6,218.0
2024-10-09T10:00,27.6,0.1,0.48,67,11.2,677.0,664.6,175.0
2024-10-09T11:00,28.2,0.1,0.5,63,11.5,679.0,517.5,234.0
2024-10-09T12:00,29.1,0.0,0.58,60,9.4,787.0,658.5,192.0
2024-10-09T13:00,29.5,0.1,0.58,61,8.8,784.0,672.6,190.0
2024-10-09T14:00,29.6,0.0,0.5,60,8.5,661.0,520.0,245.0
2024-10-09T15:00,28.4,0.1,0.29,62,11.6,338.0,178.8,220.0
2024-10-09T16:00,26.2,0.8,0.19,75,7.2,244.0,243.4,129.0
2024-10-09T17:00,26.2,0.0,0.11,76,5.9,155.0,307.5,78.0
2024-10-09T18:00,24.4,0.0,0.01,87,4.1,12.0,0.0,12.0
2024-10-09T19:00,23.9,0.0,0.0,90,4.6,0.0,0.0,0.0
2024-10-09T20:00,23.3,0.0,0.02,88,11.7,0.0,0.0,0.0
2024-10-09T21:00,22.6,0.0,0.01,88,6.1,0.0,0.0,0.0
2024-10-09T22:00,22.0,0.0,0.0,90,4.7,0.0,0.0,0.0
2024-10-09T23:00,21.6,0.0,0.0,92,4.3,0.0,0.0,0.0
2024-10-10T00:00,21.6,0.0,0.0,92,4.5,0.0,0.0,0.0
2024-10-10T01:00,21.6,0.0,0.0,93,5.2,0.0,0.0,0.0
2024-10-10T02:00,21.5,0.0,0.0,95,6.1,0.0,0.0,0.0
2024-10-10T03:00,21.4,0.0,0.0,96,6.4,0.0,0.0,0.0
2024-10-10T04:00,21.3,0.0,0.0,97,7.2,0.0,0.0,0.0
2024-10-10T05:00,21.2,0.0,0.0,97,5.9,0.0,0.0,0.0
2024-10-10T06:00,21.3,0.0,0.01,91,6.7,1.0,0.0,1.0
2024-10-10T07:00,22.5,0.0,0.06,88,6.0,94.0,276.0,48.0
2024-10-10T08:00,24.7,0.0,0.2,79,12.9,304.0,523.3,98.0
2024-10-10T09:00,26.3,0.0,0.34,70,14.8,471.0,519.3,162.0
2024-10-10T10:00,27.3,0.0,0.4,65,16.3,527.0,346.5,266.0
2024-10-10T11:00,27.8,0.0,0.4,64,15.9,515.0,289.2,267.0
2024-10-10T12:00,29.0,0.0,0.57,60,14.7,767.0,606.2,221.0
2024-10-10T13:00,29.6,0.0,0.59,60,14.0,784.0,676.1,189.0
2024-10-10T14:00,29.7,0.0,0.54,60,14.2,710.0,680.2,168.0
2024-10-10T15:00,27.5,0.5,0.39,68,15.4,537.0,592.4,148.0
2024-10-10T16:00,27.7,0.1,0.24,67,13.9,276.0,330.4,121.0
2024-10-10T17:00,26.7,0.0,0.12,74,9.9,136.0,238.9,77.0
2024-10-10T18:00,25.5,0.0,0.03,79,7.1,12.0,22.5,10.0
2024-10-10T19:00,24.8,0.0,0.02,82,8.5,0.0,0.0,0.0
2024-10-10T20:00,24.4,0.0,0.02,83,10.8,0.0,0.0,0.0
2024-10-10T21:00,24.0,0.0,0.02,84,8.4,0.0,0.0,0.0
2024-10-10T22:00,23.6,0.0,0.01,86,7.5,0.0,0.0,0.0
2024-10-10T23:00,23.0,0.5,0.0,90,4.8,0.0,0.0,0.0
2024-10-11T00:00,23.1,0.1,0.0,90,4.5,0.0,0.0,0.0
2024-10-11T01:00,22.5,0.0,0.0,93,5.8,0.0,0.0,0.0
2024-10-11T02:00,22.1,0.0,0.0,94,6.7,0.0,0.0,0.0
2024-10-11T03:00,21.7,0.0,0.0,96,5.2,0.0,0.0,0.0
2024-10-11T04:00,21.2,0.0,0.0,97,4.6,0.0,0.0,0.0
2024-10-11T05:00,20.9,0.0,0.0,98,4.5,0.0,0.0,0.0
2024-10-11T06:00,22.8,0.0,0.01,93,10.9,1.0,0.0,1.0
2024-10-11T07:00,23.4,0.0,0.06,89,11.6,82.0,150.6,57.0
2024-10-11T08:00,24.3,0.1,0.18,84,17.2,264.0,303.4,145.0
2024-10-11T09:00,25.5,0.1,0.28,76,17.6,400.0,382.7,173.0
2024-10-11T10:00,26.9,0.1,0.4,70,17.0,565.0,486.0,200.0
2024-10-11T11:00,27.8,0.1,0.48,66,17.5,655.0,493.6,233.0
2024-10-11T12:00,28.5,0.2,0.52,65,15.4,716.0,552.4,220.0
2024-10-11T13:00,27.4,3.1,0.45,72,14.1,628.0,403.7,274.0
2024-10-11T14:00,28.4,0.3,0.41,65,12.4,527.0,339.0,258.0
2024-10-11T15:00,27.2,0.2,0.15,71,8.3,152.0,7.7,147.0
2024-10-11T16:00,25.8,2.6,0.13,79,4.5,170.0,34.4,154.0
2024-10-11T17:00,25.5,0.0,0.08,83,6.2,88.0,36.9,79.0
2024-10-11T18:00,23.2,0.0,0.01,92,4.0,13.0,11.5,12.0
2024-10-11T19:00,23.4,0.0,0.0,91,4.8,0.0,0.0,0.0
2024-10-11T20:00,22.7,0.0,0.0,94,5.4,0.0,0.0,0.0
2024-10-11T21:00,23.2,0.0,0.0,92,7.1,0.0,0.0,0.0
2024-10-11T22:00,22.8,0.0,0.0,94,6.8,0.0,0.0,0.0
2024-10-11T23:00,22.5,0.0,0.0,95,7.1,0.0,0.0,0.0
2024-10-12T00:00,22.2,0.0,0.0,95,5.1,0.0,0.0,0.0
2024-10-12T01:00,22.0,0.0,0.0,96,5.6,0.0,0.0,0.0
2024-10-12T02:00,21.9,0.0,0.0,96,6.2,0.0,0.0,0.0
2024-10-12T03:00,21.8,0.0,0.0,97,6.4,0.0,0.0,0.0
2024-10-12T04:00,21.6,0.0,0.0,97,6.5,0.0,0.0,0.0
2024-10-12T05:00,21.5,0.0,0.0,97,6.5,0.0,0.0,0.0
2024-10-12T06:00,21.6,0.0,0.0,97,3.8,1.0,0.0,1.0
2024-10-12T07:00,22.9,0.0,0.05,91,10.3,74.0,96.8,58.0
2024-10-12T08:00,24.4,0.1,0.15,83,12.1,218.0,184.3,146.0
2024-10-12T09:00,25.5,0.1,0.24,76,13.4,316.0,164.0,219.0
2024-10-12T10:00,26.7,0.1,0.33,71,12.2,437.0,150.9,324.0
2024-10-12T11:00,27.7,0.1,0.37,67,12.5,479.0,173.6,331.0
2024-10-12T12:00,28.6,0.2,0.54,65,14.6,749.0,591.0,220.0
2024-10-12T13:00,29.4,0.0,0.55,61,12.0,739.0,635.1,184.0
2024-10-12T14:00,29.6,0.0,0.52,62,10.5,691.0,680.8,153.0
2024-10-12T15:00,29.6,0.0,0.41,60,10.8,518.0,515.5,183.0
2024-10-12T16:00,27.5,0.7,0.17,72,10.6,192.0,84.4,153.0
2024-10-12T17:00,26.3,0.1,0.09,79,8.6,100.0,124.8,70.0
2024-10-12T18:00,25.4,0.2,0.02,85,7.8,11.0,23.4,9.0
2024-10-12T19:00,24.5,0.0,0.01,88,5.2,0.0,0.0,0.0
2024-10-12T20:00,24.0,0.0,0.01,89,6.1,0.0,0.0,0.0
2024-10-12T21:00,22.5,8.9,0.0,96,11.9,0.0,0.0,0.0
2024-10-12T22:00,22.4,4.3,0.0,98,5.2,0.0,0.0,0.0
2024-10-12T23:00,22.4,0.1,0.0,97,2.7,0.0,0.0,0.0
2024-10-13T00:00,22.3,0.0,0.0,97,3.8,0.0,0.0,0.0
2024-10-13T01:00,22.0,0.0,0.0,98,4.1,0.0,0.0,0.0
2024-10-13T02:00,22.2,0.0,0.0,96,4.3,0.0,0.0,0.0
2024-10-13T03:00,21.3,0.0,0.0,98,6.0,0.0,0.0,0.0
2024-10-13T04:00,21.5,0.0,0.0,98,4.1,0.0,0.0,0.0
2024-10-13T05:00,21.6,0.0,0.0,98,3.4,0.0,0.0,0.0
2024-10-13T06:00,22.2,0.0,0.0,95,6.5,1.0,0.0,1.0
2024-10-13T07:00,23.5,0.0,0.06,90,7.3,88.0,200.5,55.0
2024-10-13T08:00,25.3,0.0,0.19,80,11.3,280.0,403.4,123.0
2024-10-13T09:00,26.7,0.0,0.33,73,11.0,464.0,476.6,183.0
2024-10-13T10:00,28.1,0.0,0.46,67,10.7,640.0,637.5,164.0
2024-10-13T11:00,29.0,0.0,0.56,62,11.2,755.0,684.7,173.0
2024-10-13T12:00,29.7,0.0,0.59,60,9.9,783.0,665.7,189.0
2024-10-13T13:00,30.3,0.0,0.6,59,8.3,790.0,702.8,178.0
2024-10-13T14:00,30.6,0.0,0.55,58,7.4,724.0,734.5,146.0
2024-10-13T15:00,30.4,0.0,0.44,58,7.4,566.0,674.4,130.0
2024-10-13T16:00,28.4,0.4,0.25,66,7.8,315.0,459.8,104.0
2024-10-13T17:00,27.7,0.0,0.11,70,6.3,129.0,269.9,65.0
2024-10-13T18:00,25.7,0.0,0.03,81,8.3,9.0,23.9,7.0
2024-10-13T19:00,24.6,0.1,0.01,85,5.5,0.0,0.0,0.0
2024-10-13T20:00,22.4,2.2,0.0,95,11.4,0.0,0.0,0.0
2024-10-13T21:00,22.5,0.1,0.0,94,6.5,0.0,0.0,0.0
2024-10-13T22:00,22.4,0.1,0.0,95,9.4,0.0,0.0,0.0
2024-10-13T23:00,22.4,0.6,0.0,94,4.2,0.0,0.0,0.0
2024-10-14T00:00,22.1,0.2,0.0,95,3.4,0.0,0.0,0.0
2024-10-14T01:00,21.6,0.1,0.0,96,6.3,0.0,0.0,0.0
2024-10-14T02:00,21.1,0.0,0.0,98,4.2,0.0,0.0,0.0
2024-10-14T03:00,21.3,0.0,0.0,97,1.8,0.0,0.0,0.0
2024-10-14T04:00,20.4,0.0,0.0,99,5.1,0.0,0.0,0.0
2024-10-14T05:00,20.2,0.0,0.0,99,5.2,0.0,0.0,0.0
2024-10-14T06:00,21.7,0.1,0.0,96,8.3,1.0,0.0,1.0
2024-10-14T07:00,22.6,0.0,0.04,91,2.3,69.0,115.9,50.0
2024-10-14T08:00,24.2,0.0,0.18,86,4.3,272.0,412.8,112.0
2024-10-14T09:00,25.8,0.0,0.31,76,5.5,454.0,502.0,159.0
2024-10-14T10:00,27.3,0.1,0.45,70,5.6,631.0,609.8,177.0
2024-10-14T11:00,28.4,0.1,0.52,65,6.6,710.0,611.3,192.0
2024-10-14T12:00,29.3,0.1,0.59,61,6.7,788.0,640.9,218.0
2024-10-14T13:00,29.9,0.1,0.58,58,8.3,767.0,675.3,181.0
2024-10-14T14:00,30.0,0.1,0.47,57,7.9,612.0,551.2,180.0
2024-10-14T15:00,30.1,0.0,0.43,57,7.6,552.0,660.8,127.0
2024-10-14T16:00,29.4,0.0,0.28,59,8.7,341.0,465.3,129.0
2024-10-14T17:00,28.1,0.0,0.12,66,5.9,143.0,286.5,76.0
2024-10-14T18:00,26.4,0.0,0.03,73,5.4,10.0,12.2,9.0
2024-10-14T19:00,26.0,0.0,0.02,75,5.9,0.0,0.0,0.0
2024-10-14T20:00,25.7,0.0,0.03,76,8.0,0.0,0.0,0.0
2024-10-14T21:00,25.2,0.0,0.02,79,6.9,0.0,0.0,0.0
2024-10-14T22:00,24.2,0.0,0.01,84,4.8,0.0,0.0,0.0
2024-10-14T23:00,24.2,0.0,0.01,84,5.7,0.0,0.0,0.0
2024-10-15T00:00,23.8,0.3,0.01,87,7.6,0.0,0.0,0.0
2024-10-15T01:00,21.8,3.2,0.0,96,5.2,0.0,0.0,0.0
2024-10-15T02:00,22.0,0.8,0.0,94,4.1,0.0,0.0,0.0
2024-10-15T03:00,21.7,0.1,0.0,95,2.0,0.0,0.0,0.0
2024-10-15T04:00,21.9,0.0,0.0,94,1.1,0.0,0.0,0.0
2024-10-15T05:00,21.1,0.0,0.0,98,2.4,0.0,0.0,0.0
2024-10-15T06:00,21.5,0.0,0.0,95,3.8,1.0,0.0,1.0
2024-10-15T07:00,22.4,0.0,0.04,92,3.8,68.0,61.3,58.0
2024-10-15T08:00,24.1,0.0,0.18,85,2.1,280.0,414.5,120.0
2024-10-15T09:00,26.2,0.0,0.33,75,5.6,479.0,527.6,170.0
2024-10-15T10:00,27.3,0.1,0.42,70,9.7,583.0,468.9,235.0
2024-10-15T11:00,28.3,0.2,0.54,67,9.9,751.0,649.9,202.0
2024-10-15T12:00,29.3,0.0,0.59,64,7.4,797.0,680.2,194.0
2024-10-15T13:00,29.8,0.0,0.56,61,7.1,751.0,673.1,169.0
2024-10-15T14:00,30.1,0.0,0.5,59,7.0,660.0,553.5,228.0
2024-10-15T15:00,27.2,1.1,0.26,70,7.1,334.0,121.9,256.0
2024-10-15T16:00,27.3,0.0,0.14,70,3.6,163.0,44.2,143.0
2024-10-15T17:00,26.4,0.0,0.07,78,5.4,64.0,0.0,64.0
2024-10-15T18:00,25.0,0.0,0.01,85,5.0,11.0,24.8,9.0
2024-10-15T19:00,24.0,0.0,0.0,90,5.7,0.0,0.0,0.0
2024-10-15T20:00,23.5,0.0,0.0,92,7.4,0.0,0.0,0.0
2024-10-15T21:00,22.0,8.8,0.0,96,10.1,0.0,0.0,0.0
2024-10-15T22:00,22.2,0.2,0.0,96,3.1,0.0,0.0,0.0
2024-10-15T23:00,22.0,0.6,0.0,97,3.6,0.0,0.0,0.0
2024-10-16T00:00,22.2,0.2,0.0,97,2.1,0.0,0.0,0.0
2024-10-16T01:00,22.0,0.6,0.0,98,2.9,0.0,0.0,0.0
2024-10-16T02:00,21.5,0.0,0.0,98,3.1,0.0,0.0,0.0
2024-10-16T03:00,21.3,0.0,0.0,98,3.6,0.0,0.0,0.0
2024-10-16T04:00,21.0,0.0,0.0,99,4.0,0.0,0.0,0.0
2024-10-16T05:00,20.7,0.0,0.0,99,3.9,0.0,0.0,0.0
2024-10-16T06:00,21.8,0.0,0.0,99,3.1,1.0,0.0,1.0
2024-10-16T07:00,23.1,0.0,0.05,95,3.2,85.0,215.6,50.0
2024-10-16T08:00,24.9,0.0,0.19,86,2.2,291.0,481.3,106.0
2024-10-16T09:00,26.6,0.1,0.32,76,6.6,452.0,486.5,168.0
2024-10-16T10:00,27.4,0.1,0.38,73,10.4,524.0,413.6,218.0
2024-10-16T11:00,28.7,0.0,0.52,69,10.1,723.0,629.3,193.0
2024-10-16T12:00,29.6,0.0,0.59,64,10.0,797.0,694.8,183.0
2024-10-16T13:00,30.4,0.0,0.59,58,11.8,775.0,636.1,227.0
2024-10-16T14:00,29.4,0.0,0.35,59,11.7,397.0,157.0,275.0
2024-10-16T15:00,28.8,0.2,0.34,59,11.8,415.0,392.7,165.0
2024-10-16T16:00,25.9,0.1,0.19,76,13.0,238.0,204.8,146.0
2024-10-16T17:00,25.0,0.1,0.08,81,4.9,95.0,74.7,78.0
2024-10-16T18:00,25.1,0.0,0.01,85,3.4,10.0,12.6,9.0
2024-10-16T19:00,25.3,0.0,0.0,82,1.8,0.0,0.0,0.0
2024-10-16T20:00,23.9,0.0,0.0,90,1.8,0.0,0.0,0.0
2024-10-16T21:00,24.8,0.0,0.0,83,0.9,0.0,0.0,0.0
2024-10-16T22:00,23.4,2.5,0.01,88,9.4,0.0,0.0,0.0
2024-10-16T23:00,22.7,4.0,0.0,95,5.5,0.0,0.0,0.0
2024-10-17T00:00,22.2,0.0,0.0,98,4.3,0.0,0.0,0.0
2024-10-17T01:00,21.8,0.0,0.0,98,2.9,0.0,0.0,0.0
2024-10-17T02:00,21.7,0.0,0.0,98,3.3,0.0,0.0,0.0
2024-10-17T03:00,21.9,0.4,0.0,98,3.8,0.0,0.0,0.0
2024-10-17T04:00,21.8,3.7,0.0,97,1.3,0.0,0.0,0.0
2024-10-17T05:00,21.8,0.1,0.0,96,2.5,0.0,0.0,0.0
2024-10-17T06:00,22.9,0.1,0.0,94,5.3,1.0,0.0,1.0
2024-10-17T07:00,24.1,0.0,0.05,90,6.7,82.0,210.5,48.0
2024-10-17T08:00,25.8,0.0,0.19,82,8.8,272.0,407.7,116.0
2024-10-17T09:00,27.4,0.0,0.33,72,12.6,462.0,553.6,140.0
2024-10-17T10:00,28.4,0.1,0.46,67,14.0,633.0,626.4,171.0
2024-10-17T11:00,28.9,0.2,0.51,66,13.5,691.0,552.7,227.0
2024-10-17T12:00,29.4,0.2,0.52,65,13.1,688.0,491.6,255.0
2024-10-17T13:00,30.0,0.0,0.52,62,13.3,676.0,524.2,226.0
2024-10-17T14:00,30.0,0.0,0.45,62,12.6,559.0,359.1,281.0
2024-10-17T15:00,29.3,0.1,0.3,63,14.5,328.0,181.6,213.0
2024-10-17T16:00,24.2,5.5,0.1,93,14.3,149.0,33.6,134.0
2024-10-17T17:00,24.5,0.2,0.05,90,5.0,50.0,8.9,48.0
2024-10-17T18:00,24.7,0.7,0.02,85,6.0,9.0,12.9,8.0
2024-10-17T19:00,24.2,0.0,0.01,89,10.6,0.0,0.0,0.0
2024-10-17T20:00,23.3,0.0,0.0,92,5.3,0.0,0.0,0.0
2024-10-17T21:00,22.8,0.0,0.0,94,4.9,0.0,0.0,0.0
2024-10-17T22:00,22.8,0.0,0.0,94,7.9,0.0,0.0,0.0
2024-10-17T23:00,22.4,0.0,0.0,96,5.1,0.0,0.0,0.0
2024-10-18T00:00,22.2,0.0,0.0,97,4.9,0.0,0.0,0.0
2024-10-18T01:00,21.5,0.0,0.0,98,6.1,0.0,0.0,0.0
2024-10-18T02:00,21.8,0.0,0.0,98,4.7,0.0,0.0,0.0
2024-10-18T03:00,21.6,0.0,0.0,98,4.5,0.0,0.0,0.0
2024-10-18T04:00,21.7,0.0,0.0,98,4.9,0.0,0.0,0.0
2024-10-18T05:00,21.9,0.0,0.0,98,5.3,0.0,0.0,0.0
2024-10-18T06:00,21.8,0.0,0.0,98,5.7,1.0,0.0,1.0
2024-10-18T07:00,23.3,0.0,0.05,90,13.3,78.0,168.0,51.0
2024-10-18T08:00,24.6,0.0,0.15,83,13.6,204.0,157.5,144.0
2024-10-18T09:00,26.3,0.1,0.3,74,13.6,411.0,384.7,188.0
2024-10-18T10:00,27.2,0.2,0.39,70,14.1,539.0,462.5,199.0
2024-10-18T11:00,28.2,0.2,0.52,66,14.4,719.0,620.2,200.0
2024-10-18T12:00,28.5,0.4,0.51,66,14.7,701.0,525.1,240.0
2024-10-18T13:00,29.0,0.1,0.51,66,13.5,696.0,575.2,204.0
2024-10-18T14:00,29.4,0.0,0.51,66,11.8,696.0,707.0,151.0
2024-10-18T15:00,27.2,0.4,0.27,72,15.2,334.0,182.5,219.0
2024-10-18T16:00,27.1,0.2,0.21,74,10.5,276.0,320.6,134.0
2024-10-18T17:00,26.5,0.1,0.1,77,6.9,116.0,225.5,66.0
2024-10-18T18:00,25.7,0.0,0.02,80,6.6,8.0,26.3,6.0
2024-10-18T19:00,24.8,0.0,0.01,85,5.4,0.0,0.0,0.0
2024-10-18T20:00,23.6,0.0,0.01,88,5.4,0.0,0.0,0.0
2024-10-18T21:00,22.9,0.0,0.0,91,3.5,0.0,0.0,0.0
2024-10-18T22:00,22.4,0.0,0.0,94,5.0,0.0,0.0,0.0
2024-10-18T23:00,22.4,0.1,0.0,94,4.3,0.0,0.0,0.0
2024-10-19T00:00,22.6,0.1,0.0,94,9.4,0.0,0.0,0.0
2024-10-19T01:00,22.1,1.8,0.0,95,1.9,0.0,0.0,0.0
2024-10-19T02:00,21.7,2.4,0.0,97,4.9,0.0,0.0,0.0
2024-10-19T03:00,21.1,0.0,0.0,98,3.5,0.0,0.0,0.0
2024-10-19T04:00,21.2,0.0,0.0,98,1.0,0.0,0.0,0.0
2024-10-19T05:00,21.1,0.0,0.0,99,1.3,0.0,0.0,0.0
2024-10-19T06:00,21.1,0.0,0.0,98,1.5,1.0,0.0,1.0
2024-10-19T07:00,22.3,0.0,0.04,94,1.5,80.0,193.9,49.0
2024-10-19T08:00,24.4,0.0,0.18,84,5.5,280.0,443.1,112.0
2024-10-19T09:00,26.2,0.0,0.27,75,10.1,367.0,268.4,212.0
2024-10-19T10:00,27.5,0.0,0.35,68,11.1,467.0,188.3,329.0
2024-10-19T11:00,28.5,0.0,0.4,63,11.4,508.0,159.4,375.0
2024-10-19T12:00,29.1,0.0,0.45,62,10.0,582.0,310.9,310.0
2024-10-19T13:00,30.0,0.1,0.58,58,10.0,769.0,694.6,177.0
2024-10-19T14:00,30.1,0.1,0.52,58,10.4,672.0,665.6,161.0
2024-10-19T15:00,29.6,0.1,0.38,60,8.6,492.0,548.6,148.0
2024-10-19T16:00,28.8,0.1,0.25,62,6.9,311.0,461.5,108.0
2024-10-19T17:00,25.3,0.9,0.09,79,9.3,111.0,228.5,61.0
2024-10-19T18:00,25.2,0.0,0.02,83,4.6,7.0,13.4,6.0
2024-10-19T19:00,23.9,0.3,0.02,87,11.4,0.0,0.0,0.0
2024-10-19T20:00,23.5,0.0,0.0,89,3.6,0.0,0.0,0.0
2024-10-19T21:00,22.7,0.0,0.0,94,4.5,0.0,0.0,0.0
2024-10-19T22:00,22.3,0.0,0.0,96,3.5,0.0,0.0,0.0
2024-10-19T23:00,22.1,0.0,0.0,95,7.7,0.0,0.0,0.0
2024-10-20T00:00,21.2,1.9,0.0,95,10.3,0.0,0.0,0.0
2024-10-20T01:00,21.3,0.2,0.0,96,4.5,0.0,0.0,0.0
2024-10-20T02:00,21.2,0.0,0.0,97,1.9,0.0,0.0,0.0
2024-10-20T03:00,21.2,0.0,0.0,97,2.9,0.0,0.0,0.0
2024-10-20T04:00,21.0,0.0,0.0,98,1.9,0.0,0.0,0.0
2024-10-20T05:00,20.6,0.0,0.0,99,1.0,0.0,0.0,0.0
2024-10-20T06:00,21.1,0.0,0.01,95,4.8,0.0,0.0,0.0
2024-10-20T07:00,21.6,0.0,0.03,93,6.9,38.0,12.6,36.0
2024-10-20T08:00,22.5,0.0,0.09,89,10.1,120.0,23.9,111.0
2024-10-20T09:00,24.0,0.0,0.19,82,10.6,260.0,55.6,228.0
2024-10-20T10:00,26.0,0.0,0.34,72,11.2,473.0,258.8,284.0
2024-10-20T11:00,27.0,0.0,0.37,68,7.0,494.0,173.2,350.0
2024-10-20T12:00,27.6,0.0,0.39,66,6.7,514.0,149.1,384.0
2024-10-20T13:00,28.3,0.0,0.41,64,7.6,534.0,206.1,359.0
2024-10-20T14:00,28.4,0.0,0.4,64,8.1,532.0,295.6,306.0
2024-10-20T15:00,28.0,0.0,0.34,66,9.3,453.0,378.2,217.0
2024-10-20T16:00,27.7,0.0,0.24,66,8.9,312.0,439.5,120.0
2024-10-20T17:00,26.5,0.0,0.11,71,7.7,129.0,310.1,62.0
2024-10-20T18:00,25.4,0.0,0.02,80,6.1,8.0,13.6,7.0
2024-10-20T19:00,24.6,0.0,0.01,83,5.6,0.0,0.0,0.0
2024-10-20T20:00,23.8,0.0,0.01,87,5.0,0.0,0.0,0.0
2024-10-20T21:00,23.2,0.3,0.0,89,5.3,0.0,0.0,0.0
2024-10-20T22:00,22.7,0.3,0.02,89,14.8,0.0,0.0,0.0
2024-10-20T23:00,22.0,0.1,0.01,93,10.1,0.0,0.0,0.0
2024-10-21T00:00,21.2,0.0,0.0,96,3.8,0.0,0.0,0.0
2024-10-21T01:00,21.2,0.0,0.0,95,0.5,0.0,0.0,0.0
2024-10-21T02:00,20.7,1.8,0.0,98,3.7,0.0,0.0,0.0
2024-10-21T03:00,21.0,0.1,0.0,95,3.4,0.0,0.0,0.0
2024-10-21T04:00,20.9,0.1,0.0,96,3.1,0.0,0.0,0.0
2024-10-21T05:00,20.7,0.0,0.0,97,3.4,0.0,0.0,0.0
2024-10-21T06:00,21.0,0.0,0.0,95,2.3,1.0,0.0,1.0
2024-10-21T07:00,22.0,0.0,0.04,91,2.6,84.0,253.0,44.0
2024-10-21T08:00,23.5,0.0,0.18,86,5.5,282.0,476.8,103.0
2024-10-21T09:00,25.5,0.0,0.34,77,10.1,505.0,676.9,117.0
2024-10-21T10:00,26.4,0.2,0.33,73,9.3,455.0,192.4,315.0
2024-10-21T11:00,27.7,0.1,0.5,71,7.5,697.0,566.0,228.0
2024-10-21T12:00,28.0,0.1,0.47,70,7.1,647.0,377.4,319.0
2024-10-21T13:00,28.2,0.1,0.42,67,6.4,558.0,239.9,355.0
2024-10-21T14:00,28.2,0.1,0.35,66,6.2,463.0,218.0,297.0
2024-10-21T15:00,25.9,0.4,0.21,76,6.2,269.0,90.2,213.0
2024-10-21T16:00,24.5,0.3,0.17,85,10.4,246.0,297.3,117.0
2024-10-21T17:00,24.2,0.1,0.07,86,9.3,88.0,140.7,58.0
2024-10-21T18:00,23.4,0.0,0.02,89,6.9,5.0,0.0,5.0
2024-10-21T19:00,22.6,0.0,0.0,93,5.4,0.0,0.0,0.0
2024-10-21T20:00,22.2,0.0,0.0,96,4.5,0.0,0.0,0.0
2024-10-21T21:00,21.9,0.0,0.0,97,5.0,0.0,0.0,0.0
2024-10-21T22:00,21.4,0.0,0.0,98,4.7,0.0,0.0,0.0
2024-10-21T23:00,21.4,0.0,0.0,98,3.8,0.0,0.0,0.0
2024-10-22T00:00,21.0,0.0,0.0,98,4.3,0.0,0.0,0.0
2024-10-22T01:00,21.0,0.0,0.0,98,4.8,0.0,0.0,0.0
2024-10-22T02:00,21.0,0.0,0.0,97,5.0,0.0,0.0,0.0
2024-10-22T03:00,20.9,0.0,0.0,95,7.1,0.0,0.0,0.0
2024-10-22T04:00,20.5,0.0,0.0,96,5.5,0.0,0.0,0.0
2024-10-22T05:00,20.4,0.0,0.0,96,6.1,0.0,0.0,0.0
2024-10-22T06:00,21.3,0.0,0.0,95,6.1,1.0,0.0,1.0
2024-10-22T07:00,22.2,0.0,0.04,93,5.7,81.0,229.0,45.0
2024-10-22T08:00,23.8,0.0,0.17,85,8.7,275.0,471.1,99.0
2024-10-22T09:00,25.5,0.0,0.31,78,8.4,452.0,483.4,176.0
2024-10-22T10:00,26.6,0.0,0.35,73,6.0,479.0,253.7,295.0
2024-10-22T11:00,27.3,0.1,0.34,70,3.3,457.0,123.5,355.0
2024-10-22T12:00,27.8,0.0,0.42,68,4.8,571.0,307.1,305.0
2024-10-22T13:00,28.2,0.0,0.39,66,3.4,521.0,207.6,346.0
2024-10-22T14:00,28.3,0.0,0.35,65,3.3,470.0,191.2,325.0
2024-10-22T15:00,28.0,0.0,0.23,66,2.8,299.0,68.0,257.0
2024-10-22T16:00,24.0,1.7,0.12,82,15.5,129.0,0.0,129.0
2024-10-22T17:00,23.7,0.3,0.07,88,4.1,97.0,175.8,60.0
2024-10-22T18:00,22.5,0.0,0.0,90,1.7,7.0,28.3,5.0
2024-10-22T19:00,22.3,0.0,0.0,92,1.5,0.0,0.0,0.0
2024-10-22T20:00,22.1,0.0,0.0,94,4.2,0.0,0.0,0.0
2024-10-22T21:00,21.9,0.0,0.0,94,5.4,0.0,0.0,0.0
2024-10-22T22:00,21.1,0.0,0.0,95,7.1,0.0,0.0,0.0
2024-10-22T23:00,20.9,0.0,0.0,97,7.2,0.0,0.0,0.0
2024-10-23T00:00,21.8,0.0,0.0,92,5.4,0.0,0.0,0.0
2024-10-23T01:00,20.6,0.0,0.0,96,6.0,0.0,0.0,0.0
2024-10-23T02:00,21.5,0.0,0.0,93,1.1,0.0,0.0,0.0
2024-10-23T03:00,21.4,0.0,0.0,94,1.9,0.0,0.0,0.0
2024-10-23T04:00,20.7,0.0,0.0,95,3.6,0.0,0.0,0.0
2024-10-23T05:00,19.9,0.0,0.0,97,4.1,0.0,0.0,0.0
2024-10-23T06:00,20.4,0.0,0.01,98,2.9,0.0,0.0,0.0
2024-10-23T07:00,21.9,0.0,0.04,94,3.6,86.0,288.0,41.0
2024-10-23T08:00,23.8,0.0,0.18,88,3.8,293.0,551.6,88.0
2024-10-23T09:00,25.8,0.0,0.34,80,7.6,510.0,703.4,110.0
2024-10-23T10:00,27.4,0.0,0.48,70,10.2,688.0,779.1,125.0
2024-10-23T11:00,28.3,0.0,0.58,64,11.1,806.0,818.9,132.0
2024-10-23T12:00,28.8,0.0,0.61,61,11.2,840.0,812.2,139.0
2024-10-23T13:00,29.2,0.0,0.59,57,11.4,799.0,784.6,140.0
2024-10-23T14:00,29.2,0.0,0.53,56,11.4,704.0,756.1,133.0
2024-10-23T15:00,28.6,0.0,0.41,56,12.3,530.0,668.7,119.0
2024-10-23T16:00,27.8,0.0,0.26,60,10.2,321.0,530.5,94.0
2024-10-23T17:00,26.3,0.0,0.12,65,8.2,127.0,351.4,54.0
2024-10-23T18:00,24.1,0.0,0.02,74,6.2,7.0,28.9,5.0
2024-10-23T19:00,23.2,0.0,0.02,78,6.2,0.0,0.0,0.0
2024-10-23T20:00,22.3,0.0,0.01,80,6.6,0.0,0.0,0.0
2024-10-23T21:00,21.4,0.0,0.01,85,8.0,0.0,0.0,0.0
2024-10-23T22:00,21.2,0.0,0.01,85,7.7,0.0,0.0,0.0
2024-10-23T23:00,21.8,0.0,0.01,81,6.0,0.0,0.0,0.0
2024-10-24T00:00,21.0,0.0,0.01,85,5.8,0.0,0.0,0.0
2024-10-24T01:00,19.8,0.0,0.0,91,7.1,0.0,0.0,0.0
2024-10-24T02:00,19.4,0.0,0.0,92,7.5,0.0,0.0,0.0
2024-10-24T03:00,19.6,0.0,0.0,90,5.7,0.0,0.0,0.0
2024-10-24T04:00,19.0,0.0,0.0,93,4.9,0.0,0.0,0.0
2024-10-24T05:00,18.9,0.0,0.0,93,4.2,0.0,0.0,0.0
2024-10-24T06:00,19.5,0.0,0.01,94,4.9,0.0,0.0,0.0
2024-10-24T07:00,21.8,0.0,0.05,86,4.2,86.0,276.9,43.0
2024-10-24T08:00,24.2,0.0,0.19,77,3.6,294.0,535.7,96.0
2024-10-24T09:00,26.2,0.0,0.35,67,4.3,515.0,715.1,110.0
2024-10-24T10:00,27.7,0.0,0.5,57,6.5,692.0,784.7,127.0
2024-10-24T11:00,28.6,0.0,0.59,50,8.9,797.0,783.9,154.0
2024-10-24T12:00,28.7,0.0,0.56,47,10.5,728.0,675.6,147.0
2024-10-24T13:00,28.9,0.0,0.58,47,12.4,747.0,709.9,153.0
2024-10-24T14:00,28.7,0.0,0.5,47,12.8,637.0,626.3,166.0
2024-10-24T15:00,28.4,0.0,0.44,50,12.8,553.0,680.2,137.0
2024-10-24T16:00,27.4,0.0,0.29,56,12.2,350.0,581.1,103.0
2024-10-24T17:00,25.5,0.0,0.12,63,8.5,137.0,370.7,61.0
2024-10-24T18:00,23.6,0.0,0.03,70,7.0,7.0,14.7,6.0
2024-10-24T19:00,22.7,0.0,0.02,74,7.7,0.0,0.0,0.0
2024-10-24T20:00,22.1,0.0,0.02,76,6.7,0.0,0.0,0.0
2024-10-24T21:00,22.0,0.0,0.03,74,9.1,0.0,0.0,0.0
2024-10-24T22:00,21.7,0.0,0.02,74,7.9,0.0,0.0,0.0
2024-10-24T23:00,20.8,0.0,0.01,81,6.1,0.0,0.0,0.0
2024-10-25T00:00,20.1,0.0,0.01,85,6.6,0.0,0.0,0.0
2024-10-25T01:00,19.6,0.0,0.01,87,6.1,0.0,0.0,0.0
2024-10-25T02:00,19.2,0.0,0.0,89,5.5,0.0,0.0,0.0
2024-10-25T03:00,18.9,0.0,0.0,90,5.7,0.0,0.0,0.0
2024-10-25T04:00,18.5,0.0,0.0,92,5.4,0.0,0.0,0.0
2024-10-25T05:00,18.3,0.0,0.0,92,5.4,0.0,0.0,0.0
2024-10-25T06:00,18.9,0.0,0.02,88,5.8,0.0,0.0,0.0
2024-10-25T07:00,21.1,0.0,0.06,80,8.5,88.0,311.0,40.0
2024-10-25T08:00,23.8,0.0,0.2,72,8.2,299.0,584.8,84.0
2024-10-25T09:00,25.7,0.0,0.36,64,11.2,514.0,709.2,114.0
2024-10-25T10:00,26.9,0.0,0.5,57,13.0,694.0,786.1,130.0
2024-10-25T11:00,27.7,0.0,0.59,51,12.8,815.0,828.3,138.0
2024-10-25T12:00,28.4,0.0,0.64,46,13.0,865.0,846.0,140.0
2024-10-25T13:00,28.6,0.0,0.63,44,13.3,836.0,834.9,140.0
2024-10-25T14:00,28.4,0.0,0.57,44,14.5,740.0,819.9,126.0
2024-10-25T15:00,28.0,0.0,0.44,45,13.9,551.0,686.9,133.0
2024-10-25T16:00,27.3,0.0,0.28,50,10.1,336.0,535.4,110.0
2024-10-25T17:00,25.5,0.0,0.12,58,7.5,134.0,370.6,59.0
2024-10-25T18:00,23.8,0.0,0.03,66,5.7,6.0,15.0,5.0
2024-10-25T19:00,22.1,0.0,0.02,72,7.3,0.0,0.0,0.0
2024-10-25T20:00,21.6,0.0,0.02,72,6.5,0.0,0.0,0.0
2024-10-25T21:00,20.4,0.0,0.01,79,5.3,0.0,0.0,0.0
2024-10-25T22:00,19.4,0.0,0.01,82,4.6,0.0,0.0,0.0
2024-10-25T23:00,19.1,0.0,0.01,83,5.1,0.0,0.0,0.0
2024-10-26T00:00,19.0,0.0,0.01,83,6.9,0.0,0.0,0.0
2024-10-26T01:00,19.6,0.0,0.02,79,7.2,0.0,0.0,0.0
2024-10-26T02:00,19.7,0.0,0.02,80,8.1,0.0,0.0,0.0
2024-10-26T03:00,21.1,0.0,0.03,75,8.8,0.0,0.0,0.0
2024-10-26T04:00,21.7,0.0,0.03,74,9.7,0.0,0.0,0.0
2024-10-26T05:00,21.3,0.0,0.03,78,10.3,0.0,0.0,0.0
2024-10-26T06:00,20.1,0.0,0.03,83,9.6,0.0,0.0,0.0
2024-10-26T07:00,21.6,0.0,0.06,82,10.5,85.0,293.4,40.0
2024-10-26T08:00,24.0,0.0,0.2,75,10.5,296.0,574.4,86.0
2024-10-26T09:00,26.0,0.0,0.36,68,13.2,515.0,726.4,107.0
2024-10-26T10:00,27.2,0.0,0.49,63,15.7,693.0,801.7,120.0
2024-10-26T11:00,27.9,0.0,0.55,59,16.2,759.0,735.5,160.0
2024-10-26T12:00,28.5,0.0,0.6,55,16.2,807.0,751.8,165.0
2024-10-26T13:00,28.9,0.0,0.61,52,15.3,810.0,804.3,142.0
2024-10-26T14:00,28.9,0.0,0.53,52,14.6,698.0,752.2,137.0
2024-10-26T15:00,28.7,0.0,0.43,51,12.6,535.0,680.4,123.0
2024-10-26T16:00,28.1,0.0,0.28,53,9.1,346.0,603.4,93.0
2024-10-26T17:00,25.5,0.0,0.1,74,6.9,135.0,405.4,54.0
2024-10-26T18:00,26.4,0.0,0.03,59,4.8,6.0,15.3,5.0
2024-10-26T19:00,25.5,0.0,0.02,63,4.3,0.0,0.0,0.0
2024-10-26T20:00,24.3,0.0,0.01,67,3.8,0.0,0.0,0.0
2024-10-26T21:00,21.5,0.0,0.01,82,5.7,0.0,0.0,0.0
2024-10-26T22:00,20.6,0.0,0.0,88,5.5,0.0,0.0,0.0
2024-10-26T23:00,20.1,0.0,0.0,90,5.4,0.0,0.0,0.0
2024-10-27T00:00,20.1,0.0,0.01,86,8.0,0.0,0.0,0.0
2024-10-27T01:00,19.7,0.0,0.01,82,7.1,0.0,0.0,0.0
2024-10-27T02:00,19.4,0.0,0.01,81,7.0,0.0,0.0,0.0
2024-10-27T03:00,19.2,0.0,0.01,83,6.9,0.0,0.0,0.0
2024-10-27T04:00,19.1,0.0,0.01,85,6.7,0.0,0.0,0.0
2024-10-27T05:00,18.9,0.0,0.01,85,7.6,0.0,0.0,0.0
2024-10-27T06:00,19.1,0.0,0.03,82,7.4,0.0,0.0,0.0
2024-10-27T07:00,20.9,0.0,0.06,78,9.1,86.0,315.0,38.0
2024-10-27T08:00,23.8,0.0,0.2,70,7.9,298.0,594.2,82.0
2024-10-27T09:00,26.2,0.0,0.37,62,10.8,516.0,734.9,105.0
2024-10-27T10:00,27.8,0.0,0.51,54,12.7,693.0,807.5,118.0
2024-10-27T11:00,28.7,0.0,0.6,49,12.8,811.0,845.3,125.0
2024-10-27T12:00,29.2,0.0,0.63,48,12.2,831.0,801.5,149.0
2024-10-27T13:00,29.6,0.0,0.63,46,11.5,823.0,838.8,129.0
2024-10-27T14:00,29.5,0.0,0.55,43,11.6,707.0,778.3,129.0
2024-10-27T15:00,29.0,0.0,0.41,44,12.1,489.0,569.3,146.0
2024-10-27T16:00,28.2,0.0,0.26,50,8.9,308.0,477.8,109.0
2024-10-27T17:00,25.8,0.0,0.1,71,6.5,123.0,339.7,56.0
2024-10-27T18:00,24.1,0.0,0.04,65,7.9,5.0,15.6,4.0
2024-10-27T19:00,23.2,0.0,0.03,69,7.9,0.0,0.0,0.0
2024-10-27T20:00,21.7,0.0,0.02,77,8.2,0.0,0.0,0.0
2024-10-27T21:00,21.8,0.0,0.01,76,5.6,0.0,0.0,0.0
2024-10-27T22:00,21.0,0.0,0.01,80,4.5,0.0,0.0,0.0
2024-10-27T23:00,19.7,0.0,0.0,87,5.1,0.0,0.0,0.0
2024-10-28T00:00,19.5,0.0,0.0,87,5.0,0.0,0.0,0.0
2024-10-28T01:00,19.3,0.0,0.0,88,5.1,0.0,0.0,0.0
2024-10-28T02:00,19.0,0.0,0.0,88,4.9,0.0,0.0,0.0
2024-10-28T03:00,18.6,0.0,0.0,90,6.5,0.0,0.0,0.0
2024-10-28T04:00,18.6,0.0,0.0,90,5.2,0.0,0.0,0.0
2024-10-28T05:00,18.6,0.0,0.0,89,5.7,0.0,0.0,0.0
2024-10-28T06:00,19.9,0.0,0.03,81,7.7,0.0,0.0,0.0
2024-10-28T07:00,21.5,0.0,0.06,77,7.9,68.0,178.4,41.0
2024-10-28T08:00,24.0,0.0,0.17,73,5.3,255.0,434.4,98.0
2024-10-28T09:00,26.7,0.0,0.36,62,6.2,503.0,705.8,110.0
2024-10-28T10:00,28.2,0.0,0.48,52,6.9,652.0,683.7,167.0
2024-10-28T11:00,29.2,0.0,0.55,49,9.6,723.0,610.9,229.0
2024-10-28T12:00,28.8,0.0,0.41,49,8.7,501.0,244.2,294.0
2024-10-28T13:00,29.0,0.0,0.44,50,9.4,543.0,339.7,263.0
2024-10-28T14:00,28.5,0.0,0.31,51,8.2,358.0,91.9,290.0
2024-10-28T15:00,28.6,0.0,0.3,51,7.1,358.0,280.2,190.0
2024-10-28T16:00,28.0,0.0,0.22,53,7.9,249.0,336.0,110.0
2024-10-28T17:00,26.3,0.0,0.1,64,5.5,110.0,272.1,57.0
2024-10-28T18:00,24.7,0.0,0.03,70,6.8,5.0,15.9,4.0
2024-10-28T19:00,23.5,0.0,0.02,74,7.1,0.0,0.0,0.0
2024-10-28T20:00,22.5,0.0,0.02,80,6.8,0.0,0.0,0.0
2024-10-28T21:00,24.1,0.0,0.01,70,3.8,0.0,0.0,0.0
2024-10-28T22:00,22.6,0.0,0.0,77,2.4,0.0,0.0,0.0
2024-10-28T23:00,21.8,0.0,0.01,81,5.3,0.0,0.0,0.0
2024-10-29T00:00,20.4,0.0,0.0,86,5.2,0.0,0.0,0.0
2024-10-29T01:00,20.0,0.0,0.0,84,3.3,0.0,0.0,0.0
2024-10-29T02:00,19.6,0.0,0.0,86,4.4,0.0,0.0,0.0
2024-10-29T03:00,20.0,0.0,0.0,82,3.3,0.0,0.0,0.0
2024-10-29T04:00,19.4,0.0,0.0,84,4.7,0.0,0.0,0.0
2024-10-29T05:00,19.2,0.0,0.01,80,5.2,0.0,0.0,0.0
2024-10-29T06:00,19.6,0.0,0.02,82,4.6,0.0,0.0,0.0
2024-10-29T07:00,21.8,0.0,0.05,76,5.5,80.0,279.4,38.0
2024-10-29T08:00,24.7,0.0,0.19,68,3.6,285.0,551.1,87.0
2024-10-29T09:00,27.1,0.0,0.36,59,5.3,500.0,708.9,107.0
2024-10-29T10:00,28.6,0.0,0.49,50,6.2,664.0,745.8,137.0
2024-10-29T11:00,29.4,0.0,0.57,46,7.0,754.0,747.2,152.0
2024-10-29T12:00,30.3,0.0,0.61,43,7.6,793.0,743.4,165.0
2024-10-29T13:00,30.5,0.0,0.55,43,6.9,710.0,611.4,208.0
2024-10-29T14:00,30.4,0.0,0.4,42,5.6,488.0,401.9,192.0
2024-10-29T15:00,30.5,0.0,0.39,43,7.7,473.0,491.1,180.0
2024-10-29T16:00,29.1,0.0,0.27,49,10.4,290.0,423.3,116.0
2024-10-29T17:00,27.4,0.0,0.11,57,7.0,107.0,270.4,55.0
2024-10-29T18:00,25.4,0.0,0.04,60,6.2,4.0,16.2,3.0
2024-10-29T19:00,24.0,0.0,0.02,67,5.9,0.0,0.0,0.0
2024-10-29T20:00,23.8,0.0,0.02,68,5.5,0.0,0.0,0.0
2024-10-29T21:00,23.9,0.0,0.0,65,1.5,0.0,0.0,0.0
2024-10-29T22:00,22.9,0.0,0.0,72,0.9,0.0,0.0,0.0
2024-10-29T23:00,23.4,0.0,0.0,66,0.4,0.0,0.0,0.0
2024-10-30T00:00,22.6,0.0,0.0,70,2.2,0.0,0.0,0.0
2024-10-30T01:00,21.8,0.0,0.01,76,3.8,0.0,0.0,0.0
2024-10-30T02:00,22.3,0.0,0.01,77,5.6,0.0,0.0,0.0
2024-10-30T03:00,22.4,0.0,0.01,79,5.0,0.0,0.0,0.0
2024-10-30T04:00,22.1,0.0,0.01,85,5.2,0.0,0.0,0.0
2024-10-30T05:00,21.7,0.0,0.0,88,4.7,0.0,0.0,0.0
2024-10-30T06:00,20.7,0.0,0.02,86,3.8,0.0,0.0,0.0
2024-10-30T07:00,22.3,0.0,0.05,79,4.7,77.0,268.0,37.0
2024-10-30T08:00,25.3,0.0,0.18,71,2.3,273.0,523.7,86.0
2024-10-30T09:00,27.2,0.0,0.33,61,2.7,474.0,641.4,120.0
2024-10-30T10:00,28.4,0.0,0.46,54,5.4,621.0,633.6,175.0
2024-10-30T11:00,28.7,0.0,0.43,52,7.0,543.0,361.3,253.0
2024-10-30T12:00,29.3,0.0,0.49,51,7.0,627.0,389.7,299.0
2024-10-30T13:00,29.8,0.0,0.49,52,7.8,631.0,432.7,277.0
2024-10-30T14:00,29.8,0.0,0.4,52,8.8,480.0,351.7,222.0
2024-10-30T15:00,29.5,0.0,0.33,52,9.7,389.0,373.9,167.0
2024-10-30T16:00,29.0,0.0,0.25,54,8.5,292.0,460.4,104.0
2024-10-30T17:00,27.1,0.0,0.09,65,5.0,115.0,342.2,50.0
2024-10-30T18:00,26.1,0.0,0.05,64,7.3,4.0,16.5,3.0
2024-10-30T19:00,25.3,0.0,0.03,68,6.4,0.0,0.0,0.0
2024-10-30T20:00,25.4,0.0,0.03,67,5.9,0.0,0.0,0.0
2024-10-30T21:00,24.8,0.0,0.02,71,5.2,0.0,0.0,0.0
2024-10-30T22:00,23.9,0.0,0.02,75,5.7,0.0,0.0,0.0
2024-10-30T23:00,23.9,0.0,0.03,75,8.5,0.0,0.0,0.0
2024-10-31T00:00,23.4,0.0,0.03,77,9.0,0.0,0.0,0.0
2024-10-31T01:00,22.3,0.0,0.01,83,5.0,0.0,0.0,0.0
2024-10-31T02:00,21.6,0.0,0.0,89,5.6,0.0,0.0,0.0
2024-10-31T03:00,21.5,0.0,0.0,89,4.8,0.0,0.0,0.0
2024-10-31T04:00,21.4,0.0,0.0,90,5.5,0.0,0.0,0.0
2024-10-31T05:00,21.3,0.0,0.0,91,3.9,0.0,0.0,0.0
2024-10-31T06:00,21.3,0.0,0.01,93,3.1,0.0,0.0,0.0
2024-10-31T07:00,22.5,0.0,0.04,87,2.6,74.0,242.9,38.0
2024-10-31T08:00,24.4,0.0,0.17,79,4.0,255.0,453.7,94.0
2024-10-31T09:00,26.3,0.0,0.3,73,6.7,431.0,542.4,133.0
2024-10-31T10:00,27.7,0.2,0.44,68,9.3,619.0,670.4,149.0
2024-10-31T11:00,28.6,0.0,0.49,65,10.7,659.0,605.2,175.0
2024-10-31T12:00,29.5,0.0,0.56,62,11.1,745.0,688.1,168.0
2024-10-31T13:00,30.0,0.0,0.55,58,11.6,720.0,683.5,163.0
2024-10-31T14:00,30.3,0.0,0.5,56,12.5,642.0,690.0,138.0
2024-10-31T15:00,29.9,0.1,0.38,56,10.9,466.0,572.0,128.0
2024-10-31T16:00,27.1,1.0,0.22,71,11.4,288.0,436.2,111.0
2024-10-31T17:00,26.4,0.0,0.06,77,2.2,81.0,159.9,51.0
2024-10-31T18:00,25.3,0.0,0.03,74,6.8,4.0,16.8,3.0
2024-10-31T19:00,24.6,0.0,0.02,77,6.5,0.0,0.0,0.0
2024-10-31T20:00,23.7,0.0,0.01,83,5.9,0.0,0.0,0.0
2024-10-31T21:00,23.5,0.0,0.01,84,5.8,0.0,0.0,0.0
2024-10-31T22:00,23.1,0.0,0.01,86,6.9,0.0,0.0,0.0
2024-10-31T23:00,22.4,0.0,0.0,90,5.1,0.0,0.0,0.0
2024-11-01T00:00,21.9,2.1,0.01,94,11.0,0.0,0.0,0.0
2024-11-01T01:00,21.6,1.0,0.0,96,3.3,0.0,0.0,0.0
2024-11-01T02:00,21.6,0.0,0.0,96,7.4,0.0,0.0,0.0
2024-11-01T03:00,21.3,0.0,0.0,97,8.6,0.0,0.0,0.0
2024-11-01T04:00,20.8,0.0,0.0,97,6.4,0.0,0.0,0.0
2024-11-01T05:00,20.4,0.0,0.0,98,3.2,0.0,0.0,0.0
2024-11-01T06:00,21.4,0.0,0.01,95,4.4,0.0,0.0,0.0
2024-11-01T07:00,22.4,0.0,0.04,93,2.0,73.0,251.5,36.0
2024-11-01T08:00,24.2,0.0,0.17,87,2.8,270.0,516.1,88.0
2024-11-01T09:00,26.1,0.0,0.33,78,4.5,476.0,656.5,117.0
2024-11-01T10:00,27.7,0.0,0.45,71,7.2,639.0,721.7,135.0
2024-11-01T11:00,28.9,0.1,0.52,63,9.3,708.0,682.7,164.0
2024-11-01T12:00,28.2,0.0,0.33,63,9.2,406.0,169.9,264.0
2024-11-01T13:00,29.1,0.0,0.42,60,8.0,540.0,367.0,242.0
2024-11-01T14:00,29.4,0.0,0.4,58,7.7,506.0,340.9,258.0
2024-11-01T15:00,28.4,0.0,0.26,62,9.0,306.0,263.5,151.0
2024-11-01T16:00,27.8,0.0,0.22,63,7.8,266.0,389.3,109.0
2024-11-01T17:00,26.4,0.1,0.08,70,4.9,94.0,237.3,50.0
2024-11-01T18:00,24.2,0.0,0.03,80,10.1,3.0,0.0,3.0
2024-11-01T19:00,23.5,0.0,0.01,85,5.4,0.0,0.0,0.0
2024-11-01T20:00,23.0,0.0,0.0,89,4.7,0.0,0.0,0.0
2024-11-01T21:00,22.7,0.0,0.0,92,4.8,0.0,0.0,0.0
2024-11-01T22:00,21.9,0.0,0.0,95,7.9,0.0,0.0,0.0
2024-11-01T23:00,21.8,0.0,0.0,94,6.4,0.0,0.0,0.0
2024-11-02T00:00,21.1,0.0,0.0,97,6.5,0.0,0.0,0.0
2024-11-02T01:00,20.7,0.0,0.0,98,7.1,0.0,0.0,0.0
2024-11-02T02:00,20.5,0.0,0.0,99,6.6,0.0,0.0,0.0
2024-11-02T03:00,20.7,0.0,0.0,98,6.5,0.0,0.0,0.0
2024-11-02T04:00,21.2,0.0,0.0,97,3.7,0.0,0.0,0.0
2024-11-02T05:00,21.0,0.0,0.0,98,3.8,0.0,0.0,0.0
2024-11-02T06:00,20.5,0.0,0.01,98,4.8,0.0,0.0,0.0
2024-11-02T07:00,22.0,0.0,0.04,95,3.4,77.0,287.7,35.0
2024-11-02T08:00,24.4,0.0,0.18,84,3.8,284.0,579.3,81.0
2024-11-02T09:00,26.4,0.0,0.34,71,6.8,499.0,729.4,102.0
2024-11-02T10:00,28.0,0.0,0.49,59,9.4,678.0,810.9,114.0
2024-11-02T11:00,29.2,0.0,0.59,52,10.9,792.0,841.5,124.0
2024-11-02T12:00,29.9,0.0,0.62,48,11.3,810.0,791.6,151.0
2024-11-02T13:00,30.1,0.0,0.56,46,10.6,704.0,623.1,200.0
2024-11-02T14:00,30.3,0.0,0.49,44,9.6,609.0,549.3,211.0
2024-11-02T15:00,30.2,0.0,0.41,43,9.4,495.0,608.1,139.0
2024-11-02T16:00,29.2,0.0,0.3,47,11.3,339.0,628.8,87.0
2024-11-02T17:00,27.0,0.0,0.14,53,11.3,121.0,387.3,50.0
2024-11-02T18:00,25.7,0.0,0.06,59,9.8,4.0,17.4,3.0
2024-11-02T19:00,24.3,0.0,0.04,63,8.1,0.0,0.0,0.0
2024-11-02T20:00,23.6,0.0,0.04,64,9.3,0.0,0.0,0.0
2024-11-02T21:00,23.2,0.0,0.04,64,8.9,0.0,0.0,0.0
2024-11-02T22:00,21.8,0.0,0.02,70,6.9,0.0,0.0,0.0
2024-11-02T23:00,20.8,0.0,0.02,76,6.2,0.0,0.0,0.0
2024-11-03T00:00,20.0,0.0,0.02,82,7.9,0.0,0.0,0.0
2024-11-03T01:00,19.9,0.0,0.02,81,8.2,0.0,0.0,0.0
2024-11-03T02:00,19.5,0.0,0.01,83,8.5,0.0,0.0,0.0
2024-11-03T03:00,19.8,0.0,0.01,82,7.2,0.0,0.0,0.0
2024-11-03T04:00,20.2,0.0,0.01,82,6.6,0.0,0.0,0.0
2024-11-03T05:00,19.0,0.0,0.0,89,6.3,0.0,0.0,0.0
2024-11-03T06:00,19.6,0.0,0.01,94,5.8,0.0,0.0,0.0
2024-11-03T07:00,21.8,0.0,0.05,87,7.6,77.0,296.8,34.0
2024-11-03T08:00,24.5,0.0,0.19,75,5.9,286.0,594.6,79.0
2024-11-03T09:00,26.9,0.0,0.36,59,9.0,502.0,740.2,101.0
2024-11-03T10:00,28.4,0.0,0.51,47,11.0,679.0,817.0,113.0
2024-11-03T11:00,29.1,0.0,0.6,43,11.7,795.0,852.2,121.0
2024-11-03T12:00,29.6,0.0,0.65,40,12.1,842.0,865.6,124.0
2024-11-03T13:00,29.8,0.0,0.63,39,11.1,813.0,854.9,124.0
2024-11-03T14:00,29.7,0.0,0.55,39,9.6,714.0,829.9,115.0
2024-11-03T15:00,29.4,0.0,0.43,39,8.2,552.0,772.2,102.0
2024-11-03T16:00,28.8,0.0,0.27,42,6.5,342.0,650.1,83.0
2024-11-03T17:00,25.9,0.0,0.1,65,7.3,123.0,408.3,49.0
2024-11-03T18:00,26.2,0.0,0.04,51,5.3,4.0,17.7,3.0
2024-11-03T19:00,23.4,0.0,0.02,64,5.6,0.0,0.0,0.0
2024-11-03T20:00,21.9,0.0,0.02,69,6.0,0.0,0.0,0.0
2024-11-03T21:00,21.0,0.0,0.03,72,8.1,0.0,0.0,0.0
2024-11-03T22:00,20.0,0.0,0.03,76,9.6,0.0,0.0,0.0
2024-11-03T23:00,20.0,0.0,0.03,75,9.4,0.0,0.0,0.0
2024-11-04T00:00,19.3,0.0,0.03,76,10.7,0.0,0.0,0.0
2024-11-04T01:00,18.9,0.0,0.02,77,8.5,0.0,0.0,0.0
2024-11-04T02:00,18.5,0.0,0.02,80,7.7,0.0,0.0,0.0
2024-11-04T03:00,18.3,0.0,0.01,83,7.6,0.0,0.0,0.0
2024-11-04T04:00,18.6,0.0,0.01,83,6.4,0.0,0.0,0.0
2024-11-04T05:00,18.4,0.0,0.01,86,6.4,0.0,0.0,0.0
2024-11-04T06:00,18.8,0.0,0.01,94,5.4,0.0,0.0,0.0
2024-11-04T07:00,21.0,0.0,0.04,87,7.6,76.0,292.1,34.0
2024-11-04T08:00,24.0,0.0,0.18,75,5.4,283.0,589.9,79.0
2024-11-04T09:00,26.7,0.0,0.36,55,8.9,499.0,740.0,100.0
2024-11-04T10:00,28.3,0.0,0.52,42,11.7,676.0,814.5,114.0
2024-11-04T11:00,29.1,0.0,0.59,39,12.2,761.0,789.4,139.0
2024-11-04T12:00,29.5,0.0,0.61,38,11.8,777.0,671.5,222.0
2024-11-04T13:00,29.8,0.0,0.55,36,9.5,691.0,523.0,271.0
2024-11-04T14:00,29.7,0.0,0.43,35,7.9,521.0,293.5,310.0
2024-11-04T15:00,29.3,0.0,0.36,36,8.9,403.0,305.1,226.0
2024-11-04T16:00,28.2,0.0,0.24,41,10.1,230.0,196.9,152.0
2024-11-04T17:00,26.7,0.0,0.13,47,9.0,81.0,106.0,62.0
2024-11-04T18:00,23.6,0.0,0.05,62,8.1,3.0,18.0,2.0
2024-11-04T19:00,22.5,0.0,0.03,64,6.9,0.0,0.0,0.0
2024-11-04T20:00,22.3,0.0,0.02,66,5.9,0.0,0.0,0.0
2024-11-04T21:00,21.8,0.0,0.02,72,6.2,0.0,0.0,0.0
2024-11-04T22:00,22.0,0.0,0.01,68,4.5,0.0,0.0,0.0
2024-11-04T23:00,19.8,0.0,0.02,81,8.2,0.0,0.0,0.0
2024-11-05T00:00,20.4,0.0,0.02,77,8.5,0.0,0.0,0.0
2024-11-05T01:00,21.7,0.0,0.02,68,6.1,0.0,0.0,0.0
2024-11-05T02:00,21.6,0.0,0.03,67,7.2,0.0,0.0,0.0
2024-11-05T03:00,20.8,0.0,0.02,70,7.1,0.0,0.0,0.0
2024-11-05T04:00,20.1,0.0,0.02,73,8.1,0.0,0.0,0.0
2024-11-05T05:00,19.0,0.0,0.01,80,6.2,0.0,0.0,0.0
2024-11-05T06:00,18.6,0.0,0.02,89,7.1,0.0,0.0,0.0
2024-11-05T07:00,20.9,0.0,0.04,81,4.5,74.0,287.4,33.0
2024-11-05T08:00,23.8,0.0,0.18,72,3.3,282.0,593.8,78.0
2024-11-05T09:00,26.3,0.0,0.35,57,5.9,497.0,739.9,100.0
2024-11-05T10:00,28.2,0.0,0.51,45,10.6,673.0,813.5,114.0
2024-11-05T11:00,29.0,0.0,0.56,39,12.4,704.0,606.3,228.0
2024-11-05T12:00,29.4,0.0,0.59,39,11.8,753.0,624.1,239.0
2024-11-05T13:00,30.1,0.0,0.61,36,9.8,785.0,772.4,167.0
2024-11-05T14:00,30.0,0.0,0.52,36,12.1,629.0,622.7,183.0
2024-11-05T15:00,29.4,0.0,0.41,37,14.0,431.0,425.9,185.0
2024-11-05T16:00,28.8,0.0,0.26,39,8.9,273.0,355.4,133.0
2024-11-05T17:00,26.6,0.0,0.1,49,5.8,103.0,276.2,54.0
2024-11-05T18:00,25.8,0.0,0.08,50,10.0,3.0,0.0,3.0
2024-11-05T19:00,24.6,0.0,0.04,54,6.7,0.0,0.0,0.0
2024-11-05T20:00,23.4,0.0,0.02,60,5.1,0.0,0.0,0.0
2024-11-05T21:00,21.5,0.0,0.01,70,4.0,0.0,0.0,0.0
2024-11-05T22:00,21.8,0.0,0.0,68,2.8,0.0,0.0,0.0
2024-11-05T23:00,22.8,0.0,0.0,64,1.1,0.0,0.0,0.0
2024-11-06T00:00,23.2,0.0,0.02,60,4.7,0.0,0.0,0.0
2024-11-06T01:00,21.6,0.0,0.02,70,5.9,0.0,0.0,0.0
2024-11-06T02:00,21.3,0.0,0.02,70,5.9,0.0,0.0,0.0
2024-11-06T03:00,20.5,0.0,0.01,78,5.0,0.0,0.0,0.0
2024-11-06T04:00,19.3,0.0,0.01,82,6.6,0.0,0.0,0.0
2024-11-06T05:00,18.4,0.0,0.01,84,7.1,0.0,0.0,0.0
2024-11-06T06:00,17.7,0.0,0.02,88,3.7,0.0,0.0,0.0
2024-11-06T07:00,20.3,0.0,0.03,79,1.8,74.0,296.8,32.0
2024-11-06T08:00,23.9,0.0,0.17,65,0.4,280.0,595.0,77.0
2024-11-06T09:00,26.4,0.0,0.34,55,2.9,495.0,741.6,99.0
2024-11-06T10:00,27.9,0.0,0.49,47,5.6,672.0,818.3,112.0
2024-11-06T11:00,28.8,0.0,0.59,44,7.9,789.0,856.6,119.0
2024-11-06T12:00,29.4,0.0,0.63,43,9.3,832.0,856.6,129.0
2024-11-06T13:00,29.7,0.0,0.62,42,10.3,806.0,855.4,124.0
2024-11-06T14:00,29.6,0.0,0.55,42,11.2,707.0,831.1,114.0
2024-11-06T15:00,29.4,0.0,0.45,42,13.0,543.0,768.4,101.0
2024-11-06T16:00,28.4,0.0,0.32,42,14.3,334.0,635.6,85.0
2024-11-06T17:00,26.5,0.0,0.14,49,10.3,119.0,404.3,48.0
2024-11-06T18:00,24.7,0.0,0.07,57,10.1,3.0,18.6,2.0
2024-11-06T19:00,23.7,0.0,0.04,62,8.6,0.0,0.0,0.0
2024-11-06T20:00,22.9,0.0,0.03,65,6.8,0.0,0.0,0.0
2024-11-06T21:00,21.7,0.0,0.04,72,10.1,0.0,0.0,0.0
2024-11-06T22:00,21.9,0.0,0.03,69,7.3,0.0,0.0,0.0
2024-11-06T23:00,20.6,0.0,0.02,76,7.1,0.0,0.0,0.0
2024-11-07T00:00,20.6,0.0,0.02,77,6.6,0.0,0.0,0.0
2024-11-07T01:00,20.4,0.0,0.01,76,5.5,0.0,0.0,0.0
2024-11-07T02:00,19.0,0.0,0.02,81,8.4,0.0,0.0,0.0
2024-11-07T03:00,18.4,0.0,0.01,84,8.9,0.0,0.0,0.0
2024-11-07T04:00,18.7,0.0,0.01,81,6.8,0.0,0.0,0.0
2024-11-07T05:00,19.6,0.0,0.01,76,3.9,0.0,0.0,0.0
2024-11-07T06:00,18.6,0.0,0.02,86,6.2,0.0,0.0,0.0
2024-11-07T07:00,20.6,0.0,0.04,79,3.8,72.0,285.0,32.0
2024-11-07T08:00,23.6,0.0,0.17,67,2.5,277.0,587.3,78.0
2024-11-07T09:00,25.9,0.0,0.34,56,6.0,492.0,739.6,99.0
2024-11-07T10:00,27.5,0.0,0.5,44,10.4,671.0,821.6,111.0
2024-11-07T11:00,28.5,0.0,0.59,39,10.4,791.0,864.9,117.0
2024-11-07T12:00,29.1,0.0,0.63,37,10.0,839.0,880.4,119.0
2024-11-07T13:00,29.4,0.0,0.62,38,9.3,811.0,873.6,117.0
2024-11-07T14:00,29.4,0.0,0.54,40,8.7,709.0,841.2,111.0
2024-11-07T15:00,29.1,0.0,0.42,42,8.3,543.0,771.6,101.0
2024-11-07T16:00,28.5,0.0,0.28,43,9.3,330.0,628.7,85.0
2024-11-07T17:00,26.5,0.0,0.14,49,10.1,114.0,373.8,49.0
2024-11-07T18:00,24.9,0.0,0.09,54,12.6,3.0,0.0,3.0
2024-11-07T19:00,23.9,0.0,0.06,58,9.5,0.0,0.0,0.0
2024-11-07T20:00,22.5,0.0,0.02,64,5.9,0.0,0.0,0.0
2024-11-07T21:00,21.6,0.0,0.03,69,8.4,0.0,0.0,0.0
2024-11-07T22:00,21.7,0.0,0.03,67,7.5,0.0,0.0,0.0
2024-11-07T23:00,21.3,0.0,0.03,68,8.4,0.0,0.0,0.0
2024-11-08T00:00,20.7,0.0,0.02,71,7.2,0.0,0.0,0.0
2024-11-08T01:00,19.7,0.0,0.02,76,6.4,0.0,0.0,0.0
2024-11-08T02:00,19.3,0.0,0.02,77,6.6,0.0,0.0,0.0
2024-11-08T03:00,19.0,0.0,0.01,78,6.5,0.0,0.0,0.0
2024-11-08T04:00,18.1,0.0,0.01,84,7.4,0.0,0.0,0.0
2024-11-08T05:00,17.8,0.0,0.01,86,6.7,0.0,0.0,0.0
2024-11-08T06:00,18.0,0.0,0.0,88,5.9,0.0,0.0,0.0
2024-11-08T07:00,20.3,0.0,0.05,78,6.8,72.0,294.6,31.0
2024-11-08T08:00,23.4,0.0,0.18,65,4.3,278.0,597.4,77.0
2024-11-08T09:00,25.9,0.0,0.35,53,6.0,493.0,747.0,98.0
2024-11-08T10:00,27.3,0.0,0.5,47,11.3,670.0,823.5,111.0
2024-11-08T11:00,28.2,0.0,0.59,43,12.4,787.0,860.4,119.0
2024-11-08T12:00,28.8,0.0,0.63,42,11.6,831.0,870.0,122.0
2024-11-08T13:00,29.2,0.0,0.61,40,10.7,803.0,862.7,120.0
2024-11-08T14:00,29.2,0.0,0.55,39,11.5,703.0,834.3,112.0
2024-11-08T15:00,28.9,0.0,0.44,39,12.0,541.0,771.1,101.0
2024-11-08T16:00,28.0,0.0,0.3,41,11.7,333.0,647.3,82.0
2024-11-08T17:00,26.1,0.0,0.12,49,8.3,116.0,406.3,46.0
2024-11-08T18:00,24.6,0.0,0.06,57,9.9,3.0,0.0,3.0
2024-11-08T19:00,23.7,0.0,0.05,59,8.5,0.0,0.0,0.0
2024-11-08T20:00,21.9,0.0,0.03,67,6.7,0.0,0.0,0.0
2024-11-08T21:00,21.0,0.0,0.02,71,6.4,0.0,0.0,0.0
2024-11-08T22:00,20.1,0.0,0.02,74,8.2,0.0,0.0,0.0
2024-11-08T23:00,19.4,0.0,0.02,77,9.5,0.0,0.0,0.0
2024-11-09T00:00,18.8,0.0,0.02,80,9.0,0.0,0.0,0.0
2024-11-09T01:00,18.4,0.0,0.02,81,8.3,0.0,0.0,0.0
2024-11-09T02:00,20.6,0.0,0.02,69,6.0,0.0,0.0,0.0
2024-11-09T03:00,17.6,0.0,0.01,83,7.0,0.0,0.0,0.0
2024-11-09T04:00,16.5,0.0,0.01,87,6.9,0.0,0.0,0.0
2024-11-09T05:00,16.6,0.0,0.0,85,5.0,0.0,0.0,0.0
2024-11-09T06:00,17.4,0.0,0.01,82,6.5,0.0,0.0,0.0
2024-11-09T07:00,19.2,0.0,0.04,77,4.0,71.0,289.9,31.0
2024-11-09T08:00,22.6,0.0,0.17,64,3.1,277.0,604.7,75.0
2024-11-09T09:00,25.5,0.0,0.34,53,5.9,492.0,750.8,97.0
2024-11-09T10:00,27.5,0.0,0.49,43,8.4,668.0,828.4,108.0
2024-11-09T11:00,28.5,0.0,0.58,39,8.3,785.0,864.8,116.0
2024-11-09T12:00,29.2,0.0,0.62,38,7.6,834.0,884.1,116.0
2024-11-09T13:00,29.5,0.0,0.59,38,7.1,785.0,827.6,132.0
2024-11-09T14:00,29.7,0.0,0.54,37,6.9,712.0,862.7,103.0
2024-11-09T15:00,29.5,0.0,0.42,36,8.2,532.0,746.0,108.0
2024-11-09T16:00,28.5,0.0,0.28,38,10.5,303.0,518.3,103.0
2024-11-09T17:00,26.6,0.0,0.13,43,7.8,108.0,351.3,48.0
2024-11-09T18:00,25.1,0.0,0.11,46,13.1,3.0,0.0,3.0
2024-11-09T19:00,23.8,0.0,0.07,54,11.4,0.0,0.0,0.0
2024-11-09T20:00,22.7,0.0,0.05,59,9.3,0.0,0.0,0.0
2024-11-09T21:00,21.3,0.0,0.02,65,6.0,0.0,0.0,0.0
2024-11-09T22:00,20.4,0.0,0.03,69,7.5,0.0,0.0,0.0
2024-11-09T23:00,20.6,0.0,0.03,65,7.2,0.0,0.0,0.0
2024-11-10T00:00,20.5,0.0,0.03,65,7.5,0.0,0.0,0.0
2024-11-10T01:00,19.7,0.0,0.02,69,6.7,0.0,0.0,0.0
2024-11-10T02:00,18.4,0.0,0.02,77,9.6,0.0,0.0,0.0
2024-11-10T03:00,18.7,0.0,0.02,74,7.3,0.0,0.0,0.0
2024-11-10T04:00,18.8,0.0,0.02,73,6.6,0.0,0.0,0.0
2024-11-10T05:00,18.0,0.0,0.01,76,6.2,0.0,0.0,0.0
2024-11-10T06:00,17.2,0.0,0.02,82,8.8,0.0,0.0,0.0
2024-11-10T07:00,19.9,0.0,0.04,72,5.3,68.0,277.8,30.0
2024-11-10T08:00,23.0,0.0,0.17,62,3.1,271.0,591.0,75.0
2024-11-10T09:00,25.9,0.0,0.34,53,5.5,484.0,739.3,97.0
2024-11-10T10:00,27.9,0.0,0.5,42,10.8,659.0,817.0,109.0
2024-11-10T11:00,28.9,0.0,0.58,38,11.0,744.0,764.2,155.0
2024-11-10T12:00,28.8,0.0,0.49,37,10.8,597.0,367.0,300.0
2024-11-10T13:00,29.0,0.0,0.5,36,11.5,599.0,418.4,270.0
2024-11-10T14:00,28.8,0.0,0.4,37,11.6,430.0,209.0,283.0
2024-11-10T15:00,28.1,0.0,0.33,40,13.4,331.0,256.1,186.0
2024-11-10T16:00,27.6,0.0,0.23,40,12.1,170.0,135.4,118.0
2024-11-10T17:00,25.9,0.0,0.09,48,4.8,88.0,242.1,47.0
2024-11-10T18:00,23.9,0.0,0.04,57,5.8,2.0,0.0,2.0
2024-11-10T19:00,23.6,0.0,0.03,59,5.9,0.0,0.0,0.0
2024-11-10T20:00,23.8,0.0,0.04,58,7.2,0.0,0.0,0.0
2024-11-10T21:00,22.7,0.0,0.04,60,8.2,0.0,0.0,0.0
2024-11-10T22:00,21.4,0.0,0.03,64,6.6,0.0,0.0,0.0
2024-11-10T23:00,21.4,0.0,0.04,63,7.9,0.0,0.0,0.0
2024-11-11T00:00,20.7,0.0,0.03,66,7.5,0.0,0.0,0.0
2024-11-11T01:00,19.6,0.0,0.02,72,6.7,0.0,0.0,0.0
2024-11-11T02:00,19.1,0.0,0.02,76,7.6,0.0,0.0,0.0
2024-11-11T03:00,20.1,0.0,0.0,70,2.8,0.0,0.0,0.0
2024-11-11T04:00,18.6,0.0,0.01,77,5.2,0.0,0.0,0.0
2024-11-11T05:00,16.6,0.0,0.01,87,8.5,0.0,0.0,0.0
2024-11-11T06:00,16.8,0.0,0.01,88,8.3,0.0,0.0,0.0
2024-11-11T07:00,19.4,0.0,0.04,77,5.7,68.0,280.3,30.0
2024-11-11T08:00,22.6,0.0,0.17,66,5.5,272.0,598.5,75.0
2024-11-11T09:00,25.2,0.0,0.34,55,8.4,486.0,747.0,97.0
2024-11-11T10:00,26.9,0.0,0.5,41,13.5,664.0,827.9,109.0
2024-11-11T11:00,27.9,0.0,0.6,38,13.7,783.0,868.7,116.0
2024-11-11T12:00,28.4,0.0,0.63,39,13.4,831.0,885.3,117.0
2024-11-11T13:00,28.7,0.0,0.61,40,13.5,802.0,874.0,117.0
2024-11-11T14:00,28.7,0.0,0.55,39,13.9,701.0,843.0,110.0
2024-11-11T15:00,28.5,0.0,0.44,39,13.4,537.0,772.9,101.0
2024-11-11T16:00,27.9,0.0,0.3,42,12.6,329.0,648.7,81.0
2024-11-11T17:00,26.1,0.0,0.13,48,9.3,114.0,410.8,45.0
2024-11-11T18:00,24.0,0.0,0.08,56,10.6,2.0,0.0,2.0
2024-11-11T19:00,23.1,0.0,0.06,57,9.7,0.0,0.0,0.0
2024-11-11T20:00,22.2,0.0,0.04,61,8.5,0.0,0.0,0.0
2024-11-11T21:00,21.3,0.0,0.03,66,7.2,0.0,0.0,0.0
2024-11-11T22:00,20.3,0.0,0.02,72,6.6,0.0,0.0,0.0
2024-11-11T23:00,19.7,0.0,0.02,74,7.0,0.0,0.0,0.0
2024-11-12T00:00,20.0,0.0,0.03,72,9.0,0.0,0.0,0.0
2024-11-12T01:00,19.5,0.0,0.02,72,7.9,0.0,0.0,0.0
2024-11-12T02:00,18.9,0.0,0.02,74,7.3,0.0,0.0,0.0
2024-11-12T03:00,18.5,0.0,0.02,77,7.3,0.0,0.0,0.0
2024-11-12T04:00,17.8,0.0,0.01,80,6.6,0.0,0.0,0.0
2024-11-12T05:00,17.2,0.0,0.01,83,6.5,0.0,0.0,0.0
2024-11-12T06:00,17.4,0.0,0.01,85,6.7,0.0,0.0,0.0
2024-11-12T07:00,19.6,0.0,0.05,75,10.3,66.0,282.9,28.0
2024-11-12T08:00,22.8,0.0,0.19,65,9.7,270.0,600.0,74.0
2024-11-12T09:00,25.1,0.0,0.35,57,14.2,483.0,750.9,94.0
2024-11-12T10:00,26.6,0.0,0.48,50,15.1,657.0,822.4,108.0
2024-11-12T11:00,27.8,0.0,0.57,47,13.6,771.0,856.2,116.0
2024-11-12T12:00,28.6,0.0,0.61,45,11.9,816.0,867.2,119.0
2024-11-12T13:00,29.1,0.0,0.6,44,11.1,787.0,852.6,121.0
2024-11-12T14:00,29.7,0.0,0.53,41,9.1,681.0,800.1,122.0
2024-11-12T15:00,29.4,0.0,0.36,41,8.0,441.0,482.1,170.0
2024-11-12T16:00,28.9,0.0,0.26,41,8.6,297.0,480.8,114.0
2024-11-12T17:00,26.8,0.0,0.11,49,6.8,96.0,288.0,48.0
2024-11-12T18:00,24.8,0.0,0.07,56,10.0,2.0,0.0,2.0
2024-11-12T19:00,23.4,0.0,0.04,62,8.9,0.0,0.0,0.0
2024-11-12T20:00,22.6,0.0,0.05,64,9.9,0.0,0.0,0.0
2024-11-12T21:00,21.7,0.0,0.04,65,8.7,0.0,0.0,0.0
2024-11-12T22:00,21.1,0.0,0.04,66,9.5,0.0,0.0,0.0
2024-11-12T23:00,21.2,0.0,0.05,63,11.4,0.0,0.0,0.0
2024-11-13T00:00,21.0,0.0,0.05,64,12.0,0.0,0.0,0.0
2024-11-13T01:00,20.4,0.0,0.04,68,10.6,0.0,0.0,0.0
2024-11-13T02:00,19.7,0.0,0.03,73,9.1,0.0,0.0,0.0
2024-11-13T03:00,19.0,0.0,0.02,77,7.9,0.0,0.0,0.0
2024-11-13T04:00,18.5,0.0,0.01,80,6.9,0.0,0.0,0.0
2024-11-13T05:00,18.0,0.0,0.01,83,6.0,0.0,0.0,0.0
2024-11-13T06:00,18.0,0.0,0.01,85,6.1,0.0,0.0,0.0
2024-11-13T07:00,19.8,0.0,0.05,78,8.6,63.0,255.5,29.0
2024-11-13T08:00,22.7,0.0,0.17,68,7.4,262.0,573.8,76.0
2024-11-13T09:00,25.3,0.0,0.34,56,11.5,474.0,731.6,97.0
2024-11-13T10:00,26.9,0.0,0.49,46,13.1,649.0,810.9,110.0
2024-11-13T11:00,27.9,0.0,0.57,44,12.7,766.0,850.2,118.0
2024-11-13T12:00,28.6,0.0,0.61,43,11.9,813.0,865.2,120.0
2024-11-13T13:00,29.0,0.0,0.6,42,11.5,785.0,859.3,116.0
2024-11-13T14:00,29.2,0.0,0.53,41,10.8,688.0,834.3,107.0
2024-11-13T15:00,29.4,0.0,0.41,40,9.7,507.0,687.4,122.0
2024-11-13T16:00,28.8,0.0,0.27,41,11.5,274.0,411.6,118.0
2024-11-13T17:00,27.0,0.0,0.15,46,11.8,95.0,290.1,47.0
2024-11-13T18:00,25.7,0.0,0.08,49,9.1,2.0,0.0,2.0
2024-11-13T19:00,23.9,0.0,0.03,58,5.2,0.0,0.0,0.0
2024-11-13T20:00,23.0,0.0,0.02,61,5.5,0.0,0.0,0.0
2024-11-13T21:00,22.0,0.0,0.02,66,5.5,0.0,0.0,0.0
2024-11-13T22:00,21.4,0.0,0.02,68,5.6,0.0,0.0,0.0
2024-11-13T23:00,21.3,0.0,0.04,67,9.0,0.0,0.0,0.0
2024-11-14T00:00,21.1,0.0,0.03,67,8.0,0.0,0.0,0.0
2024-11-14T01:00,21.0,0.0,0.03,71,9.3,0.0,0.0,0.0
2024-11-14T02:00,20.8,0.0,0.03,76,10.0,0.0,0.0,0.0
2024-11-14T03:00,20.5,0.0,0.03,77,9.5,0.0,0.0,0.0
2024-11-14T04:00,20.2,0.0,0.02,78,9.0,0.0,0.0,0.0
2024-11-14T05:00,20.0,0.0,0.02,79,8.1,0.0,0.0,0.0
2024-11-14T06:00,20.0,0.0,0.01,81,6.9,0.0,0.0,0.0
2024-11-14T07:00,21.3,0.0,0.05,76,8.1,59.0,220.1,30.0
2024-11-14T08:00,23.8,0.0,0.18,64,8.7,249.0,519.3,82.0
2024-11-14T09:00,26.2,0.0,0.35,53,12.3,457.0,688.7,104.0
2024-11-14T10:00,27.7,0.0,0.48,48,13.5,631.0,781.1,114.0
2024-11-14T11:00,28.8,0.0,0.57,46,12.8,745.0,819.2,123.0
2024-11-14T12:00,29.8,0.0,0.61,44,11.7,784.0,811.8,136.0
2024-11-14T13:00,30.1,0.0,0.54,43,11.1,670.0,592.8,210.0
2024-11-14T14:00,30.0,0.0,0.46,43,12.1,533.0,504.2,183.0
2024-11-14T15:00,29.6,0.0,0.38,44,13.6,410.0,446.1,161.0
2024-11-14T16:00,28.8,0.0,0.27,45,13.2,251.0,378.8,108.0
2024-11-14T17:00,27.7,0.0,0.14,47,10.3,88.0,286.0,41.0
2024-11-14T18:00,27.0,0.0,0.09,50,11.2,2.0,0.0,2.0
2024-11-14T19:00,25.7,0.0,0.06,52,9.4,0.0,0.0,0.0
2024-11-14T20:00,24.6,0.0,0.05,56,8.0,0.0,0.0,0.0
2024-11-14T21:00,24.2,0.0,0.06,58,10.9,0.0,0.0,0.0
2024-11-14T22:00,23.7,0.0,0.08,57,13.0,0.0,0.0,0.0
2024-11-14T23:00,23.2,0.0,0.07,57,12.0,0.0,0.0,0.0
2024-11-15T00:00,22.8,0.0,0.06,59,10.8,0.0,0.0,0.0
2024-11-15T01:00,22.4,0.0,0.05,62,9.8,0.0,0.0,0.0
2024-11-15T02:00,21.8,0.0,0.03,65,7.0,0.0,0.0,0.0
2024-11-15T03:00,20.9,0.0,0.02,70,5.2,0.0,0.0,0.0
2024-11-15T04:00,21.0,0.0,0.02,70,5.2,0.0,0.0,0.0
2024-11-15T05:00,21.4,0.0,0.02,70,5.6,0.0,0.0,0.0
2024-11-15T06:00,21.1,0.0,0.02,78,6.6,0.0,0.0,0.0
2024-11-15T07:00,22.2,0.0,0.05,75,7.8,57.0,214.6,29.0
2024-11-15T08:00,24.4,0.0,0.18,65,9.6,246.0,529.8,77.0
2024-11-15T09:00,26.6,0.0,0.35,55,12.5,452.0,690.4,100.0
2024-11-15T10:00,28.2,0.0,0.48,49,11.9,622.0,772.3,113.0
2024-11-15T11:00,29.3,0.0,0.56,46,10.8,736.0,814.3,120.0
2024-11-15T12:00,30.1,0.0,0.6,44,10.2,783.0,830.9,122.0
2024-11-15T13:00,30.7,0.0,0.56,42,10.3,702.0,699.4,161.0
2024-11-15T14:00,30.3,0.0,0.46,42,13.2,529.0,526.1,165.0
2024-11-15T15:00,29.9,0.0,0.39,41,13.2,430.0,528.4,136.0
2024-11-15T16:00,29.5,0.0,0.29,40,11.7,293.0,545.2,88.0
2024-11-15T17:00,28.3,0.0,0.15,42,9.9,96.0,300.2,47.0
2024-11-15T18:00,27.0,0.0,0.09,47,9.6,2.0,0.0,2.0
2024-11-15T19:00,26.0,0.0,0.06,49,8.8,0.0,0.0,0.0
2024-11-15T20:00,25.0,0.0,0.06,52,8.7,0.0,0.0,0.0
2024-11-15T21:00,24.4,0.0,0.06,54,9.7,0.0,0.0,0.0
2024-11-15T22:00,24.0,0.0,0.07,54,10.3,0.0,0.0,0.0
2024-11-15T23:00,23.4,0.0,0.07,56,11.2,0.0,0.0,0.0
2024-11-16T00:00,22.9,0.0,0.05,58,9.7,0.0,0.0,0.0
2024-11-16T01:00,22.5,0.0,0.05,60,9.6,0.0,0.0,0.0
2024-11-16T02:00,22.0,0.0,0.04,63,8.8,0.0,0.0,0.0
2024-11-16T03:00,21.4,0.0,0.03,65,6.9,0.0,0.0,0.0
2024-11-16T04:00,20.9,0.0,0.02,68,6.6,0.0,0.0,0.0
2024-11-16T05:00,20.4,0.0,0.02,71,6.1,0.0,0.0,0.0
2024-11-16T06:00,20.5,0.0,0.02,72,7.1,0.0,0.0,0.0
2024-11-16T07:00,21.7,0.0,0.06,69,8.0,56.0,224.4,27.0
2024-11-16T08:00,24.2,0.0,0.18,58,8.0,245.0,537.2,75.0
2024-11-16T09:00,26.7,0.0,0.36,45,11.9,452.0,700.1,97.0
2024-11-16T10:00,28.2,0.0,0.49,40,12.6,623.0,781.8,110.0
2024-11-16T11:00,29.2,0.0,0.58,39,12.6,738.0,825.3,116.0
2024-11-16T12:00,29.8,0.0,0.61,39,12.0,785.0,841.3,118.0
2024-11-16T13:00,30.1,0.0,0.6,38,11.1,758.0,828.8,119.0
2024-11-16T14:00,30.2,0.0,0.53,38,11.6,661.0,795.9,112.0
2024-11-16T15:00,29.9,0.0,0.43,38,11.6,505.0,728.5,101.0
2024-11-16T16:00,29.3,0.0,0.29,39,11.5,304.0,581.9,86.0
2024-11-16T17:00,28.0,0.0,0.13,41,8.5,103.0,369.8,43.0
2024-11-16T18:00,26.9,0.0,0.09,43,9.5,2.0,0.0,2.0
2024-11-16T19:00,25.7,0.0,0.09,47,11.2,0.0,0.0,0.0
2024-11-16T20:00,25.0,0.0,0.09,49,12.2,0.0,0.0,0.0
2024-11-16T21:00,24.3,0.0,0.08,51,12.3,0.0,0.0,0.0
2024-11-16T22:00,23.4,0.0,0.06,53,9.8,0.0,0.0,0.0
2024-11-16T23:00,22.9,0.0,0.07,53,10.6,0.0,0.0,0.0
2024-11-17T00:00,22.4,0.0,0.06,54,10.4,0.0,0.0,0.0
2024-11-17T01:00,21.7,0.0,0.05,56,9.5,0.0,0.0,0.0
2024-11-17T02:00,21.2,0.0,0.05,58,8.8,0.0,0.0,0.0
2024-11-17T03:00,20.7,0.0,0.04,60,8.5,0.0,0.0,0.0
2024-11-17T04:00,20.3,0.0,0.04,61,8.0,0.0,0.0,0.0
2024-11-17T05:00,20.0,0.0,0.03,62,7.8,0.0,0.0,0.0
2024-11-17T06:00,19.9,0.0,0.03,65,7.4,0.0,0.0,0.0
2024-11-17T07:00,21.1,0.0,0.06,62,8.4,56.0,234.5,26.0
2024-11-17T08:00,23.7,0.0,0.19,53,9.1,248.0,560.8,72.0
2024-11-17T09:00,25.9,0.0,0.37,42,14.1,458.0,721.8,94.0
2024-11-17T10:00,27.4,0.0,0.5,37,15.2,632.0,806.6,105.0
2024-11-17T11:00,28.4,0.0,0.59,36,14.6,751.0,852.3,111.0
2024-11-17T12:00,29.0,0.0,0.63,34,14.6,802.0,871.9,113.0
2024-11-17T13:00,29.3,0.0,0.62,32,14.2,780.0,871.7,110.0
2024-11-17T14:00,29.5,0.0,0.56,31,13.9,685.0,844.9,104.0
2024-11-17T15:00,29.2,0.0,0.46,31,13.7,527.0,783.2,94.0
2024-11-17T16:00,28.4,0.0,0.32,32,13.0,322.0,656.3,77.0
2024-11-17T17:00,26.7,0.0,0.14,36,9.0,109.0,415.3,42.0
2024-11-17T18:00,24.6,0.0,0.07,41,7.2,2.0,0.0,2.0
2024-11-17T19:00,23.7,0.0,0.08,44,10.0,0.0,0.0,0.0
2024-11-17T20:00,22.7,0.0,0.07,46,9.6,0.0,0.0,0.0
2024-11-17T21:00,21.9,0.0,0.07,47,10.0,0.0,0.0,0.0
2024-11-17T22:00,21.0,0.0,0.06,49,9.4,0.0,0.0,0.0
2024-11-17T23:00,20.0,0.0,0.04,55,8.1,0.0,0.0,0.0
2024-11-18T00:00,19.3,0.0,0.03,60,7.4,0.0,0.0,0.0
2024-11-18T01:00,18.6,0.0,0.03,65,7.1,0.0,0.0,0.0
2024-11-18T02:00,18.0,0.0,0.02,68,6.6,0.0,0.0,0.0
2024-11-18T03:00,17.3,0.0,0.02,71,6.2,0.0,0.0,0.0
2024-11-18T04:00,16.7,0.0,0.01,73,5.8,0.0,0.0,0.0
2024-11-18T05:00,16.3,0.0,0.01,75,5.8,0.0,0.0,0.0
2024-11-18T06:00,15.9,0.0,0.01,79,5.4,0.0,0.0,0.0
2024-11-18T07:00,18.0,0.0,0.04,71,7.7,59.0,260.6,26.0
2024-11-18T08:00,21.4,0.0,0.16,60,5.4,261.0,610.5,71.0
2024-11-18T09:00,24.1,0.0,0.35,46,11.8,477.0,767.6,92.0
2024-11-18T10:00,25.6,0.0,0.49,39,13.8,655.0,847.0,104.0
2024-11-18T11:00,26.5,0.0,0.57,37,14.2,773.0,886.2,110.0
2024-11-18T12:00,27.3,0.0,0.61,36,13.8,820.0,897.7,113.0
2024-11-18T13:00,27.8,0.0,0.61,34,14.0,792.0,888.7,111.0
2024-11-18T14:00,27.9,0.0,0.55,32,14.0,694.0,859.0,105.0
2024-11-18T15:00,27.7,0.0,0.45,32,14.0,533.0,794.6,95.0
2024-11-18T16:00,26.8,0.0,0.31,34,13.8,326.0,669.2,77.0
2024-11-18T17:00,25.1,0.0,0.15,38,10.6,111.0,423.7,43.0
2024-11-18T18:00,23.3,0.0,0.06,44,7.8,2.0,0.0,2.0
2024-11-18T19:00,22.1,0.0,0.05,49,8.4,0.0,0.0,0.0
2024-11-18T20:00,21.5,0.0,0.05,51,8.5,0.0,0.0,0.0
2024-11-18T21:00,20.8,0.0,0.05,52,8.1,0.0,0.0,0.0
2024-11-18T22:00,20.0,0.0,0.04,54,7.7,0.0,0.0,0.0
2024-11-18T23:00,19.4,0.0,0.04,58,8.3,0.0,0.0,0.0
2024-11-19T00:00,18.9,0.0,0.04,61,8.3,0.0,0.0,0.0
2024-11-19T01:00,18.3,0.0,0.03,64,7.9,0.0,0.0,0.0
2024-11-19T02:00,17.6,0.0,0.02,67,7.0,0.0,0.0,0.0
2024-11-19T03:00,16.9,0.0,0.02,71,6.3,0.0,0.0,0.0
2024-11-19T04:00,16.4,0.0,0.01,74,5.9,0.0,0.0,0.0
2024-11-19T05:00,16.1,0.0,0.01,76,5.0,0.0,0.0,0.0
2024-11-19T06:00,15.8,0.0,0.01,79,4.9,0.0,0.0,0.0
2024-11-19T07:00,17.8,0.0,0.04,73,7.0,57.0,255.4,25.0
2024-11-19T08:00,21.3,0.0,0.16,61,4.4,259.0,612.4,70.0
2024-11-19T09:00,24.1,0.0,0.34,45,10.0,474.0,767.8,91.0
2024-11-19T10:00,25.6,0.0,0.47,38,10.0,652.0,846.0,104.0
2024-11-19T11:00,26.6,0.0,0.56,35,10.2,769.0,882.7,111.0
2024-11-19T12:00,27.2,0.0,0.6,35,10.1,817.0,895.5,114.0
2024-11-19T13:00,27.6,0.0,0.59,34,9.5,790.0,887.4,112.0
2024-11-19T14:00,27.6,0.0,0.52,35,9.8,691.0,855.6,106.0
2024-11-19T15:00,27.3,0.0,0.41,36,9.9,529.0,787.8,96.0
2024-11-19T16:00,26.6,0.0,0.27,39,10.3,322.0,657.8,78.0
2024-11-19T17:00,25.0,0.0,0.12,43,7.6,109.0,413.1,43.0
2024-11-19T18:00,23.4,0.0,0.06,47,7.7,2.0,0.0,2.0
2024-11-19T19:00,22.0,0.0,0.05,51,7.6,0.0,0.0,0.0
2024-11-19T20:00,20.5,0.0,0.03,57,5.8,0.0,0.0,0.0
2024-11-19T21:00,19.8,0.0,0.01,61,3.5,0.0,0.0,0.0
2024-11-19T22:00,18.6,0.0,0.02,64,5.1,0.0,0.0,0.0
2024-11-19T23:00,18.3,0.0,0.03,64,7.4,0.0,0.0,0.0
2024-11-20T00:00,18.2,0.0,0.04,64,9.0,0.0,0.0,0.0
2024-11-20T01:00,18.1,0.0,0.04,66,10.3,0.0,0.0,0.0
2024-11-20T02:00,17.7,0.0,0.03,68,9.7,0.0,0.0,0.0
2024-11-20T03:00,17.0,0.0,0.03,71,8.3,0.0,0.0,0.0
2024-11-20T04:00,16.2,0.0,0.02,74,7.2,0.0,0.0,0.0
2024-11-20T05:00,15.8,0.0,0.02,76,7.3,0.0,0.0,0.0
2024-11-20T06:00,15.6,0.0,0.01,79,5.9,0.0,0.0,0.0
2024-11-20T07:00,17.3,0.0,0.04,73,8.0,56.0,250.0,25.0
2024-11-20T08:00,20.3,0.0,0.16,62,5.5,255.0,604.5,70.0
2024-11-20T09:00,23.1,0.0,0.32,49,8.6,471.0,764.0,92.0
2024-11-20T10:00,24.9,0.0,0.46,39,10.0,649.0,844.9,104.0
2024-11-20T11:00,26.0,0.0,0.55,36,9.4,768.0,884.6,111.0
2024-11-20T12:00,26.9,0.0,0.59,34,9.0,817.0,899.6,113.0
2024-11-20T13:00,27.4,0.0,0.58,32,9.5,790.0,892.7,110.0
2024-11-20T14:00,27.4,0.0,0.52,32,9.8,692.0,860.9,105.0
2024-11-20T15:00,27.1,0.0,0.41,32,9.9,531.0,795.4,95.0
2024-11-20T16:00,26.3,0.0,0.27,33,9.5,324.0,667.8,77.0
2024-11-20T17:00,24.3,0.0,0.11,39,6.5,109.0,421.2,42.0
2024-11-20T18:00,22.8,0.0,0.06,43,7.2,2.0,0.0,2.0
2024-11-20T19:00,22.0,0.0,0.07,44,9.2,0.0,0.0,0.0
2024-11-20T20:00,20.8,0.0,0.05,49,8.3,0.0,0.0,0.0
2024-11-20T21:00,19.5,0.0,0.03,55,6.7,0.0,0.0,0.0
2024-11-20T22:00,18.4,0.0,0.02,61,5.8,0.0,0.0,0.0
2024-11-20T23:00,18.2,0.0,0.02,62,5.2,0.0,0.0,0.0
2024-11-21T00:00,18.3,0.0,0.01,61,3.9,0.0,0.0,0.0
2024-11-21T01:00,17.2,0.0,0.03,64,7.7,0.0,0.0,0.0
2024-11-21T02:00,16.3,0.0,0.02,70,6.1,0.0,0.0,0.0
2024-11-21T03:00,15.9,0.0,0.01,73,6.2,0.0,0.0,0.0
2024-11-21T04:00,15.7,0.0,0.01,76,6.1,0.0,0.0,0.0
2024-11-21T05:00,15.5,0.0,0.01,78,6.2,0.0,0.0,0.0
2024-11-21T06:00,16.0,0.0,0.02,77,8.1,0.0,0.0,0.0
2024-11-21T07:00,17.5,0.0,0.05,72,10.2,54.0,244.5,24.0
2024-11-21T08:00,20.8,0.0,0.16,60,6.7,252.0,599.8,70.0
2024-11-21T09:00,23.8,0.0,0.33,47,8.5,467.0,762.1,91.0
2024-11-21T10:00,25.5,0.0,0.46,39,7.4,646.0,843.9,104.0
2024-11-21T11:00,26.5,0.0,0.54,36,6.9,765.0,883.7,111.0
2024-11-21T12:00,27.3,0.0,0.58,35,6.5,813.0,898.6,112.0
2024-11-21T13:00,27.7,0.0,0.57,34,6.5,787.0,889.9,111.0
2024-11-21T14:00,27.9,0.0,0.51,34,6.9,689.0,858.8,105.0
2024-11-21T15:00,27.7,0.0,0.4,34,7.6,527.0,790.2,95.0
2024-11-21T16:00,26.9,0.0,0.27,35,8.8,321.0,661.5,77.0
2024-11-21T17:00,25.0,0.0,0.11,40,7.0,108.0,416.2,42.0
2024-11-21T18:00,23.6,0.0,0.05,45,6.7,2.0,0.0,2.0
2024-11-21T19:00,21.9,0.0,0.03,52,6.0,0.0,0.0,0.0
2024-11-21T20:00,20.2,0.0,0.02,59,5.4,0.0,0.0,0.0
2024-11-21T21:00,19.8,0.0,0.0,62,2.2,0.0,0.0,0.0
2024-11-21T22:00,19.6,0.0,0.0,63,1.2,0.0,0.0,0.0
2024-11-21T23:00,19.6,0.0,0.0,60,1.9,0.0,0.0,0.0
2024-11-22T00:00,19.0,0.0,0.0,61,2.5,0.0,0.0,0.0
2024-11-22T01:00,17.7,0.0,0.0,66,1.2,0.0,0.0,0.0
2024-11-22T02:00,16.8,0.0,0.0,69,1.9,0.0,0.0,0.0
2024-11-22T03:00,16.2,0.0,0.02,71,6.1,0.0,0.0,0.0
2024-11-22T04:00,15.8,0.0,0.01,73,6.3,0.0,0.0,0.0
2024-11-22T05:00,15.3,0.0,0.01,78,5.8,0.0,0.0,0.0
2024-11-22T06:00,15.8,0.0,0.02,79,8.2,0.0,0.0,0.0
2024-11-22T07:00,17.2,0.0,0.04,74,10.2,52.0,230.6,24.0
2024-11-22T08:00,20.3,0.0,0.15,64,6.8,247.0,588.3,70.0
2024-11-22T09:00,23.5,0.0,0.32,52,9.7,461.0,750.0,93.0
2024-11-22T10:00,25.3,0.0,0.45,43,7.6,638.0,831.8,106.0
2024-11-22T11:00,26.4,0.0,0.53,40,5.6,756.0,871.9,113.0
2024-11-22T12:00,27.1,0.0,0.57,38,5.9,806.0,887.2,116.0
2024-11-22T13:00,27.7,0.0,0.57,37,6.6,780.0,880.5,113.0
2024-11-22T14:00,27.8,0.0,0.5,37,7.7,682.0,847.8,107.0
2024-11-22T15:00,27.5,0.0,0.4,38,8.5,521.0,779.3,96.0
2024-11-22T16:00,26.8,0.0,0.26,39,9.2,317.0,649.6,78.0
2024-11-22T17:00,25.1,0.0,0.11,44,7.6,107.0,404.6,43.0
2024-11-22T18:00,23.6,0.0,0.07,48,8.7,2.0,0.0,2.0
2024-11-22T19:00,22.2,0.0,0.06,53,9.6,0.0,0.0,0.0
2024-11-22T20:00,21.0,0.0,0.04,58,8.1,0.0,0.0,0.0
2024-11-22T21:00,20.1,0.0,0.03,59,6.7,0.0,0.0,0.0
2024-11-22T22:00,19.1,0.0,0.02,62,6.1,0.0,0.0,0.0
2024-11-22T23:00,18.7,0.0,0.03,63,6.7,0.0,0.0,0.0
2024-11-23T00:00,18.4,0.0,0.03,63,7.1,0.0,0.0,0.0
2024-11-23T01:00,17.7,0.0,0.02,66,6.7,0.0,0.0,0.0
2024-11-23T02:00,17.4,0.0,0.03,69,9.8,0.0,0.0,0.0
2024-11-23T03:00,16.8,0.0,0.03,72,8.8,0.0,0.0,0.0
2024-11-23T04:00,16.2,0.0,0.02,76,7.8,0.0,0.0,0.0
2024-11-23T05:00,15.4,0.0,0.01,80,5.7,0.0,0.0,0.0
2024-11-23T06:00,15.4,0.0,0.01,81,6.7,0.0,0.0,0.0
2024-11-23T07:00,16.8,0.0,0.04,76,8.8,51.0,233.1,23.0
2024-11-23T08:00,20.1,0.0,0.15,64,5.5,245.0,586.6,70.0
2024-11-23T09:00,23.3,0.0,0.31,52,7.9,458.0,752.1,91.0
2024-11-23T10:00,25.1,0.0,0.44,44,7.0,635.0,833.7,104.0
2024-11-23T11:00,26.1,0.0,0.52,40,3.8,753.0,872.2,112.0
2024-11-23T12:00,26.9,0.0,0.56,39,2.5,801.0,884.7,115.0
2024-11-23T13:00,27.4,0.0,0.54,38,1.3,775.0,876.3,113.0
2024-11-23T14:00,27.7,0.0,0.47,37,1.6,678.0,842.4,108.0
2024-11-23T15:00,27.6,0.0,0.36,37,3.3,518.0,771.9,98.0
2024-11-23T16:00,27.2,0.0,0.24,39,5.8,313.0,634.7,80.0
2024-11-23T17:00,25.4,0.0,0.11,44,7.0,104.0,380.2,44.0
2024-11-23T18:00,23.8,0.0,0.07,47,8.8,2.0,0.0,2.0
2024-11-23T19:00,22.7,0.0,0.07,51,10.8,0.0,0.0,0.0
2024-11-23T20:00,21.4,0.0,0.04,55,7.9,0.0,0.0,0.0
2024-11-23T21:00,20.0,0.0,0.02,61,5.5,0.0,0.0,0.0
2024-11-23T22:00,19.2,0.0,0.01,67,4.8,0.0,0.0,0.0
2024-11-23T23:00,18.6,0.0,0.01,71,5.1,0.0,0.0,0.0
2024-11-24T00:00,17.9,0.0,0.01,74,5.3,0.0,0.0,0.0
2024-11-24T01:00,17.5,0.0,0.01,75,5.4,0.0,0.0,0.0
2024-11-24T02:00,17.0,0.0,0.01,76,5.6,0.0,0.0,0.0
2024-11-24T03:00,16.3,0.0,0.01,77,5.6,0.0,0.0,0.0
2024-11-24T04:00,15.8,0.0,0.01,80,4.7,0.0,0.0,0.0
2024-11-24T05:00,15.5,0.0,0.0,80,3.8,0.0,0.0,0.0
2024-11-24T06:00,15.2,0.0,0.0,83,4.8,0.0,0.0,0.0
2024-11-24T07:00,16.8,0.0,0.03,76,7.4,49.0,210.4,24.0
2024-11-24T08:00,20.0,0.0,0.14,66,4.8,240.0,568.0,72.0
2024-11-24T09:00,23.1,0.0,0.3,56,6.1,452.0,737.6,94.0
2024-11-24T10:00,25.0,0.0,0.43,44,5.5,629.0,819.8,109.0
2024-11-24T11:00,26.1,0.0,0.52,40,6.2,745.0,850.6,122.0
2024-11-24T12:00,26.9,0.0,0.57,38,6.6,797.0,874.4,121.0
2024-11-24T13:00,27.4,0.0,0.56,38,7.2,773.0,870.6,117.0
2024-11-24T14:00,27.6,0.0,0.51,37,9.7,677.0,840.0,110.0
2024-11-24T15:00,27.3,0.0,0.41,36,11.4,518.0,768.0,101.0
2024-11-24T16:00,26.4,0.0,0.28,38,12.3,315.0,633.3,83.0
2024-11-24T17:00,24.6,0.0,0.13,41,9.3,104.0,355.5,48.0
2024-11-24T18:00,22.8,0.0,0.07,44,9.1,2.0,0.0,2.0
2024-11-24T19:00,21.5,0.0,0.06,48,9.3,0.0,0.0,0.0
2024-11-24T20:00,20.1,0.0,0.03,53,6.6,0.0,0.0,0.0
2024-11-24T21:00,18.9,0.0,0.02,60,5.9,0.0,0.0,0.0
2024-11-24T22:00,18.4,0.0,0.01,65,4.3,0.0,0.0,0.0
2024-11-24T23:00,17.6,0.0,0.01,68,4.6,0.0,0.0,0.0
2024-11-25T00:00,17.0,0.0,0.02,69,5.7,0.0,0.0,0.0
2024-11-25T01:00,16.5,0.0,0.02,72,6.0,0.0,0.0,0.0
2024-11-25T02:00,16.2,0.0,0.02,73,6.6,0.0,0.0,0.0
2024-11-25T03:00,15.9,0.0,0.02,75,6.9,0.0,0.0,0.0
2024-11-25T04:00,15.4,0.0,0.01,80,6.1,0.0,0.0,0.0
2024-11-25T05:00,14.9,0.0,0.01,85,5.8,0.0,0.0,0.0
2024-11-25T06:00,14.8,0.0,0.0,88,6.2,0.0,0.0,0.0
2024-11-25T07:00,16.4,0.0,0.03,81,8.2,46.0,153.1,28.0
2024-11-25T08:00,19.6,0.0,0.14,67,4.9,231.0,501.3,84.0
2024-11-25T09:00,22.7,0.0,0.31,49,10.1,434.0,642.2,124.0
2024-11-25T10:00,24.2,0.0,0.44,41,13.8,594.0,696.5,154.0
2024-11-25T11:00,25.2,0.0,0.54,38,15.3,748.0,860.3,120.0
2024-11-25T12:00,25.8,0.0,0.58,38,15.5,800.0,886.0,117.0
2024-11-25T13:00,26.2,0.0,0.57,38,15.1,775.0,875.4,117.0
2024-11-25T14:00,26.3,0.0,0.52,37,15.2,679.0,847.8,108.0
2024-11-25T15:00,25.9,0.0,0.42,38,15.5,519.0,773.2,100.0
2024-11-25T16:00,25.1,0.0,0.29,39,14.6,317.0,648.1,80.0
2024-11-25T17:00,23.6,0.0,0.14,42,11.2,106.0,400.6,43.0
2024-11-25T18:00,22.0,0.0,0.07,48,9.5,2.0,0.0,2.0
2024-11-25T19:00,20.8,0.0,0.06,51,9.9,0.0,0.0,0.0
2024-11-25T20:00,20.1,0.0,0.05,52,9.4,0.0,0.0,0.0
2024-11-25T21:00,19.5,0.0,0.05,53,9.0,0.0,0.0,0.0
2024-11-25T22:00,18.7,0.0,0.04,55,7.9,0.0,0.0,0.0
2024-11-25T23:00,17.6,0.0,0.03,59,7.0,0.0,0.0,0.0
2024-11-26T00:00,16.6,0.0,0.02,64,6.6,0.0,0.0,0.0
2024-11-26T01:00,15.8,0.0,0.02,68,6.3,0.0,0.0,0.0
2024-11-26T02:00,15.2,0.0,0.02,71,6.2,0.0,0.0,0.0
2024-11-26T03:00,14.8,0.0,0.01,73,5.3,0.0,0.0,0.0
2024-11-26T04:00,14.6,0.0,0.01,75,4.7,0.0,0.0,0.0
2024-11-26T05:00,14.2,0.0,0.01,77,4.4,0.0,0.0,0.0
2024-11-26T06:00,14.2,0.0,0.01,79,5.2,0.0,0.0,0.0
2024-11-26T07:00,16.0,0.0,0.03,72,6.9,46.0,180.6,25.0
2024-11-26T08:00,19.4,0.0,0.14,62,5.0,234.0,533.1,79.0
2024-11-26T09:00,22.5,0.0,0.31,48,11.0,453.0,747.6,94.0
2024-11-26T10:00,24.0,0.0,0.45,42,12.8,631.0,834.4,106.0
2024-11-26T11:00,25.1,0.0,0.54,38,13.6,753.0,880.9,112.0
2024-11-26T12:00,25.9,0.0,0.58,37,13.9,805.0,898.8,114.0
2024-11-26T13:00,26.3,0.0,0.58,36,13.9,779.0,889.5,112.0
2024-11-26T14:00,26.5,0.0,0.52,34,14.0,682.0,855.5,107.0
2024-11-26T15:00,26.2,0.0,0.43,34,15.2,523.0,789.4,96.0
2024-11-26T16:00,25.4,0.0,0.3,36,15.1,320.0,662.8,78.0
2024-11-26T17:00,23.8,0.0,0.14,40,11.1,108.0,420.2,42.0
2024-11-26T18:00,21.8,0.0,0.06,46,8.2,2.0,0.0,2.0
2024-11-26T19:00,20.8,0.0,0.06,50,9.4,0.0,0.0,0.0
2024-11-26T20:00,19.7,0.0,0.06,54,10.5,0.0,0.0,0.0
2024-11-26T21:00,19.2,0.0,0.07,50,12.2,0.0,0.0,0.0
2024-11-26T22:00,18.4,0.0,0.07,48,11.7,0.0,0.0,0.0
2024-11-26T23:00,17.7,0.0,0.06,53,10.6,0.0,0.0,0.0
2024-11-27T00:00,17.2,0.0,0.04,60,9.4,0.0,0.0,0.0
2024-11-27T01:00,16.5,0.0,0.03,65,7.9,0.0,0.0,0.0
2024-11-27T02:00,16.2,0.0,0.03,67,8.3,0.0,0.0,0.0
2024-11-27T03:00,15.7,0.0,0.02,70,7.2,0.0,0.0,0.0
2024-11-27T04:00,15.3,0.0,0.02,72,6.5,0.0,0.0,0.0
2024-11-27T05:00,14.7,0.0,0.01,74,6.1,0.0,0.0,0.0
2024-11-27T06:00,14.2,0.0,0.01,78,6.1,0.0,0.0,0.0
2024-11-27T07:00,15.7,0.0,0.04,71,9.3,45.0,200.0,22.0
2024-11-27T08:00,19.0,0.0,0.15,60,7.3,237.0,589.8,67.0
2024-11-27T09:00,21.9,0.0,0.31,49,11.2,451.0,753.7,91.0
2024-11-27T10:00,23.9,0.0,0.45,40,16.0,624.0,807.3,118.0
2024-11-27T11:00,25.1,0.0,0.55,35,17.6,753.0,887.9,109.0
2024-11-27T12:00,25.8,0.0,0.6,34,17.3,801.0,893.4,116.0
2024-11-27T13:00,26.2,0.0,0.58,32,16.3,766.0,843.4,135.0
2024-11-27T14:00,26.3,0.0,0.52,32,15.9,669.0,805.0,129.0
2024-11-27T15:00,25.9,0.0,0.43,33,14.9,522.0,783.3,99.0
2024-11-27T16:00,25.2,0.0,0.3,35,14.8,320.0,663.7,78.0
2024-11-27T17:00,23.5,0.0,0.14,40,11.2,107.0,407.9,43.0
2024-11-27T18:00,21.5,0.0,0.06,45,8.0,2.0,0.0,2.0
2024-11-27T19:00,20.1,0.0,0.04,50,7.2,0.0,0.0,0.0
2024-11-27T20:00,19.3,0.0,0.04,53,7.5,0.0,0.0,0.0
2024-11-27T21:00,18.9,0.0,0.06,54,11.3,0.0,0.0,0.0
2024-11-27T22:00,18.5,0.0,0.06,57,12.5,0.0,0.0,0.0
2024-11-27T23:00,17.6,0.0,0.05,59,10.3,0.0,0.0,0.0
2024-11-28T00:00,16.9,0.0,0.04,63,8.9,0.0,0.0,0.0
2024-11-28T01:00,16.2,0.0,0.03,67,8.3,0.0,0.0,0.0
2024-11-28T02:00,15.5,0.0,0.02,70,7.8,0.0,0.0,0.0
2024-11-28T03:00,14.9,0.0,0.02,73,7.0,0.0,0.0,0.0
2024-11-28T04:00,14.6,0.0,0.02,73,6.9,0.0,0.0,0.0
2024-11-28T05:00,14.5,0.0,0.02,71,8.2,0.0,0.0,0.0
2024-11-28T06:00,14.5,0.0,0.03,69,9.7,0.0,0.0,0.0
2024-11-28T07:00,15.6,0.0,0.06,65,12.2,41.0,123.0,27.0
2024-11-28T08:00,18.4,0.0,0.16,56,11.0,231.0,545.8,75.0
2024-11-28T09:00,21.2,0.0,0.31,47,13.9,449.0,753.4,91.0
2024-11-28T10:00,23.4,0.0,0.46,39,19.7,626.0,836.1,104.0
2024-11-28T11:00,24.6,0.0,0.55,35,20.7,748.0,880.9,111.0
2024-11-28T12:00,25.4,0.0,0.6,33,19.9,801.0,900.9,112.0
2024-11-28T13:00,25.8,0.0,0.59,32,18.6,780.0,897.5,110.0
2024-11-28T14:00,26.0,0.0,0.53,31,17.5,683.0,863.2,105.0
2024-11-28T15:00,25.7,0.0,0.44,31,17.0,524.0,795.6,95.0
2024-11-28T16:00,25.0,0.0,0.32,31,17.0,321.0,667.1,78.0
2024-11-28T17:00,23.3,0.0,0.17,34,13.5,109.0,427.3,42.0
2024-11-28T18:00,21.5,0.0,0.1,38,11.7,2.0,0.0,2.0
2024-11-28T19:00,20.1,0.0,0.09,42,12.0,0.0,0.0,0.0
2024-11-28T20:00,19.2,0.0,0.09,44,13.1,0.0,0.0,0.0
2024-11-28T21:00,18.6,0.0,0.08,47,13.4,0.0,0.0,0.0
2024-11-28T22:00,17.8,0.0,0.07,48,12.1,0.0,0.0,0.0
2024-11-28T23:00,16.8,0.0,0.06,52,10.6,0.0,0.0,0.0
2024-11-29T00:00,15.9,0.0,0.04,57,9.6,0.0,0.0,0.0
2024-11-29T01:00,15.1,0.0,0.03,61,8.4,0.0,0.0,0.0
2024-11-29T02:00,14.7,0.0,0.03,63,8.3,0.0,0.0,0.0
2024-11-29T03:00,14.4,0.0,0.03,63,9.1,0.0,0.0,0.0
2024-11-29T04:00,14.4,0.0,0.04,62,10.2,0.0,0.0,0.0
2024-11-29T05:00,14.2,0.0,0.04,63,10.1,0.0,0.0,0.0
2024-11-29T06:00,13.8,0.0,0.03,67,9.2,0.0,0.0,0.0
2024-11-29T07:00,14.8,0.0,0.05,66,11.1,43.0,186.6,22.0
2024-11-29T08:00,17.7,0.0,0.15,58,10.4,233.0,582.3,68.0
2024-11-29T09:00,20.4,0.0,0.3,52,13.5,445.0,751.0,90.0
2024-11-29T10:00,22.7,0.0,0.43,46,14.5,624.0,837.7,103.0
2024-11-29T11:00,24.3,0.0,0.52,42,13.7,744.0,878.0,111.0
2024-11-29T12:00,25.4,0.0,0.56,40,12.0,793.0,891.3,113.0
2024-11-29T13:00,26.2,0.0,0.55,38,9.9,770.0,883.2,112.0
2024-11-29T14:00,26.6,0.0,0.5,38,10.8,674.0,849.7,106.0
2024-11-29T15:00,26.3,0.0,0.4,38,12.1,517.0,783.7,95.0
2024-11-29T16:00,25.4,0.0,0.28,39,13.6,316.0,653.9,78.0
2024-11-29T17:00,23.7,0.0,0.13,43,10.5,106.0,408.2,42.0
2024-11-29T18:00,22.6,0.0,0.06,47,8.5,2.0,0.0,2.0
2024-11-29T19:00,21.3,0.0,0.05,51,8.4,0.0,0.0,0.0
2024-11-29T20:00,20.3,0.0,0.05,55,9.0,0.0,0.0,0.0
2024-11-29T21:00,19.7,0.0,0.06,57,11.3,0.0,0.0,0.0
2024-11-29T22:00,19.2,0.0,0.06,59,11.5,0.0,0.0,0.0
2024-11-29T23:00,18.6,0.0,0.05,63,10.4,0.0,0.0,0.0
2024-11-30T00:00,18.0,0.0,0.03,67,9.4,0.0,0.0,0.0
2024-11-30T01:00,17.6,0.0,0.03,70,9.3,0.0,0.0,0.0
2024-11-30T02:00,17.2,0.0,0.03,72,8.6,0.0,0.0,0.0
2024-11-30T03:00,17.1,0.0,0.03,73,9.9,0.0,0.0,0.0
2024-11-30T04:00,16.9,0.0,0.03,73,9.8,0.0,0.0,0.0
2024-11-30T05:00,16.7,0.0,0.03,73,10.3,0.0,0.0,0.0
2024-11-30T06:00,16.4,0.0,0.03,74,10.6,0.0,0.0,0.0
2024-11-30T07:00,17.4,0.0,0.05,70,11.7,38.0,134.8,23.0
2024-11-30T08:00,19.9,0.0,0.15,61,11.1,212.0,484.1,76.0
2024-11-30T09:00,22.5,0.0,0.29,54,12.2,406.0,608.2,120.0
2024-11-30T10:00,24.7,0.0,0.41,52,13.4,577.0,703.7,141.0
2024-11-30T11:00,26.2,0.0,0.5,51,14.6,683.0,712.3,171.0
2024-11-30T12:00,27.2,0.0,0.54,49,14.1,741.0,764.7,159.0
2024-11-30T13:00,27.8,0.0,0.53,49,14.0,695.0,656.3,207.0
2024-11-30T14:00,28.2,0.0,0.47,49,13.1,594.0,584.3,204.0
2024-11-30T15:00,28.0,0.0,0.35,49,11.5,426.0,442.5,188.0
2024-11-30T16:00,27.3,0.0,0.24,51,12.8,249.0,365.6,116.0
2024-11-30T17:00,26.1,0.0,0.11,54,9.7,80.0,114.7,62.0
2024-11-30T18:00,24.8,0.0,0.06,60,10.8,2.0,0.0,2.0
2024-11-30T19:00,24.7,0.0,0.05,61,9.0,0.0,0.0,0.0
2024-11-30T20:00,24.7,0.0,0.05,61,8.9,0.0,0.0,0.0
2024-11-30T21:00,23.5,0.0,0.08,63,15.2,0.0,0.0,0.0
2024-11-30T22:00,22.4,0.0,0.06,66,13.2,0.0,0.0,0.0
2024-11-30T23:00,21.9,0.0,0.05,68,12.4,0.0,0.0,0.0
2024-12-01T00:00,21.2,0.0,0.04,71,11.6,0.0,0.0,0.0
2024-12-01T01:00,20.8,0.0,0.04,74,11.1,0.0,0.0,0.0
2024-12-01T02:00,20.4,0.0,0.03,76,9.7,0.0,0.0,0.0
2024-12-01T03:00,20.0,0.0,0.03,78,9.8,0.0,0.0,0.0
2024-12-01T04:00,19.9,0.0,0.03,78,11.8,0.0,0.0,0.0
2024-12-01T05:00,19.9,0.0,0.03,77,12.2,0.0,0.0,0.0
2024-12-01T06:00,19.7,0.0,0.03,79,11.8,0.0,0.0,0.0
2024-12-01T07:00,20.1,0.0,0.05,77,11.8,27.0,18.2,25.0
2024-12-01T08:00,21.6,0.0,0.12,72,12.9,148.0,104.1,119.0
2024-12-01T09:00,23.3,0.0,0.24,68,14.1,322.0,269.3,196.0
2024-12-01T10:00,25.0,0.0,0.35,63,15.5,491.0,414.7,235.0
2024-12-01T11:00,26.8,0.0,0.47,57,16.0,636.0,594.4,210.0
2024-12-01T12:00,28.1,0.0,0.5,52,15.2,650.0,553.2,230.0
2024-12-01T13:00,27.4,0.0,0.31,55,16.2,323.0,105.1,245.0
2024-12-01T14:00,28.1,0.0,0.35,52,14.6,391.0,175.6,274.0
2024-12-01T15:00,27.8,0.0,0.27,53,15.2,260.0,178.6,164.0
2024-12-01T16:00,27.3,0.0,0.17,54,14.3,91.0,24.7,82.0
2024-12-01T17:00,26.7,0.0,0.14,56,14.2,56.0,89.0,42.0
2024-12-01T18:00,25.4,0.0,0.06,66,11.1,2.0,0.0,2.0
2024-12-01T19:00,25.5,0.0,0.06,66,11.7,0.0,0.0,0.0
2024-12-01T20:00,24.5,0.0,0.05,71,12.9,0.0,0.0,0.0
2024-12-01T21:00,23.5,0.0,0.04,76,12.9,0.0,0.0,0.0
2024-12-01T22:00,22.8,0.0,0.03,80,12.8,0.0,0.0,0.0
2024-12-01T23:00,22.2,0.0,0.03,84,12.6,0.0,0.0,0.0
2024-12-02T00:00,22.5,0.0,0.03,83,12.6,0.0,0.0,0.0
2024-12-02T01:00,22.6,0.0,0.03,83,12.9,0.0,0.0,0.0
2024-12-02T02:00,22.6,0.0,0.03,83,12.3,0.0,0.0,0.0
2024-12-02T03:00,21.8,0.0,0.01,87,8.3,0.0,0.0,0.0
2024-12-02T04:00,21.5,0.0,0.01,88,9.4,0.0,0.0,0.0
2024-12-02T05:00,20.8,0.0,0.01,93,9.4,0.0,0.0,0.0
2024-12-02T06:00,20.4,0.0,0.0,95,9.5,0.0,0.0,0.0
2024-12-02T07:00,21.2,0.0,0.03,91,11.9,21.0,9.2,20.0
2024-12-02T08:00,22.1,0.0,0.08,86,15.3,82.0,18.1,77.0
2024-12-02T09:00,23.6,0.0,0.17,79,16.7,214.0,98.9,168.0
2024-12-02T10:00,24.4,0.1,0.22,75,16.8,287.0,66.7,246.0
2024-12-02T11:00,25.1,0.1,0.25,72,16.0,315.0,54.6,276.0
2024-12-02T12:00,25.8,0.0,0.25,69,15.0,300.0,29.0,278.0
2024-12-02T13:00,27.4,0.0,0.37,62,15.5,461.0,226.8,293.0
2024-12-02T14:00,27.9,0.1,0.45,60,18.4,597.0,643.1,169.0
2024-12-02T15:00,27.2,0.0,0.27,62,17.4,291.0,219.8,173.0
2024-12-02T16:00,27.0,0.0,0.22,62,15.7,239.0,294.2,132.0
2024-12-02T17:00,26.2,0.0,0.12,65,14.0,76.0,145.9,53.0
2024-12-02T18:00,24.1,0.0,0.03,78,10.7,2.0,0.0,2.0
2024-12-02T19:00,23.6,0.0,0.02,81,9.4,0.0,0.0,0.0
2024-12-02T20:00,23.1,0.0,0.02,83,10.3,0.0,0.0,0.0
2024-12-02T21:00,22.8,0.0,0.02,85,11.8,0.0,0.0,0.0
2024-12-02T22:00,22.5,0.0,0.02,86,11.9,0.0,0.0,0.0
2024-12-02T23:00,22.3,0.0,0.02,86,11.4,0.0,0.0,0.0
2024-12-03T00:00,22.0,0.0,0.02,88,11.3,0.0,0.0,0.0
2024-12-03T01:00,21.7,0.0,0.01,90,11.3,0.0,0.0,0.0
2024-12-03T02:00,21.6,0.0,0.01,91,11.0,0.0,0.0,0.0
2024-12-03T03:00,21.8,0.0,0.01,91,10.9,0.0,0.0,0.0
2024-12-03T04:00,21.7,0.0,0.01,92,10.5,0.0,0.0,0.0
2024-12-03T05:00,21.8,0.1,0.01,92,10.6,0.0,0.0,0.0
2024-12-03T06:00,22.2,0.1,0.01,94,14.1,0.0,0.0,0.0
2024-12-03T07:00,22.5,0.5,0.03,90,14.9,13.0,9.3,12.0
2024-12-03T08:00,23.0,0.5,0.07,90,12.6,98.0,32.9,89.0
2024-12-03T09:00,24.2,0.0,0.15,84,13.5,200.0,136.1,137.0
2024-12-03T10:00,25.6,0.0,0.26,74,16.6,347.0,210.6,218.0
2024-12-03T11:00,26.5,0.4,0.38,72,16.2,536.0,439.3,223.0
2024-12-03T12:00,27.6,0.0,0.42,67,13.4,570.0,464.4,219.0
2024-12-03T13:00,29.0,0.0,0.48,60,12.4,633.0,623.4,172.0
2024-12-03T14:00,28.5,0.3,0.35,60,14.2,413.0,285.8,223.0
2024-12-03T15:00,28.6,0.1,0.3,58,13.7,331.0,335.4,151.0
2024-12-03T16:00,27.9,0.2,0.22,60,13.5,219.0,360.1,88.0
2024-12-03T17:00,26.3,0.2,0.09,70,9.5,67.0,170.7,40.0
2024-12-03T18:00,25.9,0.0,0.04,69,8.0,2.0,0.0,2.0
2024-12-03T19:00,24.7,0.0,0.02,76,7.3,0.0,0.0,0.0
2024-12-03T20:00,24.0,0.0,0.02,81,7.7,0.0,0.0,0.0
2024-12-03T21:00,23.1,0.0,0.01,87,8.7,0.0,0.0,0.0
2024-12-03T22:00,22.8,0.0,0.01,87,9.9,0.0,0.0,0.0
2024-12-03T23:00,22.4,0.0,0.01,88,9.5,0.0,0.0,0.0
2024-12-04T00:00,21.9,0.0,0.01,90,8.3,0.0,0.0,0.0
2024-12-04T01:00,21.7,0.0,0.01,91,7.7,0.0,0.0,0.0
2024-12-04T02:00,21.3,0.0,0.0,93,6.7,0.0,0.0,0.0
2024-12-04T03:00,20.9,0.0,0.0,95,6.3,0.0,0.0,0.0
2024-12-04T04:00,20.7,0.0,0.0,97,6.8,0.0,0.0,0.0
2024-12-04T05:00,20.5,0.0,0.0,98,5.4,0.0,0.0,0.0
2024-12-04T06:00,21.0,0.0,0.0,97,6.8,0.0,0.0,0.0
2024-12-04T07:00,21.6,0.0,0.02,94,9.4,31.0,113.0,19.0
2024-12-04T08:00,23.4,0.0,0.13,83,14.6,188.0,402.2,79.0
2024-12-04T09:00,25.1,0.0,0.25,73,14.5,360.0,495.1,132.0
2024-12-04T10:00,26.5,0.0,0.37,65,12.3,515.0,589.8,155.0
2024-12-04T11:00,27.7,0.0,0.45,59,11.8,604.0,624.8,160.0
2024-12-04T12:00,28.6,0.0,0.47,54,11.1,600.0,540.9,192.0
2024-12-04T13:00,29.1,0.0,0.44,51,10.0,552.0,499.8,183.0
2024-12-04T14:00,29.4,0.2,0.43,50,8.6,549.0,582.8,162.0
2024-12-04T15:00,29.0,0.1,0.32,51,7.6,390.0,453.0,147.0
2024-12-04T16:00,28.4,0.0,0.22,54,8.6,241.0,370.9,106.0
2024-12-04T17:00,27.0,0.0,0.12,60,10.7,90.0,277.2,46.0
2024-12-04T18:00,25.3,0.0,0.05,72,10.6,2.0,0.0,2.0
2024-12-04T19:00,24.4,0.0,0.02,78,7.0,0.0,0.0,0.0
2024-12-04T20:00,23.6,0.0,0.01,83,4.5,0.0,0.0,0.0
2024-12-04T21:00,22.8,0.0,0.0,88,4.0,0.0,0.0,0.0
2024-12-04T22:00,22.4,0.0,0.0,90,4.7,0.0,0.0,0.0
2024-12-04T23:00,21.9,0.0,0.0,92,5.2,0.0,0.0,0.0
2024-12-05T00:00,21.4,0.0,0.0,95,5.3,0.0,0.0,0.0
2024-12-05T01:00,21.1,0.0,0.0,95,5.4,0.0,0.0,0.0
2024-12-05T02:00,20.9,0.0,0.0,96,5.0,0.0,0.0,0.0
2024-12-05T03:00,20.5,0.0,0.0,97,4.0,0.0,0.0,0.0
2024-12-05T04:00,20.3,0.0,0.0,97,3.1,0.0,0.0,0.0
2024-12-05T05:00,20.0,0.0,0.0,98,4.0,0.0,0.0,0.0
2024-12-05T06:00,20.6,0.0,0.0,97,3.8,0.0,0.0,0.0
2024-12-05T07:00,21.6,0.0,0.01,93,6.9,31.0,114.3,19.0
2024-12-05T08:00,23.9,0.0,0.12,83,6.8,191.0,443.1,72.0
2024-12-05T09:00,26.0,0.1,0.27,71,10.8,389.0,630.9,100.0
2024-12-05T10:00,27.2,0.1,0.36,64,10.2,494.0,557.4,155.0
2024-12-05T11:00,28.4,0.0,0.48,60,8.0,647.0,714.0,141.0
2024-12-05T12:00,28.9,0.1,0.5,57,6.9,679.0,696.2,155.0
2024-12-05T13:00,29.5,0.1,0.49,54,5.1,645.0,647.0,168.0
2024-12-05T14:00,29.5,0.1,0.42,53,4.5,553.0,589.4,162.0
2024-12-05T15:00,29.6,0.0,0.33,52,2.9,455.0,626.6,119.0
2024-12-05T16:00,28.6,0.0,0.22,55,8.8,240.0,318.4,124.0
2024-12-05T17:00,26.8,0.1,0.09,63,7.4,80.0,244.7,41.0
2024-12-05T18:00,25.9,0.0,0.03,70,5.5,2.0,0.0,2.0
2024-12-05T19:00,24.5,0.6,0.02,80,8.7,0.0,0.0,0.0
2024-12-05T20:00,24.3,0.0,0.02,78,6.8,0.0,0.0,0.0
2024-12-05T21:00,23.4,0.0,0.01,82,5.8,0.0,0.0,0.0
2024-12-05T22:00,23.0,0.0,0.01,84,4.9,0.0,0.0,0.0
2024-12-05T23:00,22.5,0.0,0.01,87,6.6,0.0,0.0,0.0
2024-12-06T00:00,22.7,0.0,0.02,85,13.4,0.0,0.0,0.0
2024-12-06T01:00,21.7,0.1,0.0,89,0.4,0.0,0.0,0.0
2024-12-06T02:00,21.0,0.2,0.0,95,8.6,0.0,0.0,0.0
2024-12-06T03:00,20.8,0.0,0.0,96,2.2,0.0,0.0,0.0
2024-12-06T04:00,20.6,0.0,0.0,97,6.3,0.0,0.0,0.0
2024-12-06T05:00,20.5,0.0,0.0,96,5.5,0.0,0.0,0.0
2024-12-06T06:00,21.5,0.0,0.0,93,1.8,0.0,0.0,0.0
2024-12-06T07:00,22.1,0.0,0.01,90,2.2,29.0,96.4,19.0
2024-12-06T08:00,23.7,0.0,0.12,82,4.2,183.0,398.3,77.0
2024-12-06T09:00,25.3,0.0,0.24,74,3.5,351.0,506.9,120.0
2024-12-06T10:00,26.0,0.0,0.33,70,1.5,470.0,534.6,146.0
2024-12-06T11:00,27.6,0.0,0.44,64,1.6,607.0,618.3,170.0
2024-12-06T12:00,28.8,0.0,0.49,58,2.7,671.0,689.5,153.0
2024-12-06T13:00,29.4,0.0,0.46,56,3.1,621.0,628.9,158.0
2024-12-06T14:00,30.3,0.0,0.43,50,0.9,594.0,695.5,133.0
2024-12-06T15:00,30.1,0.0,0.29,49,1.1,399.0,440.2,163.0
2024-12-06T16:00,29.3,0.0,0.16,50,2.0,219.0,246.8,129.0
2024-12-06T17:00,28.3,0.1,0.07,55,3.1,91.0,293.5,44.0
2024-12-06T18:00,25.2,0.0,0.01,70,3.1,2.0,0.0,2.0
2024-12-06T19:00,24.5,0.0,0.0,75,2.3,0.0,0.0,0.0
2024-12-06T20:00,24.4,0.0,0.0,76,0.2,0.0,0.0,0.0
2024-12-06T21:00,23.7,0.0,0.0,80,2.6,0.0,0.0,0.0
2024-12-06T22:00,23.1,0.0,0.01,82,4.5,0.0,0.0,0.0
2024-12-06T23:00,22.8,0.0,0.0,85,3.2,0.0,0.0,0.0
2024-12-07T00:00,22.1,0.0,0.0,88,4.4,0.0,0.0,0.0
2024-12-07T01:00,21.5,0.0,0.01,90,7.9,0.0,0.0,0.0
2024-12-07T02:00,21.2,0.0,0.0,92,0.2,0.0,0.0,0.0
2024-12-07T03:00,21.1,0.0,0.0,92,2.7,0.0,0.0,0.0
2024-12-07T04:00,20.6,0.0,0.0,95,3.9,0.0,0.0,0.0
2024-12-07T05:00,20.3,0.0,0.0,96,5.3,0.0,0.0,0.0
2024-12-07T06:00,21.4,0.0,0.0,96,5.9,0.0,0.0,0.0
2024-12-07T07:00,21.7,0.0,0.01,95,9.3,27.0,87.8,18.0
2024-12-07T08:00,23.5,0.0,0.12,86,8.1,185.0,424.7,73.0
2024-12-07T09:00,25.9,0.1,0.27,71,9.0,383.0,619.8,102.0
2024-12-07T10:00,27.1,0.3,0.37,64,7.1,508.0,617.6,135.0
2024-12-07T11:00,28.3,0.1,0.44,58,6.9,597.0,602.8,172.0
2024-12-07T12:00,29.3,0.0,0.5,54,5.6,666.0,660.2,171.0
2024-12-07T13:00,30.0,0.0,0.49,51,6.2,634.0,606.6,188.0
2024-12-07T14:00,29.4,0.1,0.27,50,6.5,304.0,63.4,262.0
2024-12-07T15:00,27.4,0.6,0.22,58,8.7,236.0,158.5,151.0
2024-12-07T16:00,26.8,0.2,0.14,62,3.1,173.0,180.8,107.0
2024-12-07T17:00,26.1,0.0,0.06,65,2.9,79.0,205.1,46.0
2024-12-07T18:00,25.1,0.0,0.02,74,5.7,2.0,0.0,2.0
2024-12-07T19:00,23.8,0.0,0.01,81,4.8,0.0,0.0,0.0
2024-12-07T20:00,23.0,0.0,0.01,86,6.0,0.0,0.0,0.0
2024-12-07T21:00,22.6,0.0,0.01,87,8.2,0.0,0.0,0.0
2024-12-07T22:00,22.0,0.0,0.0,88,4.8,0.0,0.0,0.0
2024-12-07T23:00,22.0,0.0,0.01,88,7.9,0.0,0.0,0.0
2024-12-08T00:00,21.3,0.0,0.0,92,5.6,0.0,0.0,0.0
2024-12-08T01:00,21.2,0.0,0.0,93,8.3,0.0,0.0,0.0
2024-12-08T02:00,21.1,0.0,0.01,92,9.4,0.0,0.0,0.0
2024-12-08T03:00,20.8,0.0,0.0,94,9.8,0.0,0.0,0.0
2024-12-08T04:00,20.5,0.0,0.0,95,9.0,0.0,0.0,0.0
2024-12-08T05:00,20.3,0.0,0.0,95,6.0,0.0,0.0,0.0
2024-12-08T06:00,20.8,0.0,0.0,94,8.1,0.0,0.0,0.0
2024-12-08T07:00,21.5,0.0,0.02,92,8.3,27.0,98.8,17.0
2024-12-08T08:00,23.9,0.0,0.12,82,6.2,186.0,432.4,73.0
2024-12-08T09:00,26.4,0.0,0.28,68,8.7,386.0,634.0,100.0
2024-12-08T10:00,27.5,0.2,0.37,61,9.3,495.0,606.5,130.0
2024-12-08T11:00,28.3,0.1,0.45,57,9.2,597.0,637.0,149.0
2024-12-08T12:00,28.9,0.1,0.49,54,9.6,638.0,644.0,156.0
2024-12-08T13:00,28.9,0.1,0.44,52,9.7,562.0,524.2,177.0
2024-12-08T14:00,28.8,0.0,0.39,52,10.5,477.0,469.8,166.0
2024-12-08T15:00,28.9,0.0,0.37,51,11.6,455.0,611.7,127.0
2024-12-08T16:00,28.2,0.0,0.24,54,11.3,267.0,462.2,98.0
2024-12-08T17:00,26.9,0.0,0.08,60,4.3,95.0,302.8,46.0
2024-12-08T18:00,25.8,0.0,0.01,67,2.1,2.0,0.0,2.0
2024-12-08T19:00,24.9,0.0,0.02,69,4.7,0.0,0.0,0.0
2024-12-08T20:00,24.2,0.0,0.0,74,0.6,0.0,0.0,0.0
2024-12-08T21:00,23.6,0.1,0.0,78,2.3,0.0,0.0,0.0
2024-12-08T22:00,22.5,0.0,0.01,84,4.4,0.0,0.0,0.0
2024-12-08T23:00,21.9,0.0,0.0,88,2.3,0.0,0.0,0.0
2024-12-09T00:00,21.8,0.0,0.0,90,5.5,0.0,0.0,0.0
2024-12-09T01:00,21.3,0.0,0.0,92,7.6,0.0,0.0,0.0
2024-12-09T02:00,20.8,0.0,0.0,95,6.1,0.0,0.0,0.0
2024-12-09T03:00,20.8,0.1,0.0,95,3.7,0.0,0.0,0.0
2024-12-09T04:00,20.3,0.1,0.0,97,3.8,0.0,0.0,0.0
2024-12-09T05:00,20.4,0.0,0.0,96,2.6,0.0,0.0,0.0
2024-12-09T06:00,20.8,0.1,0.0,91,5.2,0.0,0.0,0.0
2024-12-09T07:00,20.3,0.0,0.03,83,8.7,18.0,20.0,16.0
2024-12-09T08:00,21.6,0.0,0.14,64,9.1,186.0,432.5,74.0
2024-12-09T09:00,24.1,0.0,0.29,51,10.8,390.0,648.3,99.0
2024-12-09T10:00,25.9,0.0,0.43,45,12.9,568.0,760.2,112.0
2024-12-09T11:00,27.0,0.0,0.52,42,11.9,693.0,819.6,118.0
2024-12-09T12:00,27.9,0.0,0.56,40,10.5,752.0,848.5,118.0
2024-12-09T13:00,28.5,0.0,0.56,38,9.6,738.0,847.8,116.0
2024-12-09T14:00,28.8,0.0,0.5,38,9.0,652.0,822.1,108.0
2024-12-09T15:00,28.6,0.0,0.4,38,8.7,504.0,758.7,97.0
2024-12-09T16:00,27.8,0.0,0.27,40,10.4,309.0,625.3,80.0
2024-12-09T17:00,26.1,0.0,0.14,44,9.9,108.0,387.0,45.0
2024-12-09T18:00,24.9,0.0,0.09,52,12.7,3.0,0.0,3.0
2024-12-09T19:00,23.8,0.0,0.07,55,12.1,0.0,0.0,0.0
2024-12-09T20:00,23.1,0.0,0.07,56,11.3,0.0,0.0,0.0
2024-12-09T21:00,22.6,0.0,0.06,56,10.8,0.0,0.0,0.0
2024-12-09T22:00,21.7,0.0,0.06,58,11.1,0.0,0.0,0.0
2024-12-09T23:00,20.7,0.0,0.06,60,11.2,0.0,0.0,0.0
2024-12-10T00:00,19.7,0.0,0.04,61,9.5,0.0,0.0,0.0
2024-12-10T01:00,19.1,0.0,0.05,60,10.2,0.0,0.0,0.0
2024-12-10T02:00,18.5,0.0,0.05,60,11.2,0.0,0.0,0.0
2024-12-10T03:00,17.9,0.0,0.05,59,11.2,0.0,0.0,0.0
2024-12-10T04:00,17.3,0.0,0.05,58,9.8,0.0,0.0,0.0
2024-12-10T05:00,16.9,0.0,0.04,57,9.3,0.0,0.0,0.0
2024-12-10T06:00,16.6,0.0,0.04,59,9.0,0.0,0.0,0.0
2024-12-10T07:00,17.1,0.0,0.06,57,9.7,28.0,121.5,16.0
2024-12-10T08:00,19.2,0.0,0.15,50,9.7,193.0,494.8,66.0
2024-12-10T09:00,21.8,0.0,0.29,43,11.4,392.0,651.5,101.0
2024-12-10T10:00,24.1,0.0,0.41,41,12.8,566.0,742.6,122.0
2024-12-10T11:00,25.7,0.0,0.51,42,12.8,692.0,807.2,127.0
2024-12-10T12:00,26.8,0.0,0.55,41,11.4,743.0,808.3,140.0
2024-12-10T13:00,27.5,0.0,0.54,41,9.1,738.0,845.9,118.0
2024-12-10T14:00,27.9,0.0,0.48,40,6.5,652.0,817.8,111.0
2024-12-10T15:00,27.9,0.0,0.38,40,6.7,504.0,750.9,101.0
2024-12-10T16:00,27.2,0.0,0.25,42,8.4,308.0,613.2,83.0
2024-12-10T17:00,25.6,0.0,0.13,47,9.3,107.0,378.5,45.0
2024-12-10T18:00,24.5,0.0,0.1,54,13.5,2.0,0.0,2.0
2024-12-10T19:00,23.3,0.0,0.07,58,12.7,0.0,0.0,0.0
2024-12-10T20:00,22.2,0.0,0.06,63,11.9,0.0,0.0,0.0
2024-12-10T21:00,21.5,0.0,0.04,66,9.6,0.0,0.0,0.0
2024-12-10T22:00,20.5,0.0,0.04,69,10.2,0.0,0.0,0.0
2024-12-10T23:00,19.6,0.0,0.04,70,10.1,0.0,0.0,0.0
2024-12-11T00:00,18.8,0.0,0.03,69,9.3,0.0,0.0,0.0
2024-12-11T01:00,18.1,0.0,0.03,70,9.0,0.0,0.0,0.0
2024-12-11T02:00,17.6,0.0,0.03,72,9.2,0.0,0.0,0.0
2024-12-11T03:00,17.1,0.0,0.02,75,7.6,0.0,0.0,0.0
2024-12-11T04:00,16.8,0.0,0.02,76,7.6,0.0,0.0,0.0
2024-12-11T05:00,16.5,0.0,0.02,77,7.8,0.0,0.0,0.0
2024-12-11T06:00,16.8,0.0,0.02,78,8.1,0.0,0.0,0.0
2024-12-11T07:00,17.5,0.0,0.03,75,9.5,27.0,122.9,15.0
2024-12-11T08:00,19.8,0.0,0.13,66,9.5,192.0,495.3,66.0
2024-12-11T09:00,22.3,0.0,0.27,56,11.3,396.0,679.4,94.0
2024-12-11T10:00,24.6,0.0,0.41,48,11.8,574.0,780.2,109.0
2024-12-11T11:00,26.1,0.0,0.5,44,10.7,699.0,836.1,115.0
2024-12-11T12:00,27.0,0.0,0.55,42,9.7,756.0,855.1,119.0
2024-12-11T13:00,27.5,0.0,0.55,40,9.2,742.0,854.8,116.0
2024-12-11T14:00,27.7,0.0,0.5,39,10.1,656.0,825.6,110.0
2024-12-11T15:00,27.4,0.0,0.4,39,10.6,506.0,757.9,99.0
2024-12-11T16:00,26.6,0.0,0.27,41,11.0,312.0,631.0,80.0
2024-12-11T17:00,24.9,0.0,0.13,45,10.0,110.0,394.2,45.0
2024-12-11T18:00,23.5,0.0,0.07,50,9.8,3.0,19.1,2.0
2024-12-11T19:00,22.4,0.0,0.06,54,9.7,0.0,0.0,0.0
2024-12-11T20:00,21.3,0.0,0.05,58,10.1,0.0,0.0,0.0
2024-12-11T21:00,20.3,0.0,0.04,63,9.3,0.0,0.0,0.0
2024-12-11T22:00,19.4,0.0,0.04,66,10.0,0.0,0.0,0.0
2024-12-11T23:00,18.8,0.0,0.04,62,9.7,0.0,0.0,0.0
2024-12-12T00:00,18.2,0.0,0.05,59,10.5,0.0,0.0,0.0
2024-12-12T01:00,17.6,0.0,0.04,58,9.3,0.0,0.0,0.0
2024-12-12T02:00,17.0,0.0,0.04,58,8.0,0.0,0.0,0.0
2024-12-12T03:00,16.5,0.0,0.03,58,7.7,0.0,0.0,0.0
2024-12-12T04:00,15.6,0.0,0.02,61,6.0,0.0,0.0,0.0
2024-12-12T05:00,14.9,0.0,0.02,64,5.2,0.0,0.0,0.0
2024-12-12T06:00,14.7,0.0,0.01,69,4.2,0.0,0.0,0.0
2024-12-12T07:00,15.7,0.0,0.03,65,5.6,27.0,134.8,14.0
2024-12-12T08:00,18.5,0.0,0.11,54,3.8,196.0,527.4,63.0
2024-12-12T09:00,22.0,0.0,0.26,43,4.9,406.0,716.4,89.0
2024-12-12T10:00,24.6,0.0,0.4,37,6.1,586.0,812.9,103.0
2024-12-12T11:00,26.2,0.0,0.5,36,5.6,712.0,862.3,111.0
2024-12-12T12:00,27.2,0.0,0.55,34,5.4,768.0,877.8,115.0
2024-12-12T13:00,27.8,0.0,0.54,32,5.3,744.0,835.0,133.0
2024-12-12T14:00,28.0,0.0,0.49,32,7.8,658.0,809.0,123.0
2024-12-12T15:00,27.4,0.0,0.41,33,11.6,508.0,744.3,108.0
2024-12-12T16:00,26.2,0.0,0.3,35,13.7,310.0,602.5,88.0
2024-12-12T17:00,24.5,0.0,0.16,38,11.8,111.0,379.5,48.0
2024-12-12T18:00,23.1,0.0,0.1,42,11.4,3.0,0.0,3.0
2024-12-12T19:00,21.7,0.0,0.07,48,10.9,0.0,0.0,0.0
2024-12-12T20:00,20.9,0.0,0.06,49,9.1,0.0,0.0,0.0
2024-12-12T21:00,20.0,0.0,0.04,51,7.7,0.0,0.0,0.0
2024-12-12T22:00,18.9,0.0,0.04,54,7.0,0.0,0.0,0.0
2024-12-12T23:00,18.4,0.0,0.04,55,7.2,0.0,0.0,0.0
2024-12-13T00:00,18.1,0.0,0.04,54,8.1,0.0,0.0,0.0
2024-12-13T01:00,17.5,0.0,0.04,55,8.5,0.0,0.0,0.0
2024-12-13T02:00,16.7,0.0,0.03,56,7.6,0.0,0.0,0.0
2024-12-13T03:00,16.2,0.0,0.03,58,7.7,0.0,0.0,0.0
2024-12-13T04:00,15.5,0.0,0.03,61,6.8,0.0,0.0,0.0
2024-12-13T05:00,15.0,0.0,0.02,64,6.4,0.0,0.0,0.0
2024-12-13T06:00,14.9,0.0,0.02,67,6.0,0.0,0.0,0.0
2024-12-13T07:00,15.8,0.0,0.03,64,7.3,25.0,83.9,17.0
2024-12-13T08:00,18.8,0.0,0.13,53,6.9,193.0,508.0,66.0
2024-12-13T09:00,21.7,0.0,0.29,42,12.5,401.0,703.8,91.0
2024-12-13T10:00,23.5,0.0,0.43,35,15.1,578.0,783.2,114.0
2024-12-13T11:00,24.8,0.0,0.52,32,14.2,699.0,810.8,135.0
2024-12-13T12:00,25.7,0.0,0.55,30,13.6,730.0,720.1,195.0
2024-12-13T13:00,26.4,0.0,0.56,28,13.5,739.0,808.2,148.0
2024-12-13T14:00,26.4,0.0,0.51,29,13.4,642.0,734.9,156.0
2024-12-13T15:00,26.0,0.0,0.4,29,13.0,484.0,611.6,155.0
2024-12-13T16:00,25.2,0.0,0.29,32,12.7,308.0,560.4,101.0
2024-12-13T17:00,23.6,0.0,0.14,37,10.3,96.0,173.4,67.0
2024-12-13T18:00,22.1,0.0,0.08,42,9.2,3.0,0.0,3.0
2024-12-13T19:00,20.9,0.0,0.07,46,9.9,0.0,0.0,0.0
2024-12-13T20:00,19.7,0.0,0.05,50,8.8,0.0,0.0,0.0
2024-12-13T21:00,18.5,0.0,0.04,54,7.1,0.0,0.0,0.0
2024-12-13T22:00,17.8,0.0,0.05,54,9.6,0.0,0.0,0.0
2024-12-13T23:00,17.1,0.0,0.05,58,10.3,0.0,0.0,0.0
2024-12-14T00:00,16.5,0.0,0.04,60,10.1,0.0,0.0,0.0
2024-12-14T01:00,15.9,0.0,0.03,64,8.7,0.0,0.0,0.0
2024-12-14T02:00,15.2,0.0,0.03,67,7.8,0.0,0.0,0.0
2024-12-14T03:00,14.5,0.0,0.02,70,7.3,0.0,0.0,0.0
2024-12-14T04:00,13.9,0.0,0.02,73,6.8,0.0,0.0,0.0
2024-12-14T05:00,13.4,0.0,0.01,76,6.5,0.0,0.0,0.0
2024-12-14T06:00,13.3,0.0,0.01,79,6.3,0.0,0.0,0.0
2024-12-14T07:00,14.3,0.0,0.02,74,8.3,26.0,127.3,14.0
2024-12-14T08:00,17.5,0.0,0.12,61,8.6,195.0,536.5,62.0
2024-12-14T09:00,20.3,0.0,0.28,48,13.3,405.0,725.2,87.0
2024-12-14T10:00,22.5,0.0,0.41,40,14.0,586.0,820.9,101.0
2024-12-14T11:00,24.1,0.0,0.51,35,13.8,713.0,868.4,110.0
2024-12-14T12:00,25.3,0.0,0.56,31,13.0,773.0,890.7,112.0
2024-12-14T13:00,26.2,0.0,0.57,28,12.5,761.0,889.3,111.0
2024-12-14T14:00,26.5,0.0,0.52,26,11.8,676.0,860.2,107.0
2024-12-14T15:00,26.2,0.0,0.42,27,12.3,526.0,800.4,95.0
2024-12-14T16:00,25.2,0.0,0.3,29,12.9,329.0,680.5,77.0
2024-12-14T17:00,23.2,0.0,0.15,34,10.0,119.0,445.2,44.0
2024-12-14T18:00,21.1,0.0,0.08,39,8.5,3.0,19.1,2.0
2024-12-14T19:00,19.2,0.0,0.05,46,8.1,0.0,0.0,0.0
2024-12-14T20:00,17.8,0.0,0.04,51,7.3,0.0,0.0,0.0
2024-12-14T21:00,16.6,0.0,0.03,56,6.3,0.0,0.0,0.0
2024-12-14T22:00,16.0,0.0,0.03,58,6.2,0.0,0.0,0.0
2024-12-14T23:00,15.5,0.0,0.03,59,6.8,0.0,0.0,0.0
2024-12-15T00:00,14.8,0.0,0.02,60,6.5,0.0,0.0,0.0
2024-12-15T01:00,13.9,0.0,0.02,64,6.0,0.0,0.0,0.0
2024-12-15T02:00,13.4,0.0,0.02,66,5.8,0.0,0.0,0.0
2024-12-15T03:00,13.0,0.0,0.02,69,6.1,0.0,0.0,0.0
2024-12-15T04:00,12.6,0.0,0.01,71,6.2,0.0,0.0,0.0
2024-12-15T05:00,12.2,0.0,0.01,74,6.1,0.0,0.0,0.0
2024-12-15T06:00,11.7,0.0,0.01,82,5.9,0.0,0.0,0.0
2024-12-15T07:00,12.9,0.0,0.02,77,6.3,25.0,128.8,13.0
2024-12-15T08:00,16.6,0.0,0.11,62,6.0,197.0,549.1,62.0
2024-12-15T09:00,20.2,0.0,0.26,48,7.7,411.0,742.0,87.0
2024-12-15T10:00,22.7,0.0,0.41,38,10.1,596.0,840.1,101.0
2024-12-15T11:00,24.5,0.0,0.51,31,10.1,726.0,890.1,109.0
2024-12-15T12:00,25.7,0.0,0.56,28,9.4,787.0,911.8,111.0
2024-12-15T13:00,26.6,0.0,0.56,26,9.1,773.0,907.4,110.0
2024-12-15T14:00,26.9,0.0,0.52,25,9.9,686.0,878.1,105.0
2024-12-15T15:00,26.6,0.0,0.43,24,11.6,534.0,814.3,95.0
2024-12-15T16:00,25.4,0.0,0.31,27,12.9,334.0,689.4,78.0
2024-12-15T17:00,23.1,0.0,0.14,33,9.3,121.0,447.6,45.0
2024-12-15T18:00,21.5,0.0,0.08,37,9.5,4.0,18.8,3.0
2024-12-15T19:00,19.6,0.0,0.06,43,8.9,0.0,0.0,0.0
2024-12-15T20:00,17.7,0.0,0.03,50,6.6,0.0,0.0,0.0
2024-12-15T21:00,16.4,0.0,0.02,55,5.7,0.0,0.0,0.0
2024-12-15T22:00,16.0,0.0,0.02,56,5.3,0.0,0.0,0.0
2024-12-15T23:00,15.2,0.0,0.03,56,6.5,0.0,0.0,0.0
2024-12-16T00:00,14.4,0.0,0.02,58,6.4,0.0,0.0,0.0
2024-12-16T01:00,13.7,0.0,0.02,61,6.0,0.0,0.0,0.0
2024-12-16T02:00,13.2,0.0,0.01,62,5.0,0.0,0.0,0.0
2024-12-16T03:00,12.8,0.0,0.01,64,4.4,0.0,0.0,0.0
2024-12-16T04:00,12.2,0.0,0.01,65,4.3,0.0,0.0,0.0
2024-12-16T05:00,11.6,0.0,0.01,67,3.8,0.0,0.0,0.0
2024-12-16T06:00,11.1,0.0,0.0,72,3.9,0.0,0.0,0.0
2024-12-16T07:00,11.9,0.0,0.0,74,2.9,25.0,130.2,13.0
2024-12-16T08:00,15.3,0.0,0.1,58,3.5,198.0,561.7,61.0
2024-12-16T09:00,19.1,0.0,0.24,45,4.0,414.0,754.2,86.0
2024-12-16T10:00,22.2,0.0,0.39,38,7.0,597.0,840.5,103.0
2024-12-16T11:00,24.3,0.0,0.5,31,7.9,724.0,884.3,112.0
2024-12-16T12:00,25.8,0.0,0.57,27,9.6,784.0,907.2,112.0
2024-12-16T13:00,26.6,0.0,0.58,25,11.4,769.0,899.4,112.0
2024-12-16T14:00,26.8,0.0,0.52,25,11.4,683.0,871.7,106.0
2024-12-16T15:00,26.5,0.0,0.42,27,10.7,533.0,813.3,94.0
2024-12-16T16:00,25.7,0.0,0.29,30,10.3,335.0,690.1,78.0
2024-12-16T17:00,23.0,0.0,0.11,37,6.6,123.0,455.8,45.0
2024-12-16T18:00,21.6,0.0,0.07,40,8.8,4.0,18.6,3.0
2024-12-16T19:00,20.0,0.0,0.07,44,9.7,0.0,0.0,0.0
2024-12-16T20:00,18.5,0.0,0.05,49,9.0,0.0,0.0,0.0
2024-12-16T21:00,17.4,0.0,0.04,52,7.9,0.0,0.0,0.0
2024-12-16T22:00,16.8,0.0,0.04,52,7.4,0.0,0.0,0.0
2024-12-16T23:00,16.2,0.0,0.03,53,6.8,0.0,0.0,0.0
2024-12-17T00:00,15.7,0.0,0.03,54,6.0,0.0,0.0,0.0
2024-12-17T01:00,15.0,0.0,0.02,56,5.9,0.0,0.0,0.0
2024-12-17T02:00,14.4,0.0,0.02,59,5.1,0.0,0.0,0.0
2024-12-17T03:00,13.9,0.0,0.01,61,3.2,0.0,0.0,0.0
2024-12-17T04:00,13.3,0.0,0.0,64,3.0,0.0,0.0,0.0
2024-12-17T05:00,12.5,0.0,0.01,68,4.7,0.0,0.0,0.0
2024-12-17T06:00,11.5,0.0,0.01,75,4.6,0.0,0.0,0.0
2024-12-17T07:00,12.3,0.0,0.01,76,4.1,24.0,120.7,13.0
2024-12-17T08:00,16.2,0.0,0.1,59,4.5,194.0,549.5,61.0
2024-12-17T09:00,20.6,0.0,0.25,46,3.8,408.0,743.3,86.0
2024-12-17T10:00,23.4,0.0,0.39,35,5.2,592.0,839.1,100.0
2024-12-17T11:00,25.3,0.0,0.5,28,5.1,722.0,887.0,109.0
2024-12-17T12:00,26.8,0.0,0.56,24,5.9,783.0,906.5,112.0
2024-12-17T13:00,27.7,0.0,0.57,22,7.5,769.0,895.5,115.0
2024-12-17T14:00,28.0,0.0,0.52,21,9.1,685.0,875.8,105.0
2024-12-17T15:00,27.7,0.0,0.43,21,10.0,535.0,814.0,95.0
2024-12-17T16:00,26.7,0.0,0.3,23,10.3,335.0,674.6,83.0
2024-12-17T17:00,23.9,0.0,0.13,30,7.7,124.0,440.5,48.0
2024-12-17T18:00,22.3,0.0,0.11,32,10.8,4.0,18.3,3.0
2024-12-17T19:00,20.5,0.0,0.07,38,8.9,0.0,0.0,0.0
2024-12-17T20:00,18.9,0.0,0.05,46,8.0,0.0,0.0,0.0
2024-12-17T21:00,17.1,0.0,0.03,55,6.5,0.0,0.0,0.0
2024-12-17T22:00,16.3,0.0,0.02,60,5.8,0.0,0.0,0.0
2024-12-17T23:00,15.9,0.0,0.01,63,4.8,0.0,0.0,0.0
2024-12-18T00:00,15.4,0.0,0.02,66,6.4,0.0,0.0,0.0
2024-12-18T01:00,14.8,0.0,0.01,70,5.4,0.0,0.0,0.0
2024-12-18T02:00,14.8,0.0,0.0,70,1.1,0.0,0.0,0.0
2024-12-18T03:00,14.4,0.0,0.0,72,0.6,0.0,0.0,0.0
2024-12-18T04:00,13.7,0.0,0.0,75,1.1,0.0,0.0,0.0
2024-12-18T05:00,13.1,0.0,0.0,78,2.3,0.0,0.0,0.0
2024-12-18T06:00,12.1,0.0,0.0,82,1.8,0.0,0.0,0.0
2024-12-18T07:00,12.8,0.0,0.01,79,4.5,23.0,121.9,12.0
2024-12-18T08:00,17.0,0.0,0.11,62,6.7,190.0,541.2,60.0
2024-12-18T09:00,21.2,0.0,0.26,49,7.2,403.0,734.5,86.0
2024-12-18T10:00,24.1,0.0,0.41,37,9.4,586.0,825.5,103.0
2024-12-18T11:00,25.7,0.0,0.51,31,8.7,711.0,854.9,121.0
2024-12-18T12:00,26.9,0.0,0.57,28,8.7,773.0,878.7,123.0
2024-12-18T13:00,27.8,0.0,0.57,26,8.4,766.0,895.5,112.0
2024-12-18T14:00,28.3,0.0,0.51,24,7.7,682.0,867.6,107.0
2024-12-18T15:00,28.2,0.0,0.41,24,7.9,534.0,812.7,94.0
2024-12-18T16:00,27.4,0.0,0.29,26,8.7,336.0,685.8,79.0
2024-12-18T17:00,24.9,0.0,0.14,33,8.0,124.0,448.3,46.0
2024-12-18T18:00,23.4,0.0,0.09,39,10.3,4.0,18.1,3.0
2024-12-18T19:00,21.6,0.0,0.07,47,10.2,0.0,0.0,0.0
2024-12-18T20:00,20.3,0.0,0.06,51,9.8,0.0,0.0,0.0
2024-12-18T21:00,19.3,0.0,0.04,54,8.1,0.0,0.0,0.0
2024-12-18T22:00,18.0,0.0,0.03,58,7.1,0.0,0.0,0.0
2024-12-18T23:00,16.9,0.0,0.02,62,6.4,0.0,0.0,0.0
2024-12-19T00:00,16.6,0.0,0.02,63,5.8,0.0,0.0,0.0
2024-12-19T01:00,15.8,0.0,0.02,64,6.5,0.0,0.0,0.0
2024-12-19T02:00,15.0,0.0,0.02,67,5.6,0.0,0.0,0.0
2024-12-19T03:00,14.1,0.0,0.01,72,5.8,0.0,0.0,0.0
2024-12-19T04:00,13.7,0.0,0.01,75,5.6,0.0,0.0,0.0
2024-12-19T05:00,13.4,0.0,0.01,77,5.1,0.0,0.0,0.0
2024-12-19T06:00,12.5,0.0,0.0,80,3.8,0.0,0.0,0.0
2024-12-19T07:00,13.3,0.0,0.01,78,4.7,22.0,100.8,13.0
2024-12-19T08:00,17.0,0.0,0.11,63,6.7,181.0,494.8,63.0
2024-12-19T09:00,21.1,0.0,0.25,50,6.3,390.0,704.5,87.0
2024-12-19T10:00,24.5,0.0,0.41,36,8.5,571.0,805.0,101.0
2024-12-19T11:00,26.7,0.0,0.51,28,7.6,697.0,855.9,107.0
2024-12-19T12:00,28.0,0.0,0.55,26,5.1,756.0,871.1,112.0
2024-12-19T13:00,28.7,0.0,0.53,25,3.4,742.0,861.1,113.0
2024-12-19T14:00,29.1,0.0,0.46,25,2.6,658.0,826.2,110.0
2024-12-19T15:00,29.0,0.0,0.35,26,1.6,513.0,765.2,98.0
2024-12-19T16:00,28.6,0.0,0.21,27,1.9,323.0,648.9,79.0
2024-12-19T17:00,25.9,0.0,0.11,34,5.1,120.0,421.6,46.0
2024-12-19T18:00,24.1,0.0,0.06,40,6.0,4.0,17.8,3.0
2024-12-19T19:00,22.6,0.0,0.04,42,5.7,0.0,0.0,0.0
2024-12-19T20:00,21.5,0.0,0.01,44,3.1,0.0,0.0,0.0
2024-12-19T21:00,20.4,0.0,0.04,46,6.7,0.0,0.0,0.0
2024-12-19T22:00,19.5,0.0,0.0,52,1.8,0.0,0.0,0.0
2024-12-19T23:00,19.4,0.0,0.0,53,0.6,0.0,0.0,0.0
2024-12-20T00:00,18.4,0.0,0.01,57,3.8,0.0,0.0,0.0
2024-12-20T01:00,18.0,0.0,0.02,59,5.4,0.0,0.0,0.0
2024-12-20T02:00,17.7,0.0,0.03,58,6.5,0.0,0.0,0.0
2024-12-20T03:00,17.0,0.0,0.02,58,5.5,0.0,0.0,0.0
2024-12-20T04:00,16.8,0.0,0.01,58,4.1,0.0,0.0,0.0
2024-12-20T05:00,16.5,0.0,0.01,60,3.6,0.0,0.0,0.0
2024-12-20T06:00,16.0,0.0,0.01,67,5.1,0.0,0.0,0.0
2024-12-20T07:00,16.8,0.0,0.02,70,4.5,19.0,67.9,13.0
2024-12-20T08:00,19.9,0.0,0.1,65,4.4,167.0,413.9,69.0
2024-12-20T09:00,23.3,0.0,0.24,59,4.8,363.0,597.3,107.0
2024-12-20T10:00,25.9,0.0,0.37,54,5.2,535.0,686.5,135.0
2024-12-20T11:00,27.7,0.0,0.47,43,3.6,658.0,734.8,152.0
2024-12-20T12:00,28.9,0.0,0.52,38,1.7,726.0,790.2,142.0
2024-12-20T13:00,29.7,0.0,0.51,36,0.9,719.0,799.3,135.0
2024-12-20T14:00,30.1,0.0,0.45,35,0.5,644.0,793.8,117.0
2024-12-20T15:00,30.0,0.0,0.35,35,0.8,505.0,741.6,102.0
2024-12-20T16:00,29.7,0.0,0.22,36,1.8,317.0,617.4,84.0
2024-12-20T17:00,27.7,0.0,0.1,43,4.2,117.0,395.2,47.0
2024-12-20T18:00,26.5,0.0,0.1,45,11.0,4.0,17.6,3.0
2024-12-20T19:00,24.5,0.0,0.03,53,5.6,0.0,0.0,0.0
2024-12-20T20:00,23.4,0.0,0.02,58,4.5,0.0,0.0,0.0
2024-12-20T21:00,22.6,0.0,0.02,63,4.6,0.0,0.0,0.0
2024-12-20T22:00,21.8,0.0,0.02,67,4.8,0.0,0.0,0.0
2024-12-20T23:00,21.2,0.0,0.0,70,2.6,0.0,0.0,0.0
2024-12-21T00:00,20.6,0.0,0.0,73,1.6,0.0,0.0,0.0
2024-12-21T01:00,20.0,0.0,0.0,76,1.5,0.0,0.0,0.0
2024-12-21T02:00,20.0,0.0,0.0,76,2.2,0.0,0.0,0.0
2024-12-21T03:00,19.6,0.0,0.02,76,6.3,0.0,0.0,0.0
2024-12-21T04:00,18.8,0.0,0.01,79,5.8,0.0,0.0,0.0
2024-12-21T05:00,18.7,0.0,0.01,79,5.1,0.0,0.0,0.0
2024-12-21T06:00,18.6,0.0,0.01,82,5.6,0.0,0.0,0.0
2024-12-21T07:00,19.1,0.0,0.02,82,7.9,18.0,57.2,13.0
2024-12-21T08:00,21.8,0.0,0.11,72,5.9,160.0,374.4,72.0
2024-12-21T09:00,24.7,0.0,0.25,66,7.7,354.0,571.3,110.0
2024-12-21T10:00,26.3,0.0,0.36,59,7.8,499.0,637.9,128.0
2024-12-21T11:00,27.5,0.0,0.44,52,6.2,602.0,660.0,148.0
2024-12-21T12:00,28.3,0.0,0.47,48,4.3,643.0,638.9,171.0
2024-12-21T13:00,28.9,0.0,0.44,44,2.4,597.0,581.5,172.0
2024-12-21T14:00,29.4,0.0,0.4,42,1.1,562.0,610.9,156.0
2024-12-21T15:00,29.2,0.0,0.3,41,2.3,408.0,499.5,136.0
2024-12-21T16:00,29.0,0.0,0.23,40,5.1,279.0,490.9,93.0
2024-12-21T17:00,27.6,0.0,0.16,44,11.1,108.0,296.3,55.0
2024-12-21T18:00,25.8,0.0,0.11,54,14.4,4.0,17.3,3.0
2024-12-21T19:00,25.2,0.0,0.09,56,13.8,0.0,0.0,0.0
2024-12-21T20:00,24.2,0.0,0.05,59,8.9,0.0,0.0,0.0
2024-12-21T21:00,22.8,0.0,0.02,65,4.7,0.0,0.0,0.0
2024-12-21T22:00,21.9,0.0,0.01,71,4.3,0.0,0.0,0.0
2024-12-21T23:00,21.4,0.0,0.02,72,5.3,0.0,0.0,0.0
2024-12-22T00:00,21.0,0.0,0.03,73,8.1,0.0,0.0,0.0
2024-12-22T01:00,20.6,0.0,0.03,72,8.3,0.0,0.0,0.0
2024-12-22T02:00,20.1,0.0,0.03,73,8.3,0.0,0.0,0.0
2024-12-22T03:00,19.3,0.0,0.01,76,5.7,0.0,0.0,0.0
2024-12-22T04:00,18.9,0.0,0.01,79,4.6,0.0,0.0,0.0
2024-12-22T05:00,19.8,0.0,0.02,75,6.0,0.0,0.0,0.0
2024-12-22T06:00,19.4,0.0,0.01,75,5.5,0.0,0.0,0.0
2024-12-22T07:00,19.9,0.0,0.04,73,10.5,16.0,46.2,12.0
2024-12-22T08:00,21.9,0.0,0.13,66,10.2,164.0,432.8,63.0
2024-12-22T09:00,24.2,0.0,0.27,57,13.2,364.0,629.5,96.0
2024-12-22T10:00,26.1,0.0,0.41,48,14.0,540.0,735.5,113.0
2024-12-22T11:00,27.8,0.0,0.51,44,11.2,671.0,801.7,120.0
2024-12-22T12:00,28.3,0.0,0.47,41,8.9,596.0,521.2,211.0
2024-12-22T13:00,28.4,0.0,0.35,41,7.8,394.0,149.1,285.0
2024-12-22T14:00,29.4,0.0,0.44,37,6.9,551.0,542.5,190.0
2024-12-22T15:00,29.5,0.0,0.36,36,7.0,432.0,542.3,136.0
2024-12-22T16:00,29.1,0.0,0.25,37,7.8,278.0,486.2,93.0
2024-12-22T17:00,28.1,0.0,0.11,40,5.3,93.0,249.1,48.0
2024-12-22T18:00,25.8,0.0,0.03,51,3.8,4.0,17.0,3.0
2024-12-22T19:00,25.0,0.0,0.02,53,4.0,0.0,0.0,0.0
2024-12-22T20:00,24.7,0.0,0.07,54,10.9,0.0,0.0,0.0
2024-12-22T21:00,23.8,0.0,0.08,58,13.8,0.0,0.0,0.0
2024-12-22T22:00,23.2,0.0,0.06,61,11.8,0.0,0.0,0.0
2024-12-22T23:00,22.7,0.0,0.05,63,10.0,0.0,0.0,0.0
2024-12-23T00:00,21.7,0.0,0.04,65,9.7,0.0,0.0,0.0
2024-12-23T01:00,20.9,0.0,0.03,68,8.8,0.0,0.0,0.0
2024-12-23T02:00,20.5,0.0,0.04,70,10.0,0.0,0.0,0.0
2024-12-23T03:00,20.3,0.0,0.04,74,12.5,0.0,0.0,0.0
2024-12-23T04:00,20.1,0.0,0.03,78,11.0,0.0,0.0,0.0
2024-12-23T05:00,19.6,0.3,0.01,83,5.2,0.0,0.0,0.0
2024-12-23T06:00,20.5,0.0,0.03,80,11.1,0.0,0.0,0.0
2024-12-23T07:00,20.6,0.0,0.03,80,9.7,15.0,46.7,11.0
2024-12-23T08:00,22.1,0.1,0.1,75,8.7,137.0,280.5,72.0
2024-12-23T09:00,23.6,0.1,0.21,69,12.6,290.0,400.6,120.0
2024-12-23T10:00,23.7,0.6,0.29,69,15.7,424.0,471.0,151.0
2024-12-23T11:00,23.8,0.4,0.29,69,15.2,406.0,272.3,219.0
2024-12-23T12:00,25.5,0.2,0.38,59,16.4,491.0,323.6,252.0
2024-12-23T13:00,27.0,0.0,0.43,52,15.7,543.0,419.6,236.0
2024-12-23T14:00,27.2,0.0,0.37,51,14.1,429.0,289.6,236.0
2024-12-23T15:00,26.9,0.0,0.29,52,12.8,311.0,272.3,162.0
2024-12-23T16:00,26.8,0.0,0.22,52,11.2,221.0,303.6,105.0
2024-12-23T17:00,26.1,0.0,0.11,54,8.3,85.0,169.8,54.0
2024-12-23T18:00,24.6,0.0,0.04,59,4.7,4.0,16.7,3.0
2024-12-23T19:00,23.5,0.0,0.02,64,5.0,0.0,0.0,0.0
2024-12-23T20:00,22.9,0.0,0.02,68,6.3,0.0,0.0,0.0
2024-12-23T21:00,22.6,0.0,0.0,72,1.4,0.0,0.0,0.0
2024-12-23T22:00,22.1,0.0,0.03,72,8.9,0.0,0.0,0.0
2024-12-23T23:00,21.3,0.0,0.01,74,4.8,0.0,0.0,0.0
2024-12-24T00:00,21.5,0.0,0.03,73,7.9,0.0,0.0,0.0
2024-12-24T01:00,21.3,0.0,0.02,72,7.4,0.0,0.0,0.0
2024-12-24T02:00,21.0,0.0,0.03,71,8.5,0.0,0.0,0.0
2024-12-24T03:00,20.6,0.0,0.03,71,9.7,0.0,0.0,0.0
2024-12-24T04:00,20.0,0.0,0.03,74,8.9,0.0,0.0,0.0
2024-12-24T05:00,19.1,0.0,0.02,78,7.7,0.0,0.0,0.0
2024-12-24T06:00,18.4,0.0,0.01,83,7.9,0.0,0.0,0.0
2024-12-24T07:00,18.7,0.0,0.02,81,7.7,17.0,82.5,10.0
2024-12-24T08:00,21.2,0.0,0.11,70,6.3,165.0,456.2,60.0
2024-12-24T09:00,24.0,0.0,0.26,58,7.6,368.0,654.7,91.0
2024-12-24T10:00,26.4,0.0,0.41,47,10.6,547.0,760.4,107.0
2024-12-24T11:00,27.7,0.0,0.5,42,9.6,675.0,814.5,116.0
2024-12-24T12:00,28.6,0.0,0.55,38,7.3,735.0,831.2,121.0
2024-12-24T13:00,29.3,0.0,0.55,35,7.1,735.0,842.6,118.0
2024-12-24T14:00,29.7,0.0,0.5,34,7.7,652.0,807.6,113.0
2024-12-24T15:00,29.6,0.0,0.4,33,6.6,509.0,740.1,103.0
2024-12-24T16:00,29.2,0.0,0.26,32,6.3,307.0,562.7,91.0
2024-12-24T17:00,27.3,0.0,0.1,39,4.1,124.0,401.1,50.0
2024-12-24T18:00,25.8,0.0,0.1,41,9.5,5.0,16.5,4.0
2024-12-24T19:00,24.4,0.0,0.03,49,5.2,0.0,0.0,0.0
2024-12-24T20:00,23.7,0.0,0.0,54,2.3,0.0,0.0,0.0
2024-12-24T21:00,24.0,0.0,0.05,51,7.4,0.0,0.0,0.0
2024-12-24T22:00,24.2,0.0,0.04,50,6.0,0.0,0.0,0.0
2024-12-24T23:00,23.4,0.0,0.06,53,9.1,0.0,0.0,0.0
2024-12-25T00:00,23.0,0.0,0.06,55,9.7,0.0,0.0,0.0
2024-12-25T01:00,21.9,0.0,0.05,61,9.8,0.0,0.0,0.0
2024-12-25T02:00,20.9,0.0,0.04,68,10.4,0.0,0.0,0.0
2024-12-25T03:00,20.3,0.0,0.03,73,10.1,0.0,0.0,0.0
2024-12-25T04:00,19.8,0.0,0.02,77,8.6,0.0,0.0,0.0
2024-12-25T05:00,19.1,0.0,0.01,82,6.8,0.0,0.0,0.0
2024-12-25T06:00,18.5,0.0,0.0,87,4.5,0.0,0.0,0.0
2024-12-25T07:00,19.1,0.0,0.01,85,7.2,16.0,71.4,10.0
2024-12-25T08:00,21.6,0.0,0.1,76,6.0,161.0,441.8,60.0
2024-12-25T09:00,24.0,0.0,0.24,67,6.5,361.0,637.7,92.0
2024-12-25T10:00,25.9,0.0,0.38,58,8.2,538.0,740.7,110.0
2024-12-25T11:00,27.5,0.0,0.48,50,10.2,645.0,752.2,129.0
2024-12-25T12:00,28.4,0.0,0.48,45,9.3,623.0,601.0,179.0
2024-12-25T13:00,29.0,0.0,0.45,41,8.7,559.0,492.6,198.0
2024-12-25T14:00,29.6,0.0,0.43,38,8.4,526.0,486.2,201.0
2024-12-25T15:00,29.7,0.0,0.36,37,8.1,422.0,498.1,148.0
2024-12-25T16:00,29.3,0.0,0.26,36,8.7,279.0,430.4,113.0
2024-12-25T17:00,28.1,0.0,0.16,40,10.2,101.0,257.4,53.0
2024-12-25T18:00,26.1,0.0,0.12,50,14.5,5.0,16.2,4.0
2024-12-25T19:00,24.9,0.0,0.09,58,14.6,0.0,0.0,0.0
2024-12-25T20:00,24.2,0.0,0.07,61,12.2,0.0,0.0,0.0
2024-12-25T21:00,23.4,0.0,0.06,63,11.4,0.0,0.0,0.0
2024-12-25T22:00,22.3,0.0,0.04,67,9.7,0.0,0.0,0.0
2024-12-25T23:00,21.4,0.0,0.03,71,9.1,0.0,0.0,0.0
2024-12-26T00:00,20.9,0.0,0.03,75,9.1,0.0,0.0,0.0
2024-12-26T01:00,20.4,0.0,0.02,78,8.6,0.0,0.0,0.0
2024-12-26T02:00,20.0,0.0,0.02,82,9.3,0.0,0.0,0.0
2024-12-26T03:00,19.9,0.0,0.02,85,9.6,0.0,0.0,0.0
2024-12-26T04:00,19.9,0.0,0.01,88,9.2,0.0,0.0,0.0
2024-12-26T05:00,19.7,0.0,0.01,92,8.8,0.0,0.0,0.0
2024-12-26T06:00,18.9,0.0,0.0,98,8.9,0.0,0.0,0.0
2024-12-26T07:00,19.1,0.0,0.0,97,9.1,14.0,36.0,11.0
2024-12-26T08:00,20.6,0.0,0.07,89,15.2,102.0,88.1,82.0
2024-12-26T09:00,22.5,0.0,0.14,79,15.0,178.0,42.8,160.0
2024-12-26T10:00,25.0,0.0,0.29,65,12.6,383.0,268.6,228.0
2024-12-26T11:00,27.2,0.0,0.43,54,9.8,579.0,563.0,193.0
2024-12-26T12:00,28.7,0.0,0.51,47,9.9,660.0,671.1,164.0
2024-12-26T13:00,29.5,0.0,0.52,42,11.1,654.0,661.1,169.0
2024-12-26T14:00,28.6,0.0,0.37,46,11.1,421.0,331.5,199.0
2024-12-26T15:00,28.1,0.0,0.29,48,9.3,319.0,232.0,191.0
2024-12-26T16:00,27.2,0.0,0.21,52,7.4,234.0,319.9,110.0
2024-12-26T17:00,26.1,0.1,0.11,55,7.7,101.0,243.9,55.0
2024-12-26T18:00,23.4,0.3,0.04,74,9.4,4.0,0.0,4.0
2024-12-26T19:00,22.8,0.1,0.02,80,7.0,0.0,0.0,0.0
2024-12-26T20:00,22.3,0.1,0.0,84,3.4,0.0,0.0,0.0
2024-12-26T21:00,21.8,0.0,0.0,89,4.2,0.0,0.0,0.0
2024-12-26T22:00,21.4,0.0,0.01,90,7.5,0.0,0.0,0.0
2024-12-26T23:00,21.1,0.0,0.01,90,10.4,0.0,0.0,0.0
2024-12-27T00:00,20.4,0.0,0.0,93,7.5,0.0,0.0,0.0
2024-12-27T01:00,20.8,0.1,0.01,91,8.2,0.0,0.0,0.0
2024-12-27T02:00,20.7,0.0,0.01,91,9.0,0.0,0.0,0.0
2024-12-27T03:00,20.4,0.1,0.0,93,8.4,0.0,0.0,0.0
2024-12-27T04:00,20.3,0.4,0.0,96,8.1,0.0,0.0,0.0
2024-12-27T05:00,20.3,0.1,0.0,96,10.5,0.0,0.0,0.0
2024-12-27T06:00,20.3,0.0,0.0,95,9.7,0.0,0.0,0.0
2024-12-27T07:00,20.6,0.0,0.01,93,11.8,12.0,36.4,9.0
2024-12-27T08:00,22.2,0.0,0.1,83,18.9,123.0,226.0,72.0
2024-12-27T09:00,23.8,0.1,0.21,74,17.7,279.0,362.3,127.0
2024-12-27T10:00,25.1,0.0,0.3,67,17.0,393.0,406.0,159.0
2024-12-27T11:00,25.6,0.0,0.28,64,16.7,331.0,112.3,254.0
2024-12-27T12:00,26.9,0.1,0.44,58,18.3,572.0,430.1,254.0
2024-12-27T13:00,27.6,0.1,0.4,53,18.3,453.0,356.8,191.0
2024-12-27T14:00,28.3,0.0,0.45,50,18.3,540.0,541.0,177.0
2024-12-27T15:00,28.2,0.0,0.38,49,16.5,425.0,513.3,141.0
2024-12-27T16:00,27.6,0.0,0.27,50,17.2,254.0,387.6,103.0
2024-12-27T17:00,26.4,0.0,0.16,55,14.7,105.0,272.7,53.0
2024-12-27T18:00,24.9,0.0,0.06,61,9.3,6.0,15.6,5.0
2024-12-27T19:00,23.8,0.0,0.03,65,7.1,0.0,0.0,0.0
2024-12-27T20:00,23.2,0.0,0.03,67,8.0,0.0,0.0,0.0
2024-12-27T21:00,22.1,0.0,0.03,71,7.8,0.0,0.0,0.0
2024-12-27T22:00,21.7,0.0,0.03,73,9.7,0.0,0.0,0.0
2024-12-27T23:00,21.3,0.0,0.04,73,12.3,0.0,0.0,0.0
2024-12-28T00:00,20.8,0.0,0.04,75,11.8,0.0,0.0,0.0
2024-12-28T01:00,20.2,0.0,0.03,78,11.3,0.0,0.0,0.0
2024-12-28T02:00,19.9,0.0,0.03,79,11.5,0.0,0.0,0.0
2024-12-28T03:00,19.2,0.0,0.02,83,9.5,0.0,0.0,0.0
2024-12-28T04:00,18.6,0.0,0.01,86,9.9,0.0,0.0,0.0
2024-12-28T05:00,17.9,0.0,0.01,90,7.8,0.0,0.0,0.0
2024-12-28T06:00,18.9,0.0,0.02,81,10.8,0.0,0.0,0.0
2024-12-28T07:00,19.5,0.0,0.04,77,13.7,13.0,49.0,9.0
2024-12-28T08:00,21.2,0.0,0.12,71,14.4,147.0,347.7,69.0
2024-12-28T09:00,23.4,0.0,0.26,61,17.7,353.0,618.9,94.0
2024-12-28T10:00,25.2,0.0,0.39,55,16.7,537.0,741.6,110.0
2024-12-28T11:00,26.9,0.0,0.5,48,15.9,666.0,801.1,117.0
2024-12-28T12:00,28.1,0.0,0.56,45,14.4,735.0,832.8,119.0
2024-12-28T13:00,28.7,0.0,0.56,43,11.9,731.0,833.7,118.0
2024-12-28T14:00,29.1,0.0,0.51,42,10.1,652.0,798.8,115.0
2024-12-28T15:00,29.0,0.0,0.41,42,9.6,511.0,727.9,107.0
2024-12-28T16:00,28.4,0.0,0.28,44,9.8,323.0,597.6,89.0
2024-12-28T17:00,27.1,0.0,0.14,49,8.2,126.0,383.7,52.0
2024-12-28T18:00,26.1,0.0,0.1,50,12.2,6.0,30.7,4.0
2024-12-28T19:00,25.0,0.0,0.07,56,11.5,0.0,0.0,0.0
2024-12-28T20:00,23.9,0.0,0.05,64,10.7,0.0,0.0,0.0
2024-12-28T21:00,23.3,0.0,0.05,68,12.0,0.0,0.0,0.0
2024-12-28T22:00,22.7,0.0,0.04,71,10.5,0.0,0.0,0.0
2024-12-28T23:00,22.2,0.0,0.03,73,9.7,0.0,0.0,0.0
2024-12-29T00:00,21.7,0.0,0.03,74,10.4,0.0,0.0,0.0
2024-12-29T01:00,20.9,0.0,0.03,78,9.9,0.0,0.0,0.0
2024-12-29T02:00,20.2,0.0,0.0,80,0.8,0.0,0.0,0.0
2024-12-29T03:00,19.8,0.0,0.02,84,8.9,0.0,0.0,0.0
2024-12-29T04:00,19.5,0.0,0.0,86,3.3,0.0,0.0,0.0
2024-12-29T05:00,18.7,0.0,0.0,90,3.8,0.0,0.0,0.0
2024-12-29T06:00,19.0,0.0,0.0,87,1.9,0.0,0.0,0.0
2024-12-29T07:00,19.4,0.0,0.01,84,5.5,14.0,61.8,9.0
2024-12-29T08:00,21.7,0.0,0.1,73,7.1,153.0,412.6,61.0
2024-12-29T09:00,23.8,0.0,0.24,66,9.7,351.0,613.1,95.0
2024-12-29T10:00,25.7,0.0,0.38,56,11.2,530.0,725.0,113.0
2024-12-29T11:00,27.2,0.0,0.48,48,9.3,656.0,780.7,121.0
2024-12-29T12:00,28.1,0.0,0.51,44,8.3,678.0,714.7,149.0
2024-12-29T13:00,29.0,0.0,0.52,40,7.6,687.0,741.6,141.0
2024-12-29T14:00,29.5,0.0,0.47,38,7.1,606.0,694.7,138.0
2024-12-29T15:00,29.5,0.0,0.39,36,6.5,501.0,702.2,110.0
2024-12-29T16:00,29.0,0.0,0.25,36,5.0,315.0,561.5,94.0
2024-12-29T17:00,27.7,0.0,0.1,40,3.1,119.0,322.9,56.0
2024-12-29T18:00,26.2,0.0,0.04,46,3.6,6.0,30.2,4.0
2024-12-29T19:00,25.6,0.0,0.01,50,2.8,0.0,0.0,0.0
2024-12-29T20:00,24.8,0.0,0.06,51,9.2,0.0,0.0,0.0
2024-12-29T21:00,23.8,0.0,0.04,56,7.6,0.0,0.0,0.0
2024-12-29T22:00,22.1,0.0,0.02,63,5.1,0.0,0.0,0.0
2024-12-29T23:00,21.4,0.0,0.02,67,4.7,0.0,0.0,0.0
2024-12-30T00:00,21.6,0.0,0.03,64,7.4,0.0,0.0,0.0
2024-12-30T01:00,20.9,0.0,0.03,66,7.8,0.0,0.0,0.0
2024-12-30T02:00,20.1,0.0,0.03,70,7.8,0.0,0.0,0.0
2024-12-30T03:00,19.7,0.0,0.02,74,7.8,0.0,0.0,0.0
2024-12-30T04:00,19.1,0.0,0.02,78,7.3,0.0,0.0,0.0
2024-12-30T05:00,18.6,0.0,0.01,82,6.3,0.0,0.0,0.0
2024-12-30T06:00,18.4,0.0,0.0,85,4.3,0.0,0.0,0.0
2024-12-30T07:00,18.7,0.0,0.01,84,5.2,14.0,62.3,9.0
2024-12-30T08:00,21.0,0.0,0.09,74,3.5,157.0,437.4,60.0
2024-12-30T09:00,23.7,0.0,0.24,62,5.5,360.0,648.0,90.0
2024-12-30T10:00,26.2,0.0,0.39,49,8.3,543.0,760.3,106.0
2024-12-30T11:00,27.8,0.0,0.5,41,8.3,676.0,818.6,115.0
2024-12-30T12:00,28.8,0.0,0.55,38,6.5,744.0,843.8,119.0
2024-12-30T13:00,29.4,0.0,0.55,35,4.6,740.0,843.7,118.0
2024-12-30T14:00,29.8,0.0,0.48,33,3.4,664.0,816.1,113.0
2024-12-30T15:00,29.8,0.0,0.37,33,2.5,525.0,758.9,101.0
2024-12-30T16:00,29.5,0.0,0.23,34,2.2,332.0,609.0,91.0
2024-12-30T17:00,28.1,0.0,0.1,40,3.3,128.0,364.8,56.0
2024-12-30T18:00,26.8,0.0,0.11,41,11.4,7.0,29.7,5.0
2024-12-30T19:00,25.2,0.0,0.1,52,14.3,0.0,0.0,0.0
2024-12-30T20:00,24.2,0.0,0.07,58,11.2,0.0,0.0,0.0
2024-12-30T21:00,23.2,0.0,0.03,61,6.8,0.0,0.0,0.0
2024-12-30T22:00,22.6,0.0,0.03,61,6.0,0.0,0.0,0.0
2024-12-30T23:00,21.8,0.0,0.02,63,4.8,0.0,0.0,0.0
2024-12-31T00:00,22.6,0.0,0.03,60,6.9,0.0,0.0,0.0
2024-12-31T01:00,22.2,0.0,0.04,61,8.6,0.0,0.0,0.0
2024-12-31T02:00,20.9,0.0,0.04,67,8.8,0.0,0.0,0.0
2024-12-31T03:00,19.9,0.0,0.02,72,6.3,0.0,0.0,0.0
2024-12-31T04:00,18.9,0.0,0.01,78,4.4,0.0,0.0,0.0
2024-12-31T05:00,18.5,0.0,0.0,80,3.3,0.0,0.0,0.0
2024-12-31T06:00,18.3,0.0,0.01,81,5.2,0.0,0.0,0.0
2024-12-31T07:00,18.8,0.0,0.02,78,8.0,14.0,62.8,9.0
2024-12-31T08:00,21.6,0.0,0.11,65,7.3,156.0,439.7,59.0
2024-12-31T09:00,24.4,0.0,0.26,54,8.9,359.0,646.9,90.0
2024-12-31T10:00,26.4,0.0,0.4,47,9.8,542.0,755.6,108.0
2024-12-31T11:00,27.7,0.0,0.5,42,8.0,675.0,815.6,116.0
2024-12-31T12:00,28.5,0.0,0.55,39,6.7,743.0,840.4,120.0
2024-12-31T13:00,29.1,0.0,0.55,38,6.0,738.0,831.5,124.0
2024-12-31T14:00,29.6,0.0,0.51,37,7.0,663.0,806.8,117.0
2024-12-31T15:00,29.4,0.0,0.43,37,10.3,522.0,738.5,108.0
2024-12-31T16:00,28.5,0.0,0.32,38,12.6,336.0,620.8,89.0
2024-12-31T17:00,27.5,0.0,0.14,39,6.9,130.0,360.6,58.0
2024-12-31T18:00,26.3,0.0,0.07,42,7.6,8.0,29.2,6.0
2024-12-31T19:00,24.7,0.0,0.07,48,10.2,0.0,0.0,0.0
2024-12-31T20:00,23.5,0.0,0.05,54,7.8,0.0,0.0,0.0
2024-12-31T21:00,22.7,0.0,0.03,56,6.5,0.0,0.0,0.0
2024-12-31T22:00,21.6,0.0,0.02,61,5.3,0.0,0.0,0.0
2024-12-31T23:00,21.0,0.0,0.01,64,3.3,0.0,0.0,0.0
